date,mode,system,trips
2022-01-01,bus_rkl,bus,84122
2022-01-02,bus_rkl,bus,77263
2022-01-03,bus_rkl,bus,114263
2022-01-04,bus_rkl,bus,113677
2022-01-05,bus_rkl,bus,116090
2022-01-06,bus_rkl,bus,116291
2022-01-07,bus_rkl,bus,116071
2022-01-08,bus_rkl,bus,88331
2022-01-09,bus_rkl,bus,85326
2022-01-10,bus_rkl,bus,130355
2022-01-11,bus_rkl,bus,130246
2022-01-12,bus_rkl,bus,129869
2022-01-13,bus_rkl,bus,127868
2022-01-14,bus_rkl,bus,124258
2022-01-15,bus_rkl,bus,88800
2022-01-16,bus_rkl,bus,82243
2022-01-17,bus_rkl,bus,126147
2022-01-18,bus_rkl,bus,79529
2022-01-19,bus_rkl,bus,129872
2022-01-20,bus_rkl,bus,128251
2022-01-21,bus_rkl,bus,127255
2022-01-22,bus_rkl,bus,82953
2022-01-23,bus_rkl,bus,77638
2022-01-24,bus_rkl,bus,127207
2022-01-25,bus_rkl,bus,129593
2022-01-26,bus_rkl,bus,131006
2022-01-27,bus_rkl,bus,127527
2022-01-28,bus_rkl,bus,125193
2022-01-29,bus_rkl,bus,85910
2022-01-30,bus_rkl,bus,79326
2022-01-31,bus_rkl,bus,98153
2022-02-01,bus_rkl,bus,81030
2022-02-02,bus_rkl,bus,77435
2022-02-03,bus_rkl,bus,89517
2022-02-04,bus_rkl,bus,97558
2022-02-05,bus_rkl,bus,78688
2022-02-06,bus_rkl,bus,74779
2022-02-07,bus_rkl,bus,121196
2022-02-08,bus_rkl,bus,120653
2022-02-09,bus_rkl,bus,119200
2022-02-10,bus_rkl,bus,113787
2022-02-11,bus_rkl,bus,116506
2022-02-12,bus_rkl,bus,82696
2022-02-13,bus_rkl,bus,77526
2022-02-14,bus_rkl,bus,118866
2022-02-15,bus_rkl,bus,118056
2022-02-16,bus_rkl,bus,118961
2022-02-17,bus_rkl,bus,115121
2022-02-18,bus_rkl,bus,111000
2022-02-19,bus_rkl,bus,81498
2022-02-20,bus_rkl,bus,72737
2022-02-21,bus_rkl,bus,111795
2022-02-22,bus_rkl,bus,110744
2022-02-23,bus_rkl,bus,111049
2022-02-24,bus_rkl,bus,105406
2022-02-25,bus_rkl,bus,106020
2022-02-26,bus_rkl,bus,78454
2022-02-27,bus_rkl,bus,71611
2022-02-28,bus_rkl,bus,107794
2022-03-01,bus_rkl,bus,107943
2022-03-02,bus_rkl,bus,109646
2022-03-03,bus_rkl,bus,108059
2022-03-04,bus_rkl,bus,103327
2022-03-05,bus_rkl,bus,77799
2022-03-06,bus_rkl,bus,79650
2022-03-07,bus_rkl,bus,109099
2022-03-08,bus_rkl,bus,106859
2022-03-09,bus_rkl,bus,111948
2022-03-10,bus_rkl,bus,110328
2022-03-11,bus_rkl,bus,107362
2022-03-12,bus_rkl,bus,80957
2022-03-13,bus_rkl,bus,78182
2022-03-14,bus_rkl,bus,109574
2022-03-15,bus_rkl,bus,110761
2022-03-16,bus_rkl,bus,111405
2022-03-17,bus_rkl,bus,110085
2022-03-18,bus_rkl,bus,109772
2022-03-19,bus_rkl,bus,84786
2022-03-20,bus_rkl,bus,79729
2022-03-21,bus_rkl,bus,113205
2022-03-22,bus_rkl,bus,110578
2022-03-23,bus_rkl,bus,115027
2022-03-24,bus_rkl,bus,111113
2022-03-25,bus_rkl,bus,112867
2022-03-26,bus_rkl,bus,87936
2022-03-27,bus_rkl,bus,83529
2022-03-28,bus_rkl,bus,114689
2022-03-29,bus_rkl,bus,115893
2022-03-30,bus_rkl,bus,117810
2022-03-31,bus_rkl,bus,116168
2022-04-01,bus_rkl,bus,126300
2022-04-02,bus_rkl,bus,96739
2022-04-03,bus_rkl,bus,71676
2022-04-04,bus_rkl,bus,123224
2022-04-05,bus_rkl,bus,122890
2022-04-06,bus_rkl,bus,126162
2022-04-07,bus_rkl,bus,124169
2022-04-08,bus_rkl,bus,124755
2022-04-09,bus_rkl,bus,82846
2022-04-10,bus_rkl,bus,81465
2022-04-11,bus_rkl,bus,128486
2022-04-12,bus_rkl,bus,129206
2022-04-13,bus_rkl,bus,130106
2022-04-14,bus_rkl,bus,129392
2022-04-15,bus_rkl,bus,128674
2022-04-16,bus_rkl,bus,87684
2022-04-17,bus_rkl,bus,80826
2022-04-18,bus_rkl,bus,127115
2022-04-19,bus_rkl,bus,79011
2022-04-20,bus_rkl,bus,135294
2022-04-21,bus_rkl,bus,132826
2022-04-22,bus_rkl,bus,132238
2022-04-23,bus_rkl,bus,94147
2022-04-24,bus_rkl,bus,85996
2022-04-25,bus_rkl,bus,130628
2022-04-26,bus_rkl,bus,135692
2022-04-27,bus_rkl,bus,136850
2022-04-28,bus_rkl,bus,134917
2022-04-29,bus_rkl,bus,131587
2022-04-30,bus_rkl,bus,91828
2022-05-01,bus_rkl,bus,96847
2022-05-02,bus_rkl,bus,79871
2022-05-03,bus_rkl,bus,98664
2022-05-04,bus_rkl,bus,84201
2022-05-05,bus_rkl,bus,96880
2022-05-06,bus_rkl,bus,95905
2022-05-07,bus_rkl,bus,84595
2022-05-08,bus_rkl,bus,86814
2022-05-09,bus_rkl,bus,137333
2022-05-10,bus_rkl,bus,140629
2022-05-11,bus_rkl,bus,143470
2022-05-12,bus_rkl,bus,142006
2022-05-13,bus_rkl,bus,143732
2022-05-14,bus_rkl,bus,105644
2022-05-15,bus_rkl,bus,103513
2022-05-16,bus_rkl,bus,87068
2022-05-17,bus_rkl,bus,146452
2022-05-18,bus_rkl,bus,146927
2022-05-19,bus_rkl,bus,146118
2022-05-20,bus_rkl,bus,147875
2022-05-21,bus_rkl,bus,103323
2022-05-22,bus_rkl,bus,97012
2022-05-23,bus_rkl,bus,141537
2022-05-24,bus_rkl,bus,145055
2022-05-25,bus_rkl,bus,143109
2022-05-26,bus_rkl,bus,149077
2022-05-27,bus_rkl,bus,144467
2022-05-28,bus_rkl,bus,105371
2022-05-29,bus_rkl,bus,94826
2022-05-30,bus_rkl,bus,143095
2022-05-31,bus_rkl,bus,146311
2022-06-01,bus_rkl,bus,148580
2022-06-02,bus_rkl,bus,146439
2022-06-03,bus_rkl,bus,145068
2022-06-04,bus_rkl,bus,101281
2022-06-05,bus_rkl,bus,100432
2022-06-06,bus_rkl,bus,94346
2022-06-07,bus_rkl,bus,136972
2022-06-08,bus_rkl,bus,141567
2022-06-09,bus_rkl,bus,137711
2022-06-10,bus_rkl,bus,135430
2022-06-11,bus_rkl,bus,101034
2022-06-12,bus_rkl,bus,99106
2022-06-13,bus_rkl,bus,145221
2022-06-14,bus_rkl,bus,147964
2022-06-15,bus_rkl,bus,149732
2022-06-16,bus_rkl,bus,146979
2022-06-17,bus_rkl,bus,147963
2022-06-18,bus_rkl,bus,112408
2022-06-19,bus_rkl,bus,108392
2022-06-20,bus_rkl,bus,153258
2022-06-21,bus_rkl,bus,157936
2022-06-22,bus_rkl,bus,156092
2022-06-23,bus_rkl,bus,159591
2022-06-24,bus_rkl,bus,153781
2022-06-25,bus_rkl,bus,124786
2022-06-26,bus_rkl,bus,113994
2022-06-27,bus_rkl,bus,157853
2022-06-28,bus_rkl,bus,159952
2022-06-29,bus_rkl,bus,162878
2022-06-30,bus_rkl,bus,163265
2022-07-01,bus_rkl,bus,163660
2022-07-02,bus_rkl,bus,122723
2022-07-03,bus_rkl,bus,117619
2022-07-04,bus_rkl,bus,163613
2022-07-05,bus_rkl,bus,166965
2022-07-06,bus_rkl,bus,166701
2022-07-07,bus_rkl,bus,165100
2022-07-08,bus_rkl,bus,162960
2022-07-09,bus_rkl,bus,119217
2022-07-10,bus_rkl,bus,104970
2022-07-11,bus_rkl,bus,111407
2022-07-12,bus_rkl,bus,145227
2022-07-13,bus_rkl,bus,162621
2022-07-14,bus_rkl,bus,161730
2022-07-15,bus_rkl,bus,162897
2022-07-16,bus_rkl,bus,108186
2022-07-17,bus_rkl,bus,94383
2022-07-18,bus_rkl,bus,148643
2022-07-19,bus_rkl,bus,153331
2022-07-20,bus_rkl,bus,155305
2022-07-21,bus_rkl,bus,150936
2022-07-22,bus_rkl,bus,148668
2022-07-23,bus_rkl,bus,102632
2022-07-24,bus_rkl,bus,90814
2022-07-25,bus_rkl,bus,148219
2022-07-26,bus_rkl,bus,153655
2022-07-27,bus_rkl,bus,151364
2022-07-28,bus_rkl,bus,150141
2022-07-29,bus_rkl,bus,151703
2022-07-30,bus_rkl,bus,99321
2022-07-31,bus_rkl,bus,95248
2022-08-01,bus_rkl,bus,152815
2022-08-02,bus_rkl,bus,153731
2022-08-03,bus_rkl,bus,153964
2022-08-04,bus_rkl,bus,164281
2022-08-05,bus_rkl,bus,167574
2022-08-06,bus_rkl,bus,139339
2022-08-07,bus_rkl,bus,136749
2022-08-08,bus_rkl,bus,175094
2022-08-09,bus_rkl,bus,175026
2022-08-10,bus_rkl,bus,181132
2022-08-11,bus_rkl,bus,175472
2022-08-12,bus_rkl,bus,174008
2022-08-13,bus_rkl,bus,143937
2022-08-14,bus_rkl,bus,149191
2022-08-15,bus_rkl,bus,154172
2022-08-16,bus_rkl,bus,158185
2022-08-17,bus_rkl,bus,158027
2022-08-18,bus_rkl,bus,159143
2022-08-19,bus_rkl,bus,156225
2022-08-20,bus_rkl,bus,102122
2022-08-21,bus_rkl,bus,97039
2022-08-22,bus_rkl,bus,154176
2022-08-23,bus_rkl,bus,156776
2022-08-24,bus_rkl,bus,159155
2022-08-25,bus_rkl,bus,157386
2022-08-26,bus_rkl,bus,155734
2022-08-27,bus_rkl,bus,104078
2022-08-28,bus_rkl,bus,94974
2022-08-29,bus_rkl,bus,152677
2022-08-30,bus_rkl,bus,162623
2022-08-31,bus_rkl,bus,108145
2022-09-01,bus_rkl,bus,156342
2022-09-02,bus_rkl,bus,154336
2022-09-03,bus_rkl,bus,104847
2022-09-04,bus_rkl,bus,95697
2022-09-05,bus_rkl,bus,148134
2022-09-06,bus_rkl,bus,151413
2022-09-07,bus_rkl,bus,156190
2022-09-08,bus_rkl,bus,154151
2022-09-09,bus_rkl,bus,147284
2022-09-10,bus_rkl,bus,108422
2022-09-11,bus_rkl,bus,97127
2022-09-12,bus_rkl,bus,161406
2022-09-13,bus_rkl,bus,164234
2022-09-14,bus_rkl,bus,163093
2022-09-15,bus_rkl,bus,161704
2022-09-16,bus_rkl,bus,97927
2022-09-17,bus_rkl,bus,98618
2022-09-18,bus_rkl,bus,92421
2022-09-19,bus_rkl,bus,157155
2022-09-20,bus_rkl,bus,164167
2022-09-21,bus_rkl,bus,165383
2022-09-22,bus_rkl,bus,157157
2022-09-23,bus_rkl,bus,162999
2022-09-24,bus_rkl,bus,111449
2022-09-25,bus_rkl,bus,98984
2022-09-26,bus_rkl,bus,157759
2022-09-27,bus_rkl,bus,161096
2022-09-28,bus_rkl,bus,159663
2022-09-29,bus_rkl,bus,159477
2022-09-30,bus_rkl,bus,154976
2022-10-01,bus_rkl,bus,110411
2022-10-02,bus_rkl,bus,104129
2022-10-03,bus_rkl,bus,160316
2022-10-04,bus_rkl,bus,162678
2022-10-05,bus_rkl,bus,165891
2022-10-06,bus_rkl,bus,163242
2022-10-07,bus_rkl,bus,157520
2022-10-08,bus_rkl,bus,108749
2022-10-09,bus_rkl,bus,104833
2022-10-10,bus_rkl,bus,92558
2022-10-11,bus_rkl,bus,159211
2022-10-12,bus_rkl,bus,157163
2022-10-13,bus_rkl,bus,164469
2022-10-14,bus_rkl,bus,161509
2022-10-15,bus_rkl,bus,108297
2022-10-16,bus_rkl,bus,104336
2022-10-17,bus_rkl,bus,166737
2022-10-18,bus_rkl,bus,169874
2022-10-19,bus_rkl,bus,173014
2022-10-20,bus_rkl,bus,170666
2022-10-21,bus_rkl,bus,165813
2022-10-22,bus_rkl,bus,121614
2022-10-23,bus_rkl,bus,125646
2022-10-24,bus_rkl,bus,92440
2022-10-25,bus_rkl,bus,139610
2022-10-26,bus_rkl,bus,144000
2022-10-27,bus_rkl,bus,154173
2022-10-28,bus_rkl,bus,153897
2022-10-29,bus_rkl,bus,106514
2022-10-30,bus_rkl,bus,96044
2022-10-31,bus_rkl,bus,156866
2022-11-01,bus_rkl,bus,167117
2022-11-02,bus_rkl,bus,165692
2022-11-03,bus_rkl,bus,165775
2022-11-04,bus_rkl,bus,162071
2022-11-05,bus_rkl,bus,113270
2022-11-06,bus_rkl,bus,101983
2022-11-07,bus_rkl,bus,166136
2022-11-08,bus_rkl,bus,181619
2022-11-09,bus_rkl,bus,198386
2022-11-10,bus_rkl,bus,182425
2022-11-11,bus_rkl,bus,177750
2022-11-12,bus_rkl,bus,128544
2022-11-13,bus_rkl,bus,117756
2022-11-14,bus_rkl,bus,156327
2022-11-15,bus_rkl,bus,161492
2022-11-16,bus_rkl,bus,165820
2022-11-17,bus_rkl,bus,148950
2022-11-18,bus_rkl,bus,88341
2022-11-19,bus_rkl,bus,78819
2022-11-20,bus_rkl,bus,85823
2022-11-21,bus_rkl,bus,141794
2022-11-22,bus_rkl,bus,164226
2022-11-23,bus_rkl,bus,168849
2022-11-24,bus_rkl,bus,165408
2022-11-25,bus_rkl,bus,163286
2022-11-26,bus_rkl,bus,110856
2022-11-27,bus_rkl,bus,99087
2022-11-28,bus_rkl,bus,92051
2022-11-29,bus_rkl,bus,162780
2022-11-30,bus_rkl,bus,164356
2022-12-01,bus_rkl,bus,167838
2022-12-02,bus_rkl,bus,164212
2022-12-03,bus_rkl,bus,117360
2022-12-04,bus_rkl,bus,106044
2022-12-05,bus_rkl,bus,159807
2022-12-06,bus_rkl,bus,162110
2022-12-07,bus_rkl,bus,163330
2022-12-08,bus_rkl,bus,161106
2022-12-09,bus_rkl,bus,158311
2022-12-10,bus_rkl,bus,109897
2022-12-11,bus_rkl,bus,106768
2022-12-12,bus_rkl,bus,129003
2022-12-13,bus_rkl,bus,157266
2022-12-14,bus_rkl,bus,157802
2022-12-15,bus_rkl,bus,154653
2022-12-16,bus_rkl,bus,151766
2022-12-17,bus_rkl,bus,116112
2022-12-18,bus_rkl,bus,107543
2022-12-19,bus_rkl,bus,149185
2022-12-20,bus_rkl,bus,153212
2022-12-21,bus_rkl,bus,150245
2022-12-22,bus_rkl,bus,146094
2022-12-23,bus_rkl,bus,144021
2022-12-24,bus_rkl,bus,111275
2022-12-25,bus_rkl,bus,109099
2022-12-26,bus_rkl,bus,92158
2022-12-27,bus_rkl,bus,138600
2022-12-28,bus_rkl,bus,137885
2022-12-29,bus_rkl,bus,135248
2022-12-30,bus_rkl,bus,136258
2022-12-31,bus_rkl,bus,112171
2023-01-01,bus_rkl,bus,109680
2023-01-02,bus_rkl,bus,89423
2023-01-03,bus_rkl,bus,161321
2023-01-04,bus_rkl,bus,164569
2023-01-05,bus_rkl,bus,163969
2023-01-06,bus_rkl,bus,160521
2023-01-07,bus_rkl,bus,110805
2023-01-08,bus_rkl,bus,102237
2023-01-09,bus_rkl,bus,166954
2023-01-10,bus_rkl,bus,168101
2023-01-11,bus_rkl,bus,172765
2023-01-12,bus_rkl,bus,171179
2023-01-13,bus_rkl,bus,167799
2023-01-14,bus_rkl,bus,112705
2023-01-15,bus_rkl,bus,103090
2023-01-16,bus_rkl,bus,165686
2023-01-17,bus_rkl,bus,173241
2023-01-18,bus_rkl,bus,173751
2023-01-19,bus_rkl,bus,168036
2023-01-20,bus_rkl,bus,144453
2023-01-21,bus_rkl,bus,96859
2023-01-22,bus_rkl,bus,104505
2023-01-23,bus_rkl,bus,97440
2023-01-24,bus_rkl,bus,84648
2023-01-25,bus_rkl,bus,133270
2023-01-26,bus_rkl,bus,137510
2023-01-27,bus_rkl,bus,153717
2023-01-28,bus_rkl,bus,109015
2023-01-29,bus_rkl,bus,106072
2023-01-30,bus_rkl,bus,172258
2023-01-31,bus_rkl,bus,178052
2023-02-01,bus_rkl,bus,139181
2023-02-02,bus_rkl,bus,179393
2023-02-03,bus_rkl,bus,176499
2023-02-04,bus_rkl,bus,121018
2023-02-05,bus_rkl,bus,120867
2023-02-06,bus_rkl,bus,94862
2023-02-07,bus_rkl,bus,184988
2023-02-08,bus_rkl,bus,183575
2023-02-09,bus_rkl,bus,178858
2023-02-10,bus_rkl,bus,178998
2023-02-11,bus_rkl,bus,121305
2023-02-12,bus_rkl,bus,116140
2023-02-13,bus_rkl,bus,182782
2023-02-14,bus_rkl,bus,183068
2023-02-15,bus_rkl,bus,186724
2023-02-16,bus_rkl,bus,184816
2023-02-17,bus_rkl,bus,179370
2023-02-18,bus_rkl,bus,121034
2023-02-19,bus_rkl,bus,111871
2023-02-20,bus_rkl,bus,177306
2023-02-21,bus_rkl,bus,181127
2023-02-22,bus_rkl,bus,182390
2023-02-23,bus_rkl,bus,176518
2023-02-24,bus_rkl,bus,173248
2023-02-25,bus_rkl,bus,126652
2023-02-26,bus_rkl,bus,114027
2023-02-27,bus_rkl,bus,172898
2023-02-28,bus_rkl,bus,180671
2023-03-01,bus_rkl,bus,180397
2023-03-02,bus_rkl,bus,180101
2023-03-03,bus_rkl,bus,177867
2023-03-04,bus_rkl,bus,136167
2023-03-05,bus_rkl,bus,129317
2023-03-06,bus_rkl,bus,186645
2023-03-07,bus_rkl,bus,190344
2023-03-08,bus_rkl,bus,193562
2023-03-09,bus_rkl,bus,190595
2023-03-10,bus_rkl,bus,195986
2023-03-11,bus_rkl,bus,148973
2023-03-12,bus_rkl,bus,148461
2023-03-13,bus_rkl,bus,192761
2023-03-14,bus_rkl,bus,207048
2023-03-15,bus_rkl,bus,216954
2023-03-16,bus_rkl,bus,212755
2023-03-17,bus_rkl,bus,211913
2023-03-18,bus_rkl,bus,160273
2023-03-19,bus_rkl,bus,150784
2023-03-20,bus_rkl,bus,213501
2023-03-21,bus_rkl,bus,219439
2023-03-22,bus_rkl,bus,220313
2023-03-23,bus_rkl,bus,200430
2023-03-24,bus_rkl,bus,202844
2023-03-25,bus_rkl,bus,134825
2023-03-26,bus_rkl,bus,128386
2023-03-27,bus_rkl,bus,201274
2023-03-28,bus_rkl,bus,204655
2023-03-29,bus_rkl,bus,206476
2023-03-30,bus_rkl,bus,205175
2023-03-31,bus_rkl,bus,201358
2023-04-01,bus_rkl,bus,136300
2023-04-02,bus_rkl,bus,126548
2023-04-03,bus_rkl,bus,204594
2023-04-04,bus_rkl,bus,208187
2023-04-05,bus_rkl,bus,207509
2023-04-06,bus_rkl,bus,212113
2023-04-07,bus_rkl,bus,203161
2023-04-08,bus_rkl,bus,138993
2023-04-09,bus_rkl,bus,144525
2023-04-10,bus_rkl,bus,208812
2023-04-11,bus_rkl,bus,210281
2023-04-12,bus_rkl,bus,209875
2023-04-13,bus_rkl,bus,205868
2023-04-14,bus_rkl,bus,203050
2023-04-15,bus_rkl,bus,144184
2023-04-16,bus_rkl,bus,138990
2023-04-17,bus_rkl,bus,200866
2023-04-18,bus_rkl,bus,201134
2023-04-19,bus_rkl,bus,192783
2023-04-20,bus_rkl,bus,171378
2023-04-21,bus_rkl,bus,120669
2023-04-22,bus_rkl,bus,116146
2023-04-23,bus_rkl,bus,134364
2023-04-24,bus_rkl,bus,111285
2023-04-25,bus_rkl,bus,143253
2023-04-26,bus_rkl,bus,156731
2023-04-27,bus_rkl,bus,160170
2023-04-28,bus_rkl,bus,161522
2023-04-29,bus_rkl,bus,127721
2023-04-30,bus_rkl,bus,124780
2023-05-01,bus_rkl,bus,123148
2023-05-02,bus_rkl,bus,201811
2023-05-03,bus_rkl,bus,199927
2023-05-04,bus_rkl,bus,125864
2023-05-05,bus_rkl,bus,190776
2023-05-06,bus_rkl,bus,138148
2023-05-07,bus_rkl,bus,135767
2023-05-08,bus_rkl,bus,203789
2023-05-09,bus_rkl,bus,202860
2023-05-10,bus_rkl,bus,209184
2023-05-11,bus_rkl,bus,205245
2023-05-12,bus_rkl,bus,197076
2023-05-13,bus_rkl,bus,139298
2023-05-14,bus_rkl,bus,131677
2023-05-15,bus_rkl,bus,192758
2023-05-16,bus_rkl,bus,198282
2023-05-17,bus_rkl,bus,196528
2023-05-18,bus_rkl,bus,197657
2023-05-19,bus_rkl,bus,193650
2023-05-20,bus_rkl,bus,137660
2023-05-21,bus_rkl,bus,128187
2023-05-22,bus_rkl,bus,192848
2023-05-23,bus_rkl,bus,192716
2023-05-24,bus_rkl,bus,195625
2023-05-25,bus_rkl,bus,190973
2023-05-26,bus_rkl,bus,192074
2023-05-27,bus_rkl,bus,143327
2023-05-28,bus_rkl,bus,133262
2023-05-29,bus_rkl,bus,185086
2023-05-30,bus_rkl,bus,185984
2023-05-31,bus_rkl,bus,187801
2023-06-01,bus_rkl,bus,191417
2023-06-02,bus_rkl,bus,187215
2023-06-03,bus_rkl,bus,146319
2023-06-04,bus_rkl,bus,139375
2023-06-05,bus_rkl,bus,119743
2023-06-06,bus_rkl,bus,194997
2023-06-07,bus_rkl,bus,197269
2023-06-08,bus_rkl,bus,200283
2023-06-09,bus_rkl,bus,192899
2023-06-10,bus_rkl,bus,140908
2023-06-11,bus_rkl,bus,135585
2023-06-12,bus_rkl,bus,191321
2023-06-13,bus_rkl,bus,195416
2023-06-14,bus_rkl,bus,193067
2023-06-15,bus_rkl,bus,194765
2023-06-16,bus_rkl,bus,191655
2023-06-17,bus_rkl,bus,137680
2023-06-18,bus_rkl,bus,131905
2023-06-19,bus_rkl,bus,191821
2023-06-20,bus_rkl,bus,196564
2023-06-21,bus_rkl,bus,195847
2023-06-22,bus_rkl,bus,192741
2023-06-23,bus_rkl,bus,189606
2023-06-24,bus_rkl,bus,138923
2023-06-25,bus_rkl,bus,128570
2023-06-26,bus_rkl,bus,192376
2023-06-27,bus_rkl,bus,194015
2023-06-28,bus_rkl,bus,186034
2023-06-29,bus_rkl,bus,120029
2023-06-30,bus_rkl,bus,153478
2023-07-01,bus_rkl,bus,128305
2023-07-02,bus_rkl,bus,118145
2023-07-03,bus_rkl,bus,188088
2023-07-04,bus_rkl,bus,194934
2023-07-05,bus_rkl,bus,199127
2023-07-06,bus_rkl,bus,196853
2023-07-07,bus_rkl,bus,196656
2023-07-08,bus_rkl,bus,142638
2023-07-09,bus_rkl,bus,137140
2023-07-10,bus_rkl,bus,196578
2023-07-11,bus_rkl,bus,196700
2023-07-12,bus_rkl,bus,200799
2023-07-13,bus_rkl,bus,199948
2023-07-14,bus_rkl,bus,198668
2023-07-15,bus_rkl,bus,143105
2023-07-16,bus_rkl,bus,130419
2023-07-17,bus_rkl,bus,197741
2023-07-18,bus_rkl,bus,199624
2023-07-19,bus_rkl,bus,119472
2023-07-20,bus_rkl,bus,196479
2023-07-21,bus_rkl,bus,193719
2023-07-22,bus_rkl,bus,132163
2023-07-23,bus_rkl,bus,122972
2023-07-24,bus_rkl,bus,196330
2023-07-25,bus_rkl,bus,200568
2023-07-26,bus_rkl,bus,203792
2023-07-27,bus_rkl,bus,202092
2023-07-28,bus_rkl,bus,199518
2023-07-29,bus_rkl,bus,140177
2023-07-30,bus_rkl,bus,129437
2023-07-31,bus_rkl,bus,197387
2023-08-01,bus_rkl,bus,202133
2023-08-02,bus_rkl,bus,205241
2023-08-03,bus_rkl,bus,201989
2023-08-04,bus_rkl,bus,197636
2023-08-05,bus_rkl,bus,142951
2023-08-06,bus_rkl,bus,133681
2023-08-07,bus_rkl,bus,200860
2023-08-08,bus_rkl,bus,202226
2023-08-09,bus_rkl,bus,204057
2023-08-10,bus_rkl,bus,204360
2023-08-11,bus_rkl,bus,191068
2023-08-12,bus_rkl,bus,129668
2023-08-13,bus_rkl,bus,133979
2023-08-14,bus_rkl,bus,167291
2023-08-15,bus_rkl,bus,206492
2023-08-16,bus_rkl,bus,205882
2023-08-17,bus_rkl,bus,202219
2023-08-18,bus_rkl,bus,198405
2023-08-19,bus_rkl,bus,140247
2023-08-20,bus_rkl,bus,132638
2023-08-21,bus_rkl,bus,198871
2023-08-22,bus_rkl,bus,202943
2023-08-23,bus_rkl,bus,208820
2023-08-24,bus_rkl,bus,201440
2023-08-25,bus_rkl,bus,202975
2023-08-26,bus_rkl,bus,145581
2023-08-27,bus_rkl,bus,132263
2023-08-28,bus_rkl,bus,187606
2023-08-29,bus_rkl,bus,189310
2023-08-30,bus_rkl,bus,200549
2023-08-31,bus_rkl,bus,195968
2023-09-01,bus_rkl,bus,181010
2023-09-02,bus_rkl,bus,145088
2023-09-03,bus_rkl,bus,137382
2023-09-04,bus_rkl,bus,198463
2023-09-05,bus_rkl,bus,207170
2023-09-06,bus_rkl,bus,206791
2023-09-07,bus_rkl,bus,206995
2023-09-08,bus_rkl,bus,203138
2023-09-09,bus_rkl,bus,147384
2023-09-10,bus_rkl,bus,142452
2023-09-11,bus_rkl,bus,205586
2023-09-12,bus_rkl,bus,213383
2023-09-13,bus_rkl,bus,213494
2023-09-14,bus_rkl,bus,208610
2023-09-15,bus_rkl,bus,206781
2023-09-16,bus_rkl,bus,142726
2023-09-17,bus_rkl,bus,131004
2023-09-18,bus_rkl,bus,207880
2023-09-19,bus_rkl,bus,213262
2023-09-20,bus_rkl,bus,213358
2023-09-21,bus_rkl,bus,211389
2023-09-22,bus_rkl,bus,202131
2023-09-23,bus_rkl,bus,143275
2023-09-24,bus_rkl,bus,134492
2023-09-25,bus_rkl,bus,205073
2023-09-26,bus_rkl,bus,212377
2023-09-27,bus_rkl,bus,215279
2023-09-28,bus_rkl,bus,129230
2023-09-29,bus_rkl,bus,189782
2023-09-30,bus_rkl,bus,136982
2023-10-01,bus_rkl,bus,132583
2023-10-02,bus_rkl,bus,197170
2023-10-03,bus_rkl,bus,214822
2023-10-04,bus_rkl,bus,215891
2023-10-05,bus_rkl,bus,216309
2023-10-06,bus_rkl,bus,210951
2023-10-07,bus_rkl,bus,152410
2023-10-08,bus_rkl,bus,150520
2023-10-09,bus_rkl,bus,215260
2023-10-10,bus_rkl,bus,214916
2023-10-11,bus_rkl,bus,218530
2023-10-12,bus_rkl,bus,218735
2023-10-13,bus_rkl,bus,217182
2023-10-14,bus_rkl,bus,152043
2023-10-15,bus_rkl,bus,142189
2023-10-16,bus_rkl,bus,216158
2023-10-17,bus_rkl,bus,218465
2023-10-18,bus_rkl,bus,223044
2023-10-19,bus_rkl,bus,218519
2023-10-20,bus_rkl,bus,214167
2023-10-21,bus_rkl,bus,147371
2023-10-22,bus_rkl,bus,141782
2023-10-23,bus_rkl,bus,214192
2023-10-24,bus_rkl,bus,220406
2023-10-25,bus_rkl,bus,222492
2023-10-26,bus_rkl,bus,220487
2023-10-27,bus_rkl,bus,215045
2023-10-28,bus_rkl,bus,153172
2023-10-29,bus_rkl,bus,137132
2023-10-30,bus_rkl,bus,211987
2023-10-31,bus_rkl,bus,217217
2023-11-01,bus_rkl,bus,222202
2023-11-02,bus_rkl,bus,220954
2023-11-03,bus_rkl,bus,215206
2023-11-04,bus_rkl,bus,155741
2023-11-05,bus_rkl,bus,147625
2023-11-06,bus_rkl,bus,217498
2023-11-07,bus_rkl,bus,221617
2023-11-08,bus_rkl,bus,228618
2023-11-09,bus_rkl,bus,228881
2023-11-10,bus_rkl,bus,219109
2023-11-11,bus_rkl,bus,171046
2023-11-12,bus_rkl,bus,189925
2023-11-13,bus_rkl,bus,132144
2023-11-14,bus_rkl,bus,193438
2023-11-15,bus_rkl,bus,210302
2023-11-16,bus_rkl,bus,213699
2023-11-17,bus_rkl,bus,209492
2023-11-18,bus_rkl,bus,153562
2023-11-19,bus_rkl,bus,144103
2023-11-20,bus_rkl,bus,220081
2023-11-21,bus_rkl,bus,225885
2023-11-22,bus_rkl,bus,222230
2023-11-23,bus_rkl,bus,222371
2023-11-24,bus_rkl,bus,224005
2023-11-25,bus_rkl,bus,152673
2023-11-26,bus_rkl,bus,148978
2023-11-27,bus_rkl,bus,218024
2023-11-28,bus_rkl,bus,220515
2023-11-29,bus_rkl,bus,224901
2023-11-30,bus_rkl,bus,220509
2023-12-01,bus_rkl,bus,218606
2023-12-02,bus_rkl,bus,154708
2023-12-03,bus_rkl,bus,150965
2023-12-04,bus_rkl,bus,216708
2023-12-05,bus_rkl,bus,219798
2023-12-06,bus_rkl,bus,222373
2023-12-07,bus_rkl,bus,221706
2023-12-08,bus_rkl,bus,226631
2023-12-09,bus_rkl,bus,162397
2023-12-10,bus_rkl,bus,156771
2023-12-11,bus_rkl,bus,185599
2023-12-12,bus_rkl,bus,218665
2023-12-13,bus_rkl,bus,223170
2023-12-14,bus_rkl,bus,220466
2023-12-15,bus_rkl,bus,216371
2023-12-16,bus_rkl,bus,157848
2023-12-17,bus_rkl,bus,155188
2023-12-18,bus_rkl,bus,208852
2023-12-19,bus_rkl,bus,208038
2023-12-20,bus_rkl,bus,211332
2023-12-21,bus_rkl,bus,202995
2023-12-22,bus_rkl,bus,198824
2023-12-23,bus_rkl,bus,151159
2023-12-24,bus_rkl,bus,144448
2023-12-25,bus_rkl,bus,129313
2023-12-26,bus_rkl,bus,180751
2023-12-27,bus_rkl,bus,187003
2023-12-28,bus_rkl,bus,184187
2023-12-29,bus_rkl,bus,181200
2023-12-30,bus_rkl,bus,141226
2023-12-31,bus_rkl,bus,147295
2024-01-01,bus_rkl,bus,136143
2024-01-02,bus_rkl,bus,211276
2024-01-03,bus_rkl,bus,216100
2024-01-04,bus_rkl,bus,216825
2024-01-05,bus_rkl,bus,213952
2024-01-06,bus_rkl,bus,150272
2024-01-07,bus_rkl,bus,137987
2024-01-08,bus_rkl,bus,218660
2024-01-09,bus_rkl,bus,220494
2024-01-10,bus_rkl,bus,223969
2024-01-11,bus_rkl,bus,222546
2024-01-12,bus_rkl,bus,221399
2024-01-13,bus_rkl,bus,155304
2024-01-14,bus_rkl,bus,145903
2024-01-15,bus_rkl,bus,218208
2024-01-16,bus_rkl,bus,222249
2024-01-17,bus_rkl,bus,227029
2024-01-18,bus_rkl,bus,222386
2024-01-19,bus_rkl,bus,222875
2024-01-20,bus_rkl,bus,157748
2024-01-21,bus_rkl,bus,146405
2024-01-22,bus_rkl,bus,217191
2024-01-23,bus_rkl,bus,217982
2024-01-24,bus_rkl,bus,231893
2024-01-25,bus_rkl,bus,148247
2024-01-26,bus_rkl,bus,204935
2024-01-27,bus_rkl,bus,151488
2024-01-28,bus_rkl,bus,141146
2024-01-29,bus_rkl,bus,219255
2024-01-30,bus_rkl,bus,218058
2024-01-31,bus_rkl,bus,226222
2024-02-01,bus_rkl,bus,176200
2024-02-02,bus_rkl,bus,221002
2024-02-03,bus_rkl,bus,162718
2024-02-04,bus_rkl,bus,149429
2024-02-05,bus_rkl,bus,222777
2024-02-06,bus_rkl,bus,227198
2024-02-07,bus_rkl,bus,231367
2024-02-08,bus_rkl,bus,213077
2024-02-09,bus_rkl,bus,185157
2024-02-10,bus_rkl,bus,168032
2024-02-11,bus_rkl,bus,164656
2024-02-12,bus_rkl,bus,140134
2024-02-13,bus_rkl,bus,188291
2024-02-14,bus_rkl,bus,197412
2024-02-15,bus_rkl,bus,200443
2024-02-16,bus_rkl,bus,204067
2024-02-17,bus_rkl,bus,143744
2024-02-18,bus_rkl,bus,137113
2024-02-19,bus_rkl,bus,209565
2024-02-20,bus_rkl,bus,211946
2024-02-21,bus_rkl,bus,215491
2024-02-22,bus_rkl,bus,211269
2024-02-23,bus_rkl,bus,209954
2024-02-24,bus_rkl,bus,156990
2024-02-25,bus_rkl,bus,146572
2024-02-26,bus_rkl,bus,212055
2024-02-27,bus_rkl,bus,216371
2024-02-28,bus_rkl,bus,219487
2024-02-29,bus_rkl,bus,216258
2024-03-01,bus_rkl,bus,215583
2024-03-02,bus_rkl,bus,165033
2024-03-03,bus_rkl,bus,161176
2024-03-04,bus_rkl,bus,219804
2024-03-05,bus_rkl,bus,224527
2024-03-06,bus_rkl,bus,225832
2024-03-07,bus_rkl,bus,227707
2024-03-08,bus_rkl,bus,225846
2024-03-09,bus_rkl,bus,168978
2024-03-10,bus_rkl,bus,168346
2024-03-11,bus_rkl,bus,237735
2024-03-12,bus_rkl,bus,221923
2024-03-13,bus_rkl,bus,224017
2024-03-14,bus_rkl,bus,223361
2024-03-15,bus_rkl,bus,217129
2024-03-16,bus_rkl,bus,146219
2024-03-17,bus_rkl,bus,138622
2024-03-18,bus_rkl,bus,222959
2024-03-19,bus_rkl,bus,222250
2024-03-20,bus_rkl,bus,225446
2024-03-21,bus_rkl,bus,221817
2024-03-22,bus_rkl,bus,223335
2024-03-23,bus_rkl,bus,153237
2024-03-24,bus_rkl,bus,145314
2024-03-25,bus_rkl,bus,216733
2024-03-26,bus_rkl,bus,219942
2024-03-27,bus_rkl,bus,224826
2024-03-28,bus_rkl,bus,137925
2024-03-29,bus_rkl,bus,205205
2024-03-30,bus_rkl,bus,139163
2024-03-31,bus_rkl,bus,134772
2024-04-01,bus_rkl,bus,213268
2024-04-02,bus_rkl,bus,215764
2024-04-03,bus_rkl,bus,219574
2024-04-04,bus_rkl,bus,215235
2024-04-05,bus_rkl,bus,214935
2024-04-06,bus_rkl,bus,164270
2024-04-07,bus_rkl,bus,146646
2024-04-08,bus_rkl,bus,179624
2024-04-09,bus_rkl,bus,175500
2024-04-10,bus_rkl,bus,141775
2024-04-11,bus_rkl,bus,145050
2024-04-12,bus_rkl,bus,157759
2024-04-13,bus_rkl,bus,134254
2024-04-14,bus_rkl,bus,131917
2024-04-15,bus_rkl,bus,207045
2024-04-16,bus_rkl,bus,215083
2024-04-17,bus_rkl,bus,214591
2024-04-18,bus_rkl,bus,216693
2024-04-19,bus_rkl,bus,214742
2024-04-20,bus_rkl,bus,156487
2024-04-21,bus_rkl,bus,149283
2024-04-22,bus_rkl,bus,222967
2024-04-23,bus_rkl,bus,226112
2024-04-24,bus_rkl,bus,226961
2024-04-25,bus_rkl,bus,223902
2024-04-26,bus_rkl,bus,221708
2024-04-27,bus_rkl,bus,156539
2024-04-28,bus_rkl,bus,149248
2024-04-29,bus_rkl,bus,222471
2024-04-30,bus_rkl,bus,230072
2024-05-01,bus_rkl,bus,145290
2024-05-02,bus_rkl,bus,227861
2024-05-03,bus_rkl,bus,222811
2024-05-04,bus_rkl,bus,159686
2024-05-05,bus_rkl,bus,152504
2024-05-06,bus_rkl,bus,228581
2024-05-07,bus_rkl,bus,231226
2024-05-08,bus_rkl,bus,239656
2024-05-09,bus_rkl,bus,231452
2024-05-10,bus_rkl,bus,227982
2024-05-11,bus_rkl,bus,158682
2024-05-12,bus_rkl,bus,162251
2024-05-13,bus_rkl,bus,227525
2024-05-14,bus_rkl,bus,232091
2024-05-15,bus_rkl,bus,233173
2024-05-16,bus_rkl,bus,229909
2024-05-17,bus_rkl,bus,230407
2024-05-18,bus_rkl,bus,159508
2024-05-19,bus_rkl,bus,154004
2024-05-20,bus_rkl,bus,226418
2024-05-21,bus_rkl,bus,230896
2024-05-22,bus_rkl,bus,143333
2024-05-23,bus_rkl,bus,222421
2024-05-24,bus_rkl,bus,221956
2024-05-25,bus_rkl,bus,154725
2024-05-26,bus_rkl,bus,149333
2024-05-27,bus_rkl,bus,215683
2024-05-28,bus_rkl,bus,219320
2024-05-29,bus_rkl,bus,217848
2024-05-30,bus_rkl,bus,215267
2024-05-31,bus_rkl,bus,210430
2024-06-01,bus_rkl,bus,158625
2024-06-02,bus_rkl,bus,150963
2024-06-03,bus_rkl,bus,135779
2024-06-04,bus_rkl,bus,224369
2024-06-05,bus_rkl,bus,220701
2024-06-06,bus_rkl,bus,218856
2024-06-07,bus_rkl,bus,217241
2024-06-08,bus_rkl,bus,157762
2024-06-09,bus_rkl,bus,156926
2024-06-10,bus_rkl,bus,224858
2024-06-11,bus_rkl,bus,225984
2024-06-12,bus_rkl,bus,227921
2024-06-13,bus_rkl,bus,225857
2024-06-14,bus_rkl,bus,221501
2024-06-15,bus_rkl,bus,158054
2024-06-16,bus_rkl,bus,152180
2024-06-17,bus_rkl,bus,134395
2024-06-18,bus_rkl,bus,200132
2024-06-19,bus_rkl,bus,218818
2024-06-20,bus_rkl,bus,216742
2024-06-21,bus_rkl,bus,216614
2024-06-22,bus_rkl,bus,155102
2024-06-23,bus_rkl,bus,145528
2024-06-24,bus_rkl,bus,221117
2024-06-25,bus_rkl,bus,221872
2024-06-26,bus_rkl,bus,224543
2024-06-27,bus_rkl,bus,223293
2024-06-28,bus_rkl,bus,220293
2024-06-29,bus_rkl,bus,159861
2024-06-30,bus_rkl,bus,149938
2024-07-01,bus_rkl,bus,230685
2024-07-02,bus_rkl,bus,233316
2024-07-03,bus_rkl,bus,235123
2024-07-04,bus_rkl,bus,232014
2024-07-05,bus_rkl,bus,232055
2024-07-06,bus_rkl,bus,166246
2024-07-07,bus_rkl,bus,160495
2024-07-08,bus_rkl,bus,141950
2024-07-09,bus_rkl,bus,231844
2024-07-10,bus_rkl,bus,232059
2024-07-11,bus_rkl,bus,235389
2024-07-12,bus_rkl,bus,229421
2024-07-13,bus_rkl,bus,164920
2024-07-14,bus_rkl,bus,155137
2024-07-15,bus_rkl,bus,232392
2024-07-16,bus_rkl,bus,237481
2024-07-17,bus_rkl,bus,238258
2024-07-18,bus_rkl,bus,234917
2024-07-19,bus_rkl,bus,228243
2024-07-20,bus_rkl,bus,161181
2024-07-21,bus_rkl,bus,153555
2024-07-22,bus_rkl,bus,234536
2024-07-23,bus_rkl,bus,239328
2024-07-24,bus_rkl,bus,239220
2024-07-25,bus_rkl,bus,237772
2024-07-26,bus_rkl,bus,231959
2024-07-27,bus_rkl,bus,164916
2024-07-28,bus_rkl,bus,151760
2024-07-29,bus_rkl,bus,226337
2024-07-30,bus_rkl,bus,234223
2024-07-31,bus_rkl,bus,236277
2024-08-01,bus_rkl,bus,236564
2024-08-02,bus_rkl,bus,231322
2024-08-03,bus_rkl,bus,163143
2024-08-04,bus_rkl,bus,149416
2024-08-05,bus_rkl,bus,229854
2024-08-06,bus_rkl,bus,239396
2024-08-07,bus_rkl,bus,239498
2024-08-08,bus_rkl,bus,241951
2024-08-09,bus_rkl,bus,236107
2024-08-10,bus_rkl,bus,168908
2024-08-11,bus_rkl,bus,153414
2024-08-12,bus_rkl,bus,235072
2024-08-13,bus_rkl,bus,242615
2024-08-14,bus_rkl,bus,239418
2024-08-15,bus_rkl,bus,238603
2024-08-16,bus_rkl,bus,234356
2024-08-17,bus_rkl,bus,159158
2024-08-18,bus_rkl,bus,157638
2024-08-19,bus_rkl,bus,230056
2024-08-20,bus_rkl,bus,229596
2024-08-21,bus_rkl,bus,235260
2024-08-22,bus_rkl,bus,233600
2024-08-23,bus_rkl,bus,228527
2024-08-24,bus_rkl,bus,165259
2024-08-25,bus_rkl,bus,151904
2024-08-26,bus_rkl,bus,223955
2024-08-27,bus_rkl,bus,233785
2024-08-28,bus_rkl,bus,235573
2024-08-29,bus_rkl,bus,232347
2024-08-30,bus_rkl,bus,231238
2024-08-31,bus_rkl,bus,234883
2024-09-01,bus_rkl,bus,149101
2024-09-02,bus_rkl,bus,219976
2024-09-03,bus_rkl,bus,230968
2024-09-04,bus_rkl,bus,236393
2024-09-05,bus_rkl,bus,234037
2024-09-06,bus_rkl,bus,233331
2024-09-07,bus_rkl,bus,172536
2024-09-08,bus_rkl,bus,165054
2024-09-09,bus_rkl,bus,232809
2024-09-10,bus_rkl,bus,233231
2024-09-11,bus_rkl,bus,249767
2024-09-12,bus_rkl,bus,247817
2024-09-13,bus_rkl,bus,240106
2024-09-14,bus_rkl,bus,184325
2024-09-15,bus_rkl,bus,185137
2024-09-16,bus_rkl,bus,167864
2024-09-17,bus_rkl,bus,183643
2024-09-18,bus_rkl,bus,251115
2024-09-19,bus_rkl,bus,264236
2024-09-20,bus_rkl,bus,254678
2024-09-21,bus_rkl,bus,181651
2024-09-22,bus_rkl,bus,175355
2024-09-23,bus_rkl,bus,228955
2024-09-24,bus_rkl,bus,234159
2024-09-25,bus_rkl,bus,232894
2024-09-26,bus_rkl,bus,234573
2024-09-27,bus_rkl,bus,231830
2024-09-28,bus_rkl,bus,161095
2024-09-29,bus_rkl,bus,148637
2024-09-30,bus_rkl,bus,226441
2024-10-01,bus_rkl,bus,241077
2024-10-02,bus_rkl,bus,240872
2024-10-03,bus_rkl,bus,237414
2024-10-04,bus_rkl,bus,240732
2024-10-05,bus_rkl,bus,170089
2024-10-06,bus_rkl,bus,169313
2024-10-07,bus_rkl,bus,243324
2024-10-08,bus_rkl,bus,247016
2024-10-09,bus_rkl,bus,249753
2024-10-10,bus_rkl,bus,246207
2024-10-11,bus_rkl,bus,243838
2024-10-12,bus_rkl,bus,167505
2024-10-13,bus_rkl,bus,163342
2024-10-14,bus_rkl,bus,240873
2024-10-15,bus_rkl,bus,242404
2024-10-16,bus_rkl,bus,255103
2024-10-17,bus_rkl,bus,252617
2024-10-18,bus_rkl,bus,246222
2024-10-19,bus_rkl,bus,169441
2024-10-20,bus_rkl,bus,161095
2024-10-21,bus_rkl,bus,244962
2024-10-22,bus_rkl,bus,246811
2024-10-23,bus_rkl,bus,249112
2024-10-24,bus_rkl,bus,245489
2024-10-25,bus_rkl,bus,241332
2024-10-26,bus_rkl,bus,172381
2024-10-27,bus_rkl,bus,156554
2024-10-28,bus_rkl,bus,230348
2024-10-29,bus_rkl,bus,233138
2024-10-30,bus_rkl,bus,224475
2024-10-31,bus_rkl,bus,152637
2024-11-01,bus_rkl,bus,191658
2024-11-02,bus_rkl,bus,166366
2024-11-03,bus_rkl,bus,184319
2024-11-04,bus_rkl,bus,239914
2024-11-05,bus_rkl,bus,247703
2024-11-06,bus_rkl,bus,246550
2024-11-07,bus_rkl,bus,249123
2024-11-08,bus_rkl,bus,247725
2024-11-09,bus_rkl,bus,174779
2024-11-10,bus_rkl,bus,168443
2024-11-11,bus_rkl,bus,251884
2024-11-12,bus_rkl,bus,246949
2024-11-13,bus_rkl,bus,255869
2024-11-14,bus_rkl,bus,251467
2024-11-15,bus_rkl,bus,246897
2024-11-16,bus_rkl,bus,169067
2024-11-17,bus_rkl,bus,160667
2024-11-18,bus_rkl,bus,249333
2024-11-19,bus_rkl,bus,252522
2024-11-20,bus_rkl,bus,256839
2024-11-21,bus_rkl,bus,251947
2024-11-22,bus_rkl,bus,249460
2024-11-23,bus_rkl,bus,172167
2024-11-24,bus_rkl,bus,158394
2024-11-25,bus_rkl,bus,244923
2024-11-26,bus_rkl,bus,247442
2024-11-27,bus_rkl,bus,245074
2024-11-28,bus_rkl,bus,241619
2024-11-29,bus_rkl,bus,237034
2024-11-30,bus_rkl,bus,174562
2024-12-01,bus_rkl,bus,165304
2024-12-02,bus_rkl,bus,233535
2024-12-03,bus_rkl,bus,239741
2024-12-04,bus_rkl,bus,244043
2024-12-05,bus_rkl,bus,237526
2024-12-06,bus_rkl,bus,237916
2024-12-07,bus_rkl,bus,178107
2024-12-08,bus_rkl,bus,170755
2024-12-09,bus_rkl,bus,236152
2024-12-10,bus_rkl,bus,245113
2024-12-11,bus_rkl,bus,213363
2024-12-12,bus_rkl,bus,241855
2024-12-13,bus_rkl,bus,233633
2024-12-14,bus_rkl,bus,171603
2024-12-15,bus_rkl,bus,161554
2024-12-16,bus_rkl,bus,231555
2024-12-17,bus_rkl,bus,235246
2024-12-18,bus_rkl,bus,239307
2024-12-19,bus_rkl,bus,236029
2024-12-20,bus_rkl,bus,234035
2024-12-21,bus_rkl,bus,169551
2024-12-22,bus_rkl,bus,160711
2024-12-23,bus_rkl,bus,212616
2024-12-24,bus_rkl,bus,211235
2024-12-25,bus_rkl,bus,153871
2024-12-26,bus_rkl,bus,196050
2024-12-27,bus_rkl,bus,191156
2024-12-28,bus_rkl,bus,155885
2024-12-29,bus_rkl,bus,145506
2024-12-30,bus_rkl,bus,199415
2024-12-31,bus_rkl,bus,237658
2025-01-01,bus_rkl,bus,160381
2025-01-02,bus_rkl,bus,219111
2025-01-03,bus_rkl,bus,213774
2025-01-04,bus_rkl,bus,158246
2025-01-05,bus_rkl,bus,151061
2025-01-06,bus_rkl,bus,234422
2025-01-07,bus_rkl,bus,232903
2025-01-08,bus_rkl,bus,237584
2025-01-09,bus_rkl,bus,236688
2025-01-10,bus_rkl,bus,232725
2025-01-11,bus_rkl,bus,167478
2025-01-12,bus_rkl,bus,166287
2025-01-13,bus_rkl,bus,236816
2025-01-14,bus_rkl,bus,235810
2025-01-15,bus_rkl,bus,243520
2025-01-16,bus_rkl,bus,240817
2025-01-17,bus_rkl,bus,237350
2025-01-18,bus_rkl,bus,169052
2025-01-19,bus_rkl,bus,162672
2025-01-20,bus_rkl,bus,235306
2025-01-21,bus_rkl,bus,236929
2025-01-22,bus_rkl,bus,240875
2025-01-23,bus_rkl,bus,238053
2025-01-24,bus_rkl,bus,228612
2025-01-25,bus_rkl,bus,164578
2025-01-26,bus_rkl,bus,152457
2025-01-27,bus_rkl,bus,201354
2025-01-28,bus_rkl,bus,192154
2025-01-29,bus_rkl,bus,158736
2025-01-30,bus_rkl,bus,144740
2025-01-31,bus_rkl,bus,170281
2025-02-01,bus_rkl,bus,145357
2025-02-02,bus_rkl,bus,148789
2025-02-03,bus_rkl,bus,222990
2025-02-04,bus_rkl,bus,229731
2025-02-05,bus_rkl,bus,230127
2025-02-06,bus_rkl,bus,228961
2025-02-07,bus_rkl,bus,229796
2025-02-08,bus_rkl,bus,172144
2025-02-09,bus_rkl,bus,170049
2025-02-10,bus_rkl,bus,238796
2025-02-11,bus_rkl,bus,168330
2025-02-12,bus_rkl,bus,244705
2025-02-13,bus_rkl,bus,242751
2025-02-14,bus_rkl,bus,244686
2025-02-15,bus_rkl,bus,169461
2025-02-16,bus_rkl,bus,161030
2025-02-17,bus_rkl,bus,246505
2025-02-18,bus_rkl,bus,254058
2025-02-19,bus_rkl,bus,256789
2025-02-20,bus_rkl,bus,254519
2025-02-21,bus_rkl,bus,248306
2025-02-22,bus_rkl,bus,175428
2025-02-23,bus_rkl,bus,164358
2025-02-24,bus_rkl,bus,249536
2025-02-25,bus_rkl,bus,253188
2025-02-26,bus_rkl,bus,258599
2025-02-27,bus_rkl,bus,252569
2025-02-28,bus_rkl,bus,254793
2025-03-01,bus_rkl,bus,176642
2025-03-02,bus_rkl,bus,145213
2025-03-03,bus_rkl,bus,239470
2025-03-04,bus_rkl,bus,245327
2025-03-05,bus_rkl,bus,246931
2025-03-06,bus_rkl,bus,243490
2025-03-07,bus_rkl,bus,242755
2025-03-08,bus_rkl,bus,158983
2025-03-09,bus_rkl,bus,155403
2025-03-10,bus_rkl,bus,242680
2025-03-11,bus_rkl,bus,245843
2025-03-12,bus_rkl,bus,244884
2025-03-13,bus_rkl,bus,246607
2025-03-14,bus_rkl,bus,242528
2025-03-15,bus_rkl,bus,162663
2025-03-16,bus_rkl,bus,149014
2025-03-17,bus_rkl,bus,235508
2025-03-18,bus_rkl,bus,151225
2025-03-19,bus_rkl,bus,249656
2025-03-20,bus_rkl,bus,243903
2025-03-21,bus_rkl,bus,245598
2025-03-22,bus_rkl,bus,162603
2025-03-23,bus_rkl,bus,147369
2025-03-24,bus_rkl,bus,238652
2025-03-25,bus_rkl,bus,245270
2025-03-26,bus_rkl,bus,245836
2025-03-27,bus_rkl,bus,240267
2025-03-28,bus_rkl,bus,228430
2025-03-29,bus_rkl,bus,157533
2025-03-30,bus_rkl,bus,156027
2025-03-31,bus_rkl,bus,136976
2025-04-01,bus_rkl,bus,144954
2025-04-02,bus_rkl,bus,181565
2025-04-03,bus_rkl,bus,189694
2025-04-04,bus_rkl,bus,184430
2025-04-05,bus_rkl,bus,151558
2025-04-06,bus_rkl,bus,155944
2025-04-07,bus_rkl,bus,247348
2025-04-08,bus_rkl,bus,253551
2025-04-09,bus_rkl,bus,256365
2025-04-10,bus_rkl,bus,257201
2025-04-11,bus_rkl,bus,250268
2025-04-12,bus_rkl,bus,179203
2025-04-13,bus_rkl,bus,170487
2025-04-14,bus_rkl,bus,254035
2025-04-15,bus_rkl,bus,259351
2025-04-16,bus_rkl,bus,268148
2025-04-17,bus_rkl,bus,262155
2025-04-18,bus_rkl,bus,269734
2025-04-19,bus_rkl,bus,193224
2025-04-20,bus_rkl,bus,186916
2025-04-21,bus_rkl,bus,251319
2025-04-22,bus_rkl,bus,258638
2025-04-23,bus_rkl,bus,253301
2025-04-24,bus_rkl,bus,256386
2025-04-25,bus_rkl,bus,252963
2025-04-26,bus_rkl,bus,177521
2025-04-27,bus_rkl,bus,161832
2025-04-28,bus_rkl,bus,251734
2025-04-29,bus_rkl,bus,257734
2025-04-30,bus_rkl,bus,267707
2025-05-01,bus_rkl,bus,161818
2025-05-02,bus_rkl,bus,238885
2025-05-03,bus_rkl,bus,161617
2025-05-04,bus_rkl,bus,155423
2025-05-05,bus_rkl,bus,254964
2025-05-06,bus_rkl,bus,257143
2025-05-07,bus_rkl,bus,258246
2025-05-08,bus_rkl,bus,257511
2025-05-09,bus_rkl,bus,253136
2025-05-10,bus_rkl,bus,174491
2025-05-11,bus_rkl,bus,172726
2025-05-12,bus_rkl,bus,154182
2025-05-13,bus_rkl,bus,256143
2025-05-14,bus_rkl,bus,258291
2025-05-15,bus_rkl,bus,257174
2025-05-16,bus_rkl,bus,248848
2025-05-17,bus_rkl,bus,170884
2025-05-18,bus_rkl,bus,158048
2025-05-19,bus_rkl,bus,248881
2025-05-20,bus_rkl,bus,256050
2025-05-21,bus_rkl,bus,260903
2025-05-22,bus_rkl,bus,258893
2025-05-23,bus_rkl,bus,247412
2025-05-24,bus_rkl,bus,173706
2025-05-25,bus_rkl,bus,155754
2025-05-26,bus_rkl,bus,239832
2025-05-27,bus_rkl,bus,244656
2025-05-28,bus_rkl,bus,248298
2025-05-29,bus_rkl,bus,247482
2025-05-30,bus_rkl,bus,243223
2025-05-31,bus_rkl,bus,172695
2025-06-01,bus_rkl,bus,166937
2025-06-02,bus_rkl,bus,148881
2025-06-03,bus_rkl,bus,238051
2025-06-04,bus_rkl,bus,236528
2025-06-05,bus_rkl,bus,234447
2025-06-06,bus_rkl,bus,223218
2025-06-07,bus_rkl,bus,161456
2025-06-08,bus_rkl,bus,171913
2025-06-09,bus_rkl,bus,224631
2025-06-10,bus_rkl,bus,247775
2025-06-11,bus_rkl,bus,257748
2025-06-12,bus_rkl,bus,255045
2025-06-13,bus_rkl,bus,247663
2025-06-14,bus_rkl,bus,174731
2025-06-15,bus_rkl,bus,163531
2025-06-16,bus_rkl,bus,247848
2025-06-17,bus_rkl,bus,257335
2025-06-18,bus_rkl,bus,257899
2025-06-19,bus_rkl,bus,256080
2025-06-20,bus_rkl,bus,245905
2025-06-21,bus_rkl,bus,173166
2025-06-22,bus_rkl,bus,163397
2025-06-23,bus_rkl,bus,253610
2025-06-24,bus_rkl,bus,253779
2025-06-25,bus_rkl,bus,261640
2025-06-26,bus_rkl,bus,247608
2025-06-27,bus_rkl,bus,160231
2025-06-28,bus_rkl,bus,169619
2025-06-29,bus_rkl,bus,159429
2025-06-30,bus_rkl,bus,249032
2025-07-01,bus_rkl,bus,241090
2025-07-02,bus_rkl,bus,242126
2025-07-03,bus_rkl,bus,242080
2025-07-04,bus_rkl,bus,236265
2025-07-05,bus_rkl,bus,163189
2025-07-06,bus_rkl,bus,148045
2025-07-07,bus_rkl,bus,240420
2025-07-08,bus_rkl,bus,243597
2025-07-09,bus_rkl,bus,247564
2025-07-10,bus_rkl,bus,246635
2025-07-11,bus_rkl,bus,239391
2025-07-12,bus_rkl,bus,166355
2025-07-13,bus_rkl,bus,153091
2025-07-14,bus_rkl,bus,238714
2025-07-15,bus_rkl,bus,247235
2025-07-16,bus_rkl,bus,249063
2025-07-17,bus_rkl,bus,244458
2025-07-18,bus_rkl,bus,238601
2025-07-19,bus_rkl,bus,157396
2025-07-20,bus_rkl,bus,145109
2025-07-21,bus_rkl,bus,239826
2025-07-22,bus_rkl,bus,238318
2025-07-23,bus_rkl,bus,247281
2025-07-24,bus_rkl,bus,243377
2025-07-25,bus_rkl,bus,238151
2025-07-26,bus_rkl,bus,156180
2025-07-27,bus_rkl,bus,140596
2025-07-28,bus_rkl,bus,236090
2025-07-29,bus_rkl,bus,240692
2025-07-30,bus_rkl,bus,242958
2025-07-31,bus_rkl,bus,239229
2025-08-01,bus_rkl,bus,238954
2025-08-02,bus_rkl,bus,161233
2025-08-03,bus_rkl,bus,148312
2025-08-04,bus_rkl,bus,236408
2025-08-05,bus_rkl,bus,244384
2025-08-06,bus_rkl,bus,245935
2025-08-07,bus_rkl,bus,246380
2025-08-08,bus_rkl,bus,238584
2025-08-09,bus_rkl,bus,159027
2025-08-10,bus_rkl,bus,150362
2025-08-11,bus_rkl,bus,242499
2025-08-12,bus_rkl,bus,244845
2025-08-13,bus_rkl,bus,250391
2025-08-14,bus_rkl,bus,238228
2025-08-15,bus_rkl,bus,239098
2025-08-16,bus_rkl,bus,160403
2025-08-17,bus_rkl,bus,146916
2025-08-18,bus_rkl,bus,242477
2025-08-19,bus_rkl,bus,244437
2025-08-20,bus_rkl,bus,249624
2025-08-21,bus_rkl,bus,240160
2025-08-22,bus_rkl,bus,237157
2025-08-23,bus_rkl,bus,159146
2025-08-24,bus_rkl,bus,142959
2025-08-25,bus_rkl,bus,237914
2025-08-26,bus_rkl,bus,244187
2025-08-27,bus_rkl,bus,242859
2025-08-28,bus_rkl,bus,233109
2025-08-29,bus_rkl,bus,233872
2025-08-30,bus_rkl,bus,166721
2025-08-31,bus_rkl,bus,243220
2025-09-01,bus_rkl,bus,134280
2025-09-02,bus_rkl,bus,237253
2025-09-03,bus_rkl,bus,239293
2025-09-04,bus_rkl,bus,233814
2025-09-05,bus_rkl,bus,159350
2025-09-06,bus_rkl,bus,164190
2025-09-07,bus_rkl,bus,153228
2025-09-08,bus_rkl,bus,236861
2025-09-09,bus_rkl,bus,241557
2025-09-10,bus_rkl,bus,241420
2025-09-11,bus_rkl,bus,237668
2025-09-12,bus_rkl,bus,234462
2025-09-13,bus_rkl,bus,150120
2025-09-14,bus_rkl,bus,150298
2025-09-15,bus_rkl,bus,136339
2025-09-16,bus_rkl,bus,133078
2025-09-17,bus_rkl,bus,222482
2025-09-18,bus_rkl,bus,223008
2025-09-19,bus_rkl,bus,217859
2025-09-20,bus_rkl,bus,145740
2025-09-21,bus_rkl,bus,135673
2025-09-22,bus_rkl,bus,229795
2025-09-23,bus_rkl,bus,237220
2025-09-24,bus_rkl,bus,240584
2025-09-25,bus_rkl,bus,239376
2025-09-26,bus_rkl,bus,229992
2025-09-27,bus_rkl,bus,151888
2025-09-28,bus_rkl,bus,136404
2025-09-29,bus_rkl,bus,227626
2025-09-30,bus_rkl,bus,233880
2025-10-01,bus_rkl,bus,239630
2025-10-02,bus_rkl,bus,237219
2025-10-03,bus_rkl,bus,231488
2025-10-04,bus_rkl,bus,162231
2025-10-05,bus_rkl,bus,152078
2025-10-06,bus_rkl,bus,239578
2025-10-07,bus_rkl,bus,250367
2025-10-08,bus_rkl,bus,253525
2025-10-09,bus_rkl,bus,251341
2025-10-10,bus_rkl,bus,249783
2025-10-11,bus_rkl,bus,175113
2025-10-12,bus_rkl,bus,150219
2025-10-13,bus_rkl,bus,246945
2025-10-14,bus_rkl,bus,248547
2025-10-15,bus_rkl,bus,256931
2025-10-16,bus_rkl,bus,255596
2025-10-17,bus_rkl,bus,241531
2025-10-18,bus_rkl,bus,159135
2025-10-19,bus_rkl,bus,152094
2025-10-20,bus_rkl,bus,134001
2025-10-21,bus_rkl,bus,207940
2025-10-22,bus_rkl,bus,213521
2025-10-23,bus_rkl,bus,218529
2025-10-24,bus_rkl,bus,221938
2025-10-25,bus_rkl,bus,165576
2025-10-26,bus_rkl,bus,152308
2025-10-27,bus_rkl,bus,217637
2025-10-28,bus_rkl,bus,226834
2025-10-29,bus_rkl,bus,246232
2025-10-30,bus_rkl,bus,243114
2025-10-31,bus_rkl,bus,239690
2025-11-01,bus_rkl,bus,165766
2025-11-02,bus_rkl,bus,147248
2025-11-03,bus_rkl,bus,236594
2025-11-04,bus_rkl,bus,241108
2025-11-05,bus_rkl,bus,246367
2025-11-06,bus_rkl,bus,244433
2025-11-07,bus_rkl,bus,242163
2025-11-08,bus_rkl,bus,171089
2025-11-09,bus_rkl,bus,162898
2025-11-10,bus_rkl,bus,242435
2025-11-11,bus_rkl,bus,249155
2025-11-12,bus_rkl,bus,252182
2025-11-13,bus_rkl,bus,244908
2025-11-14,bus_rkl,bus,239692
2025-11-15,bus_rkl,bus,163705
2025-11-16,bus_rkl,bus,155793
2025-11-17,bus_rkl,bus,243719
2025-11-18,bus_rkl,bus,253084
2025-11-19,bus_rkl,bus,256749
2025-11-20,bus_rkl,bus,254707
2025-11-21,bus_rkl,bus,242421
2025-11-22,bus_rkl,bus,171073
2025-11-23,bus_rkl,bus,147999
2025-11-24,bus_rkl,bus,219320
2025-11-25,bus_rkl,bus,243411
2025-11-26,bus_rkl,bus,245992
2025-11-27,bus_rkl,bus,237106
2025-11-28,bus_rkl,bus,225261
2025-11-29,bus_rkl,bus,179351
2025-11-30,bus_rkl,bus,130201
2025-12-01,bus_rkl,bus,232324
2025-12-02,bus_rkl,bus,246308
2025-12-03,bus_rkl,bus,247190
2025-12-04,bus_rkl,bus,241576
2025-12-05,bus_rkl,bus,244538
2025-12-06,bus_rkl,bus,180322
2025-12-07,bus_rkl,bus,174841
2025-12-08,bus_rkl,bus,244349
2025-12-09,bus_rkl,bus,247691
2025-12-10,bus_rkl,bus,251824
2025-12-11,bus_rkl,bus,213992
2025-12-12,bus_rkl,bus,236175
2025-12-13,bus_rkl,bus,162749
2025-12-14,bus_rkl,bus,158650
2025-12-15,bus_rkl,bus,234238
2025-12-16,bus_rkl,bus,239555
2025-12-17,bus_rkl,bus,241837
2025-12-18,bus_rkl,bus,236286
2025-12-19,bus_rkl,bus,227168
2025-12-20,bus_rkl,bus,164642
2025-12-21,bus_rkl,bus,154865
2025-12-22,bus_rkl,bus,215862
2025-12-23,bus_rkl,bus,216841
2025-12-24,bus_rkl,bus,215282
2025-12-25,bus_rkl,bus,146116
2025-12-26,bus_rkl,bus,184412
2025-12-27,bus_rkl,bus,147215
2025-12-28,bus_rkl,bus,140635
2025-12-29,bus_rkl,bus,204567
2025-12-30,bus_rkl,bus,206759
2025-12-31,bus_rkl,bus,226290
2026-01-01,bus_rkl,bus,146342
2026-01-02,bus_rkl,bus,190915
2026-01-03,bus_rkl,bus,151683
2026-01-04,bus_rkl,bus,143371
2026-01-05,bus_rkl,bus,226288
2026-01-06,bus_rkl,bus,233471
2026-01-07,bus_rkl,bus,236579
2026-01-08,bus_rkl,bus,234215
2026-01-09,bus_rkl,bus,227117
2026-01-10,bus_rkl,bus,164992
2026-01-11,bus_rkl,bus,157477
2026-01-12,bus_rkl,bus,244215
2026-01-13,bus_rkl,bus,250437
2026-01-14,bus_rkl,bus,254508
2026-01-15,bus_rkl,bus,246453
2026-01-16,bus_rkl,bus,245300
2026-01-17,bus_rkl,bus,166555
2026-01-18,bus_rkl,bus,154035
2026-01-19,bus_rkl,bus,246927
2026-01-20,bus_rkl,bus,256213
2026-01-21,bus_rkl,bus,256894
2026-01-22,bus_rkl,bus,252516
2026-01-23,bus_rkl,bus,245196
2026-01-24,bus_rkl,bus,166401
2026-01-25,bus_rkl,bus,151888
2026-01-26,bus_rkl,bus,244979
2026-01-27,bus_rkl,bus,249904
2026-01-28,bus_rkl,bus,249085
2026-01-29,bus_rkl,bus,249784
2026-01-30,bus_rkl,bus,248694
2026-01-31,bus_rkl,bus,177850
2026-02-01,bus_rkl,bus,179567
2026-02-02,bus_rkl,bus,143267
2026-02-03,bus_rkl,bus,216294
2026-02-04,bus_rkl,bus,258764
2026-02-05,bus_rkl,bus,256957
2026-02-06,bus_rkl,bus,254327
2026-02-07,bus_rkl,bus,181348
2026-02-08,bus_rkl,bus,172056
2026-02-09,bus_rkl,bus,260253
2026-02-10,bus_rkl,bus,266437
2026-02-11,bus_rkl,bus,265354
2026-02-12,bus_rkl,bus,260856
2026-02-13,bus_rkl,bus,254222
2026-02-14,bus_rkl,bus,165881
2026-02-15,bus_rkl,bus,151279
2026-02-16,bus_rkl,bus,180862
2026-02-17,bus_rkl,bus,133954
2026-02-18,bus_rkl,bus,132738
2026-02-19,bus_rkl,bus,154629
2026-02-20,bus_rkl,bus,163452
2026-02-21,bus_rkl,bus,124049
2026-02-22,bus_rkl,bus,118910
2026-02-23,bus_rkl,bus,230283
2026-02-24,bus_rkl,bus,233502
2026-02-25,bus_rkl,bus,232082
2026-02-26,bus_rkl,bus,239023
2026-02-27,bus_rkl,bus,234799
2026-02-28,bus_rkl,bus,154866
2026-03-01,bus_rkl,bus,141944
2026-03-02,bus_rkl,bus,239968
2026-03-03,bus_rkl,bus,244016
2026-03-04,bus_rkl,bus,243853
2026-03-05,bus_rkl,bus,244091
2026-03-06,bus_rkl,bus,239906
2026-03-07,bus_rkl,bus,151067
2026-03-08,bus_rkl,bus,151079
2026-03-09,bus_rkl,bus,242203
2026-03-10,bus_rkl,bus,250305
2026-03-11,bus_rkl,bus,250095
2026-03-12,bus_rkl,bus,245837
2026-03-13,bus_rkl,bus,241616
2026-03-14,bus_rkl,bus,159641
2026-03-15,bus_rkl,bus,147700
2026-03-16,bus_rkl,bus,237472
2026-03-17,bus_rkl,bus,239560
2026-03-18,bus_rkl,bus,224864
2026-03-19,bus_rkl,bus,201070
2026-03-20,bus_rkl,bus,139053
2026-03-21,bus_rkl,bus,135974
2026-03-22,bus_rkl,bus,148033
2026-03-23,bus_rkl,bus,125715
2026-03-24,bus_rkl,bus,179178
2026-03-25,bus_rkl,bus,195581
2026-03-26,bus_rkl,bus,201007
2026-03-27,bus_rkl,bus,202360
2026-03-28,bus_rkl,bus,148369
2026-03-29,bus_rkl,bus,140222
2026-03-30,bus_rkl,bus,234356
2026-03-31,bus_rkl,bus,244213
2026-04-01,bus_rkl,bus,251908
2026-04-02,bus_rkl,bus,247318
2026-04-03,bus_rkl,bus,251380
2026-04-04,bus_rkl,bus,186073
2026-04-05,bus_rkl,bus,173563
2026-04-06,bus_rkl,bus,245183
2026-04-07,bus_rkl,bus,254172
2026-04-08,bus_rkl,bus,253995
2026-04-09,bus_rkl,bus,252249
2026-04-10,bus_rkl,bus,242727
2026-04-11,bus_rkl,bus,173961
2026-04-12,bus_rkl,bus,161130
2026-04-13,bus_rkl,bus,249155
2026-04-14,bus_rkl,bus,251821
2026-04-15,bus_rkl,bus,256311
2026-04-16,bus_rkl,bus,251848
2026-04-17,bus_rkl,bus,245863
2026-04-18,bus_rkl,bus,173828
2026-04-19,bus_rkl,bus,159227
2026-04-20,bus_rkl,bus,245536
2026-04-21,bus_rkl,bus,248524
2026-04-22,bus_rkl,bus,255037
2026-04-23,bus_rkl,bus,249879
2026-04-24,bus_rkl,bus,240147
2026-04-25,bus_rkl,bus,162722
2026-04-26,bus_rkl,bus,153805
2026-04-27,bus_rkl,bus,239477
2026-04-28,bus_rkl,bus,242999
2026-04-29,bus_rkl,bus,245104
2026-04-30,bus_rkl,bus,245220
2026-05-01,bus_rkl,bus,157029
2026-05-02,bus_rkl,bus,158697
2026-05-03,bus_rkl,bus,141785
2026-05-04,bus_rkl,bus,242622
2026-05-05,bus_rkl,bus,247783
2026-05-06,bus_rkl,bus,249204
2026-05-07,bus_rkl,bus,250139
2026-05-08,bus_rkl,bus,235583
2026-05-09,bus_rkl,bus,165709
2026-05-10,bus_rkl,bus,157904
2026-05-11,bus_rkl,bus,245323
2026-05-12,bus_rkl,bus,252463
2026-05-13,bus_rkl,bus,254083
2026-05-14,bus_rkl,bus,249910
2026-05-15,bus_rkl,bus,239884
2026-05-16,bus_rkl,bus,163900
2026-05-17,bus_rkl,bus,152541
2026-05-18,bus_rkl,bus,246947
2026-05-19,bus_rkl,bus,251572
2026-05-20,bus_rkl,bus,256698
2026-05-21,bus_rkl,bus,251088
2026-05-22,bus_rkl,bus,245912
2026-05-23,bus_rkl,bus,158658
2026-05-24,bus_rkl,bus,150094
2026-05-25,bus_rkl,bus,225163
2026-05-26,bus_rkl,bus,223574
2026-05-27,bus_rkl,bus,144905
2026-05-28,bus_rkl,bus,199160
2026-05-29,bus_rkl,bus,193179
2026-05-30,bus_rkl,bus,149303
2026-05-31,bus_rkl,bus,143780
2026-06-01,bus_rkl,bus,134387
2026-06-02,bus_rkl,bus,135269
2026-06-03,bus_rkl,bus,228367
2026-06-04,bus_rkl,bus,224739
2026-06-05,bus_rkl,bus,222114
2026-06-06,bus_rkl,bus,158510
2026-06-07,bus_rkl,bus,147461
2026-06-08,bus_rkl,bus,241677
2026-06-09,bus_rkl,bus,244755
2026-06-10,bus_rkl,bus,246688
2026-06-11,bus_rkl,bus,244934
2026-06-12,bus_rkl,bus,235183
2026-06-13,bus_rkl,bus,159713
2026-06-14,bus_rkl,bus,141112
2026-06-15,bus_rkl,bus,243282
2026-06-16,bus_rkl,bus,250573
2026-06-17,bus_rkl,bus,137414
2026-06-18,bus_rkl,bus,245295
2026-06-19,bus_rkl,bus,234928
2026-06-20,bus_rkl,bus,152445
2026-06-21,bus_rkl,bus,142175
2026-06-22,bus_rkl,bus,237290
2026-06-23,bus_rkl,bus,239516
2026-06-24,bus_rkl,bus,236023
2026-06-25,bus_rkl,bus,235582
2026-06-26,bus_rkl,bus,234958
2026-06-27,bus_rkl,bus,162680
2026-06-28,bus_rkl,bus,140166
2026-06-29,bus_rkl,bus,235163
2026-06-30,bus_rkl,bus,241510
2026-07-01,bus_rkl,bus,248301
2026-07-02,bus_rkl,bus,245080
2026-07-03,bus_rkl,bus,244031
2026-07-04,bus_rkl,bus,165310
2026-07-05,bus_rkl,bus,148785
2026-07-06,bus_rkl,bus,240494
2026-07-07,bus_rkl,bus,247928
2026-07-08,bus_rkl,bus,253534
2026-07-09,bus_rkl,bus,249084
2026-07-10,bus_rkl,bus,240179
2026-07-11,bus_rkl,bus,160938
2026-07-12,bus_rkl,bus,156772
2026-07-13,bus_rkl,bus,241069
2026-07-14,bus_rkl,bus,249271
2026-07-15,bus_rkl,bus,249291
2026-07-16,bus_rkl,bus,246284
2026-07-17,bus_rkl,bus,241808
2026-07-18,bus_rkl,bus,156276
2026-07-19,bus_rkl,bus,145059
2026-07-20,bus_rkl,bus,239459
2026-07-21,bus_rkl,bus,248512
2026-07-22,bus_rkl,bus,246734
2026-07-23,bus_rkl,bus,247849
2026-07-24,bus_rkl,bus,241873
2026-07-25,bus_rkl,bus,163407
2026-07-26,bus_rkl,bus,146281
2026-07-27,bus_rkl,bus,243789
2026-07-28,bus_rkl,bus,252739
2026-07-29,bus_rkl,bus,254287
2026-07-30,bus_rkl,bus,254492
2026-07-31,bus_rkl,bus,247625
2022-01-01,bus_rkn,bus,1722
2022-01-02,bus_rkn,bus,1186
2022-01-03,bus_rkn,bus,1296
2022-01-04,bus_rkn,bus,1607
2022-01-05,bus_rkn,bus,1797
2022-01-06,bus_rkn,bus,2041
2022-01-07,bus_rkn,bus,2114
2022-01-08,bus_rkn,bus,1897
2022-01-09,bus_rkn,bus,2211
2022-01-10,bus_rkn,bus,2474
2022-01-11,bus_rkn,bus,2464
2022-01-12,bus_rkn,bus,2298
2022-01-13,bus_rkn,bus,2306
2022-01-14,bus_rkn,bus,2088
2022-01-15,bus_rkn,bus,1795
2022-01-16,bus_rkn,bus,1928
2022-01-17,bus_rkn,bus,2259
2022-01-18,bus_rkn,bus,2251
2022-01-19,bus_rkn,bus,2229
2022-01-20,bus_rkn,bus,2310
2022-01-21,bus_rkn,bus,2195
2022-01-22,bus_rkn,bus,1773
2022-01-23,bus_rkn,bus,1721
2022-01-24,bus_rkn,bus,2318
2022-01-25,bus_rkn,bus,2234
2022-01-26,bus_rkn,bus,2304
2022-01-27,bus_rkn,bus,2132
2022-01-28,bus_rkn,bus,2350
2022-01-29,bus_rkn,bus,1803
2022-01-30,bus_rkn,bus,1820
2022-01-31,bus_rkn,bus,2017
2022-02-01,bus_rkn,bus,2248
2022-02-02,bus_rkn,bus,1708
2022-02-03,bus_rkn,bus,1966
2022-02-04,bus_rkn,bus,1651
2022-02-05,bus_rkn,bus,1647
2022-02-06,bus_rkn,bus,1810
2022-02-07,bus_rkn,bus,2230
2022-02-08,bus_rkn,bus,2070
2022-02-09,bus_rkn,bus,2102
2022-02-10,bus_rkn,bus,2062
2022-02-11,bus_rkn,bus,1852
2022-02-12,bus_rkn,bus,1465
2022-02-13,bus_rkn,bus,1704
2022-02-14,bus_rkn,bus,2079
2022-02-15,bus_rkn,bus,1893
2022-02-16,bus_rkn,bus,2033
2022-02-17,bus_rkn,bus,1781
2022-02-18,bus_rkn,bus,1848
2022-02-19,bus_rkn,bus,1492
2022-02-20,bus_rkn,bus,1591
2022-02-21,bus_rkn,bus,1777
2022-02-22,bus_rkn,bus,1855
2022-02-23,bus_rkn,bus,1672
2022-02-24,bus_rkn,bus,1343
2022-02-25,bus_rkn,bus,1504
2022-02-26,bus_rkn,bus,1233
2022-02-27,bus_rkn,bus,1200
2022-02-28,bus_rkn,bus,1493
2022-03-01,bus_rkn,bus,1670
2022-03-02,bus_rkn,bus,1696
2022-03-03,bus_rkn,bus,1614
2022-03-04,bus_rkn,bus,1587
2022-03-05,bus_rkn,bus,1611
2022-03-06,bus_rkn,bus,1848
2022-03-07,bus_rkn,bus,1846
2022-03-08,bus_rkn,bus,1792
2022-03-09,bus_rkn,bus,1973
2022-03-10,bus_rkn,bus,1867
2022-03-11,bus_rkn,bus,1840
2022-03-12,bus_rkn,bus,1554
2022-03-13,bus_rkn,bus,1865
2022-03-14,bus_rkn,bus,1735
2022-03-15,bus_rkn,bus,1641
2022-03-16,bus_rkn,bus,1730
2022-03-17,bus_rkn,bus,1630
2022-03-18,bus_rkn,bus,1652
2022-03-19,bus_rkn,bus,1647
2022-03-20,bus_rkn,bus,1592
2022-03-21,bus_rkn,bus,1692
2022-03-22,bus_rkn,bus,1734
2022-03-23,bus_rkn,bus,1697
2022-03-24,bus_rkn,bus,1818
2022-03-25,bus_rkn,bus,1721
2022-03-26,bus_rkn,bus,1852
2022-03-27,bus_rkn,bus,1699
2022-03-28,bus_rkn,bus,1671
2022-03-29,bus_rkn,bus,1634
2022-03-30,bus_rkn,bus,1600
2022-03-31,bus_rkn,bus,1564
2022-04-01,bus_rkn,bus,2071
2022-04-02,bus_rkn,bus,2140
2022-04-03,bus_rkn,bus,1456
2022-04-04,bus_rkn,bus,2102
2022-04-05,bus_rkn,bus,2150
2022-04-06,bus_rkn,bus,2317
2022-04-07,bus_rkn,bus,2433
2022-04-08,bus_rkn,bus,2407
2022-04-09,bus_rkn,bus,1570
2022-04-10,bus_rkn,bus,1589
2022-04-11,bus_rkn,bus,2430
2022-04-12,bus_rkn,bus,2383
2022-04-13,bus_rkn,bus,2343
2022-04-14,bus_rkn,bus,2316
2022-04-15,bus_rkn,bus,2244
2022-04-16,bus_rkn,bus,1627
2022-04-17,bus_rkn,bus,1700
2022-04-18,bus_rkn,bus,2342
2022-04-19,bus_rkn,bus,1380
2022-04-20,bus_rkn,bus,2499
2022-04-21,bus_rkn,bus,2507
2022-04-22,bus_rkn,bus,2444
2022-04-23,bus_rkn,bus,1808
2022-04-24,bus_rkn,bus,1868
2022-04-25,bus_rkn,bus,2630
2022-04-26,bus_rkn,bus,2442
2022-04-27,bus_rkn,bus,2405
2022-04-28,bus_rkn,bus,2428
2022-04-29,bus_rkn,bus,2333
2022-04-30,bus_rkn,bus,2172
2022-05-01,bus_rkn,bus,2632
2022-05-02,bus_rkn,bus,1801
2022-05-03,bus_rkn,bus,2677
2022-05-04,bus_rkn,bus,1853
2022-05-05,bus_rkn,bus,1751
2022-05-06,bus_rkn,bus,1475
2022-05-07,bus_rkn,bus,1797
2022-05-08,bus_rkn,bus,1975
2022-05-09,bus_rkn,bus,2286
2022-05-10,bus_rkn,bus,2583
2022-05-11,bus_rkn,bus,2824
2022-05-12,bus_rkn,bus,2612
2022-05-13,bus_rkn,bus,2682
2022-05-14,bus_rkn,bus,2340
2022-05-15,bus_rkn,bus,2342
2022-05-16,bus_rkn,bus,1820
2022-05-17,bus_rkn,bus,2730
2022-05-18,bus_rkn,bus,2718
2022-05-19,bus_rkn,bus,2636
2022-05-20,bus_rkn,bus,2649
2022-05-21,bus_rkn,bus,2731
2022-05-22,bus_rkn,bus,2588
2022-05-23,bus_rkn,bus,1756
2022-05-24,bus_rkn,bus,2701
2022-05-25,bus_rkn,bus,2711
2022-05-26,bus_rkn,bus,2617
2022-05-27,bus_rkn,bus,2775
2022-05-28,bus_rkn,bus,2006
2022-05-29,bus_rkn,bus,2238
2022-05-30,bus_rkn,bus,2540
2022-05-31,bus_rkn,bus,2506
2022-06-01,bus_rkn,bus,2675
2022-06-02,bus_rkn,bus,2684
2022-06-03,bus_rkn,bus,2765
2022-06-04,bus_rkn,bus,2181
2022-06-05,bus_rkn,bus,2432
2022-06-06,bus_rkn,bus,2063
2022-06-07,bus_rkn,bus,2409
2022-06-08,bus_rkn,bus,2432
2022-06-09,bus_rkn,bus,2289
2022-06-10,bus_rkn,bus,2268
2022-06-11,bus_rkn,bus,2336
2022-06-12,bus_rkn,bus,2404
2022-06-13,bus_rkn,bus,2713
2022-06-14,bus_rkn,bus,2731
2022-06-15,bus_rkn,bus,2696
2022-06-16,bus_rkn,bus,2761
2022-06-17,bus_rkn,bus,2680
2022-06-18,bus_rkn,bus,2374
2022-06-19,bus_rkn,bus,2110
2022-06-20,bus_rkn,bus,2753
2022-06-21,bus_rkn,bus,2753
2022-06-22,bus_rkn,bus,2663
2022-06-23,bus_rkn,bus,2756
2022-06-24,bus_rkn,bus,2455
2022-06-25,bus_rkn,bus,2530
2022-06-26,bus_rkn,bus,2432
2022-06-27,bus_rkn,bus,2532
2022-06-28,bus_rkn,bus,2493
2022-06-29,bus_rkn,bus,2350
2022-06-30,bus_rkn,bus,2430
2022-07-01,bus_rkn,bus,2885
2022-07-02,bus_rkn,bus,2755
2022-07-03,bus_rkn,bus,2437
2022-07-04,bus_rkn,bus,2793
2022-07-05,bus_rkn,bus,2842
2022-07-06,bus_rkn,bus,2777
2022-07-07,bus_rkn,bus,3038
2022-07-08,bus_rkn,bus,3535
2022-07-09,bus_rkn,bus,2712
2022-07-10,bus_rkn,bus,2023
2022-07-11,bus_rkn,bus,2393
2022-07-12,bus_rkn,bus,1989
2022-07-13,bus_rkn,bus,2684
2022-07-14,bus_rkn,bus,2464
2022-07-15,bus_rkn,bus,2532
2022-07-16,bus_rkn,bus,1916
2022-07-17,bus_rkn,bus,1974
2022-07-18,bus_rkn,bus,2474
2022-07-19,bus_rkn,bus,2535
2022-07-20,bus_rkn,bus,2626
2022-07-21,bus_rkn,bus,2730
2022-07-22,bus_rkn,bus,2391
2022-07-23,bus_rkn,bus,1917
2022-07-24,bus_rkn,bus,1685
2022-07-25,bus_rkn,bus,2408
2022-07-26,bus_rkn,bus,2383
2022-07-27,bus_rkn,bus,2353
2022-07-28,bus_rkn,bus,2289
2022-07-29,bus_rkn,bus,2413
2022-07-30,bus_rkn,bus,1957
2022-07-31,bus_rkn,bus,1897
2022-08-01,bus_rkn,bus,1716
2022-08-02,bus_rkn,bus,2719
2022-08-03,bus_rkn,bus,2550
2022-08-04,bus_rkn,bus,2653
2022-08-05,bus_rkn,bus,2647
2022-08-06,bus_rkn,bus,2187
2022-08-07,bus_rkn,bus,2303
2022-08-08,bus_rkn,bus,2776
2022-08-09,bus_rkn,bus,2769
2022-08-10,bus_rkn,bus,2494
2022-08-11,bus_rkn,bus,2666
2022-08-12,bus_rkn,bus,2655
2022-08-13,bus_rkn,bus,2881
2022-08-14,bus_rkn,bus,2549
2022-08-15,bus_rkn,bus,2531
2022-08-16,bus_rkn,bus,2746
2022-08-17,bus_rkn,bus,2552
2022-08-18,bus_rkn,bus,2637
2022-08-19,bus_rkn,bus,2634
2022-08-20,bus_rkn,bus,2598
2022-08-21,bus_rkn,bus,2401
2022-08-22,bus_rkn,bus,2566
2022-08-23,bus_rkn,bus,2454
2022-08-24,bus_rkn,bus,2413
2022-08-25,bus_rkn,bus,2471
2022-08-26,bus_rkn,bus,2795
2022-08-27,bus_rkn,bus,2649
2022-08-28,bus_rkn,bus,2305
2022-08-29,bus_rkn,bus,2401
2022-08-30,bus_rkn,bus,2184
2022-08-31,bus_rkn,bus,2213
2022-09-01,bus_rkn,bus,2573
2022-09-02,bus_rkn,bus,2847
2022-09-03,bus_rkn,bus,2175
2022-09-04,bus_rkn,bus,2292
2022-09-05,bus_rkn,bus,1953
2022-09-06,bus_rkn,bus,2151
2022-09-07,bus_rkn,bus,2355
2022-09-08,bus_rkn,bus,2158
2022-09-09,bus_rkn,bus,2363
2022-09-10,bus_rkn,bus,2373
2022-09-11,bus_rkn,bus,2441
2022-09-12,bus_rkn,bus,2659
2022-09-13,bus_rkn,bus,2763
2022-09-14,bus_rkn,bus,2456
2022-09-15,bus_rkn,bus,2831
2022-09-16,bus_rkn,bus,2457
2022-09-17,bus_rkn,bus,2407
2022-09-18,bus_rkn,bus,2116
2022-09-19,bus_rkn,bus,2505
2022-09-20,bus_rkn,bus,2588
2022-09-21,bus_rkn,bus,2315
2022-09-22,bus_rkn,bus,2325
2022-09-23,bus_rkn,bus,2532
2022-09-24,bus_rkn,bus,3000
2022-09-25,bus_rkn,bus,2427
2022-09-26,bus_rkn,bus,2482
2022-09-27,bus_rkn,bus,2668
2022-09-28,bus_rkn,bus,2388
2022-09-29,bus_rkn,bus,2456
2022-09-30,bus_rkn,bus,2347
2022-10-01,bus_rkn,bus,2468
2022-10-02,bus_rkn,bus,2161
2022-10-03,bus_rkn,bus,2374
2022-10-04,bus_rkn,bus,2614
2022-10-05,bus_rkn,bus,2466
2022-10-06,bus_rkn,bus,2672
2022-10-07,bus_rkn,bus,3087
2022-10-08,bus_rkn,bus,2789
2022-10-09,bus_rkn,bus,2662
2022-10-10,bus_rkn,bus,1585
2022-10-11,bus_rkn,bus,2748
2022-10-12,bus_rkn,bus,2371
2022-10-13,bus_rkn,bus,2349
2022-10-14,bus_rkn,bus,2607
2022-10-15,bus_rkn,bus,2120
2022-10-16,bus_rkn,bus,2525
2022-10-17,bus_rkn,bus,2448
2022-10-18,bus_rkn,bus,2358
2022-10-19,bus_rkn,bus,2620
2022-10-20,bus_rkn,bus,2575
2022-10-21,bus_rkn,bus,3004
2022-10-22,bus_rkn,bus,2538
2022-10-23,bus_rkn,bus,2279
2022-10-24,bus_rkn,bus,1723
2022-10-25,bus_rkn,bus,1995
2022-10-26,bus_rkn,bus,1587
2022-10-27,bus_rkn,bus,2308
2022-10-28,bus_rkn,bus,2267
2022-10-29,bus_rkn,bus,2067
2022-10-30,bus_rkn,bus,2208
2022-10-31,bus_rkn,bus,2160
2022-11-01,bus_rkn,bus,2432
2022-11-02,bus_rkn,bus,2448
2022-11-03,bus_rkn,bus,2466
2022-11-04,bus_rkn,bus,2632
2022-11-05,bus_rkn,bus,2589
2022-11-06,bus_rkn,bus,2393
2022-11-07,bus_rkn,bus,2554
2022-11-08,bus_rkn,bus,2574
2022-11-09,bus_rkn,bus,2525
2022-11-10,bus_rkn,bus,2177
2022-11-11,bus_rkn,bus,2673
2022-11-12,bus_rkn,bus,2239
2022-11-13,bus_rkn,bus,2454
2022-11-14,bus_rkn,bus,2367
2022-11-15,bus_rkn,bus,2601
2022-11-16,bus_rkn,bus,2619
2022-11-17,bus_rkn,bus,3119
2022-11-18,bus_rkn,bus,1773
2022-11-19,bus_rkn,bus,1165
2022-11-20,bus_rkn,bus,1803
2022-11-21,bus_rkn,bus,2570
2022-11-22,bus_rkn,bus,2367
2022-11-23,bus_rkn,bus,2245
2022-11-24,bus_rkn,bus,2473
2022-11-25,bus_rkn,bus,2447
2022-11-26,bus_rkn,bus,1430
2022-11-27,bus_rkn,bus,2180
2022-11-28,bus_rkn,bus,1395
2022-11-29,bus_rkn,bus,2481
2022-11-30,bus_rkn,bus,2217
2022-12-01,bus_rkn,bus,2316
2022-12-02,bus_rkn,bus,2273
2022-12-03,bus_rkn,bus,1896
2022-12-04,bus_rkn,bus,1853
2022-12-05,bus_rkn,bus,2157
2022-12-06,bus_rkn,bus,2309
2022-12-07,bus_rkn,bus,2548
2022-12-08,bus_rkn,bus,2437
2022-12-09,bus_rkn,bus,2223
2022-12-10,bus_rkn,bus,1581
2022-12-11,bus_rkn,bus,1846
2022-12-12,bus_rkn,bus,1975
2022-12-13,bus_rkn,bus,1278
2022-12-14,bus_rkn,bus,1781
2022-12-15,bus_rkn,bus,1850
2022-12-16,bus_rkn,bus,1827
2022-12-17,bus_rkn,bus,1951
2022-12-18,bus_rkn,bus,1718
2022-12-19,bus_rkn,bus,1160
2022-12-20,bus_rkn,bus,1348
2022-12-21,bus_rkn,bus,1362
2022-12-22,bus_rkn,bus,1411
2022-12-23,bus_rkn,bus,1684
2022-12-24,bus_rkn,bus,2170
2022-12-25,bus_rkn,bus,2216
2022-12-26,bus_rkn,bus,1467
2022-12-27,bus_rkn,bus,1601
2022-12-28,bus_rkn,bus,1617
2022-12-29,bus_rkn,bus,1577
2022-12-30,bus_rkn,bus,2111
2022-12-31,bus_rkn,bus,2301
2023-01-01,bus_rkn,bus,2888
2023-01-02,bus_rkn,bus,1588
2023-01-03,bus_rkn,bus,2597
2023-01-04,bus_rkn,bus,2601
2023-01-05,bus_rkn,bus,2485
2023-01-06,bus_rkn,bus,2448
2023-01-07,bus_rkn,bus,2239
2023-01-08,bus_rkn,bus,2236
2023-01-09,bus_rkn,bus,2374
2023-01-10,bus_rkn,bus,2770
2023-01-11,bus_rkn,bus,2325
2023-01-12,bus_rkn,bus,2373
2023-01-13,bus_rkn,bus,2430
2023-01-14,bus_rkn,bus,1793
2023-01-15,bus_rkn,bus,1941
2023-01-16,bus_rkn,bus,2293
2023-01-17,bus_rkn,bus,2164
2023-01-18,bus_rkn,bus,2312
2023-01-19,bus_rkn,bus,2491
2023-01-20,bus_rkn,bus,2364
2023-01-21,bus_rkn,bus,1968
2023-01-22,bus_rkn,bus,2348
2023-01-23,bus_rkn,bus,1403
2023-01-24,bus_rkn,bus,1244
2023-01-25,bus_rkn,bus,2069
2023-01-26,bus_rkn,bus,2123
2023-01-27,bus_rkn,bus,1840
2023-01-28,bus_rkn,bus,1307
2023-01-29,bus_rkn,bus,1492
2023-01-30,bus_rkn,bus,2093
2023-01-31,bus_rkn,bus,2115
2023-02-01,bus_rkn,bus,2597
2023-02-02,bus_rkn,bus,2437
2023-02-03,bus_rkn,bus,2101
2023-02-04,bus_rkn,bus,2399
2023-02-05,bus_rkn,bus,2507
2023-02-06,bus_rkn,bus,1278
2023-02-07,bus_rkn,bus,1939
2023-02-08,bus_rkn,bus,2231
2023-02-09,bus_rkn,bus,2060
2023-02-10,bus_rkn,bus,2119
2023-02-11,bus_rkn,bus,1809
2023-02-12,bus_rkn,bus,1989
2023-02-13,bus_rkn,bus,2044
2023-02-14,bus_rkn,bus,1723
2023-02-15,bus_rkn,bus,1979
2023-02-16,bus_rkn,bus,1991
2023-02-17,bus_rkn,bus,2059
2023-02-18,bus_rkn,bus,1881
2023-02-19,bus_rkn,bus,1864
2023-02-20,bus_rkn,bus,1815
2023-02-21,bus_rkn,bus,1712
2023-02-22,bus_rkn,bus,1829
2023-02-23,bus_rkn,bus,1893
2023-02-24,bus_rkn,bus,1997
2023-02-25,bus_rkn,bus,2084
2023-02-26,bus_rkn,bus,2310
2023-02-27,bus_rkn,bus,1795
2023-02-28,bus_rkn,bus,1439
2023-03-01,bus_rkn,bus,1722
2023-03-02,bus_rkn,bus,1775
2023-03-03,bus_rkn,bus,1869
2023-03-04,bus_rkn,bus,1978
2023-03-05,bus_rkn,bus,2361
2023-03-06,bus_rkn,bus,1963
2023-03-07,bus_rkn,bus,2196
2023-03-08,bus_rkn,bus,2301
2023-03-09,bus_rkn,bus,2070
2023-03-10,bus_rkn,bus,2149
2023-03-11,bus_rkn,bus,1993
2023-03-12,bus_rkn,bus,2701
2023-03-13,bus_rkn,bus,2138
2023-03-14,bus_rkn,bus,2204
2023-03-15,bus_rkn,bus,2049
2023-03-16,bus_rkn,bus,2114
2023-03-17,bus_rkn,bus,2089
2023-03-18,bus_rkn,bus,2042
2023-03-19,bus_rkn,bus,2391
2023-03-20,bus_rkn,bus,2726
2023-03-21,bus_rkn,bus,2575
2023-03-22,bus_rkn,bus,2594
2023-03-23,bus_rkn,bus,2261
2023-03-24,bus_rkn,bus,2296
2023-03-25,bus_rkn,bus,1426
2023-03-26,bus_rkn,bus,1573
2023-03-27,bus_rkn,bus,2135
2023-03-28,bus_rkn,bus,2262
2023-03-29,bus_rkn,bus,2045
2023-03-30,bus_rkn,bus,2328
2023-03-31,bus_rkn,bus,2212
2023-04-01,bus_rkn,bus,1707
2023-04-02,bus_rkn,bus,2062
2023-04-03,bus_rkn,bus,2375
2023-04-04,bus_rkn,bus,2067
2023-04-05,bus_rkn,bus,2419
2023-04-06,bus_rkn,bus,2281
2023-04-07,bus_rkn,bus,2729
2023-04-08,bus_rkn,bus,1992
2023-04-09,bus_rkn,bus,1919
2023-04-10,bus_rkn,bus,2245
2023-04-11,bus_rkn,bus,2186
2023-04-12,bus_rkn,bus,2404
2023-04-13,bus_rkn,bus,2210
2023-04-14,bus_rkn,bus,2657
2023-04-15,bus_rkn,bus,1699
2023-04-16,bus_rkn,bus,1690
2023-04-17,bus_rkn,bus,2220
2023-04-18,bus_rkn,bus,2342
2023-04-19,bus_rkn,bus,1864
2023-04-20,bus_rkn,bus,1880
2023-04-21,bus_rkn,bus,1617
2023-04-22,bus_rkn,bus,2338
2023-04-23,bus_rkn,bus,2702
2023-04-24,bus_rkn,bus,1289
2023-04-25,bus_rkn,bus,1223
2023-04-26,bus_rkn,bus,1263
2023-04-27,bus_rkn,bus,1302
2023-04-28,bus_rkn,bus,1484
2023-04-29,bus_rkn,bus,916
2023-04-30,bus_rkn,bus,1212
2023-05-01,bus_rkn,bus,1702
2023-05-02,bus_rkn,bus,2389
2023-05-03,bus_rkn,bus,2445
2023-05-04,bus_rkn,bus,1757
2023-05-05,bus_rkn,bus,2610
2023-05-06,bus_rkn,bus,1967
2023-05-07,bus_rkn,bus,1919
2023-05-08,bus_rkn,bus,2012
2023-05-09,bus_rkn,bus,2201
2023-05-10,bus_rkn,bus,2094
2023-05-11,bus_rkn,bus,2183
2023-05-12,bus_rkn,bus,2494
2023-05-13,bus_rkn,bus,1969
2023-05-14,bus_rkn,bus,1719
2023-05-15,bus_rkn,bus,1806
2023-05-16,bus_rkn,bus,1718
2023-05-17,bus_rkn,bus,1807
2023-05-18,bus_rkn,bus,1998
2023-05-19,bus_rkn,bus,2420
2023-05-20,bus_rkn,bus,1383
2023-05-21,bus_rkn,bus,1797
2023-05-22,bus_rkn,bus,1325
2023-05-23,bus_rkn,bus,2052
2023-05-24,bus_rkn,bus,1970
2023-05-25,bus_rkn,bus,1985
2023-05-26,bus_rkn,bus,2347
2023-05-27,bus_rkn,bus,1356
2023-05-28,bus_rkn,bus,1574
2023-05-29,bus_rkn,bus,1289
2023-05-30,bus_rkn,bus,1164
2023-05-31,bus_rkn,bus,1370
2023-06-01,bus_rkn,bus,1802
2023-06-02,bus_rkn,bus,2357
2023-06-03,bus_rkn,bus,2105
2023-06-04,bus_rkn,bus,2495
2023-06-05,bus_rkn,bus,1979
2023-06-06,bus_rkn,bus,2651
2023-06-07,bus_rkn,bus,3069
2023-06-08,bus_rkn,bus,3387
2023-06-09,bus_rkn,bus,3392
2023-06-10,bus_rkn,bus,2344
2023-06-11,bus_rkn,bus,2510
2023-06-12,bus_rkn,bus,2781
2023-06-13,bus_rkn,bus,2397
2023-06-14,bus_rkn,bus,2342
2023-06-15,bus_rkn,bus,2512
2023-06-16,bus_rkn,bus,2766
2023-06-17,bus_rkn,bus,2136
2023-06-18,bus_rkn,bus,2084
2023-06-19,bus_rkn,bus,2011
2023-06-20,bus_rkn,bus,2227
2023-06-21,bus_rkn,bus,2164
2023-06-22,bus_rkn,bus,2129
2023-06-23,bus_rkn,bus,2208
2023-06-24,bus_rkn,bus,1581
2023-06-25,bus_rkn,bus,1720
2023-06-26,bus_rkn,bus,2011
2023-06-27,bus_rkn,bus,2266
2023-06-28,bus_rkn,bus,2000
2023-06-29,bus_rkn,bus,1954
2023-06-30,bus_rkn,bus,1747
2023-07-01,bus_rkn,bus,1502
2023-07-02,bus_rkn,bus,1960
2023-07-03,bus_rkn,bus,2547
2023-07-04,bus_rkn,bus,2443
2023-07-05,bus_rkn,bus,2683
2023-07-06,bus_rkn,bus,2834
2023-07-07,bus_rkn,bus,3487
2023-07-08,bus_rkn,bus,2037
2023-07-09,bus_rkn,bus,2841
2023-07-10,bus_rkn,bus,2837
2023-07-11,bus_rkn,bus,2597
2023-07-12,bus_rkn,bus,2876
2023-07-13,bus_rkn,bus,3061
2023-07-14,bus_rkn,bus,3152
2023-07-15,bus_rkn,bus,2160
2023-07-16,bus_rkn,bus,2221
2023-07-17,bus_rkn,bus,2596
2023-07-18,bus_rkn,bus,2748
2023-07-19,bus_rkn,bus,1712
2023-07-20,bus_rkn,bus,2544
2023-07-21,bus_rkn,bus,2582
2023-07-22,bus_rkn,bus,1807
2023-07-23,bus_rkn,bus,1967
2023-07-24,bus_rkn,bus,2396
2023-07-25,bus_rkn,bus,2840
2023-07-26,bus_rkn,bus,2609
2023-07-27,bus_rkn,bus,2334
2023-07-28,bus_rkn,bus,2616
2023-07-29,bus_rkn,bus,1757
2023-07-30,bus_rkn,bus,2152
2023-07-31,bus_rkn,bus,1768
2023-08-01,bus_rkn,bus,2694
2023-08-02,bus_rkn,bus,2686
2023-08-03,bus_rkn,bus,2531
2023-08-04,bus_rkn,bus,2716
2023-08-05,bus_rkn,bus,2167
2023-08-06,bus_rkn,bus,2548
2023-08-07,bus_rkn,bus,2828
2023-08-08,bus_rkn,bus,3612
2023-08-09,bus_rkn,bus,2944
2023-08-10,bus_rkn,bus,3195
2023-08-11,bus_rkn,bus,2877
2023-08-12,bus_rkn,bus,2193
2023-08-13,bus_rkn,bus,2567
2023-08-14,bus_rkn,bus,2649
2023-08-15,bus_rkn,bus,2733
2023-08-16,bus_rkn,bus,3028
2023-08-17,bus_rkn,bus,2766
2023-08-18,bus_rkn,bus,2716
2023-08-19,bus_rkn,bus,2309
2023-08-20,bus_rkn,bus,2438
2023-08-21,bus_rkn,bus,1811
2023-08-22,bus_rkn,bus,2072
2023-08-23,bus_rkn,bus,1578
2023-08-24,bus_rkn,bus,1512
2023-08-25,bus_rkn,bus,1685
2023-08-26,bus_rkn,bus,1413
2023-08-27,bus_rkn,bus,1415
2023-08-28,bus_rkn,bus,1177
2023-08-29,bus_rkn,bus,1330
2023-08-30,bus_rkn,bus,1445
2023-08-31,bus_rkn,bus,1841
2023-09-01,bus_rkn,bus,2060
2023-09-02,bus_rkn,bus,2254
2023-09-03,bus_rkn,bus,2336
2023-09-04,bus_rkn,bus,2634
2023-09-05,bus_rkn,bus,2431
2023-09-06,bus_rkn,bus,2777
2023-09-07,bus_rkn,bus,3235
2023-09-08,bus_rkn,bus,3161
2023-09-09,bus_rkn,bus,2507
2023-09-10,bus_rkn,bus,2582
2023-09-11,bus_rkn,bus,2800
2023-09-12,bus_rkn,bus,2617
2023-09-13,bus_rkn,bus,2779
2023-09-14,bus_rkn,bus,2727
2023-09-15,bus_rkn,bus,2857
2023-09-16,bus_rkn,bus,2760
2023-09-17,bus_rkn,bus,2334
2023-09-18,bus_rkn,bus,2815
2023-09-19,bus_rkn,bus,2644
2023-09-20,bus_rkn,bus,2237
2023-09-21,bus_rkn,bus,2216
2023-09-22,bus_rkn,bus,2519
2023-09-23,bus_rkn,bus,1906
2023-09-24,bus_rkn,bus,1395
2023-09-25,bus_rkn,bus,1949
2023-09-26,bus_rkn,bus,2000
2023-09-27,bus_rkn,bus,2344
2023-09-28,bus_rkn,bus,1404
2023-09-29,bus_rkn,bus,2018
2023-09-30,bus_rkn,bus,1849
2023-10-01,bus_rkn,bus,2071
2023-10-02,bus_rkn,bus,2185
2023-10-03,bus_rkn,bus,2230
2023-10-04,bus_rkn,bus,2327
2023-10-05,bus_rkn,bus,2220
2023-10-06,bus_rkn,bus,2774
2023-10-07,bus_rkn,bus,2606
2023-10-08,bus_rkn,bus,2863
2023-10-09,bus_rkn,bus,2061
2023-10-10,bus_rkn,bus,2320
2023-10-11,bus_rkn,bus,2146
2023-10-12,bus_rkn,bus,2099
2023-10-13,bus_rkn,bus,2452
2023-10-14,bus_rkn,bus,1941
2023-10-15,bus_rkn,bus,2301
2023-10-16,bus_rkn,bus,1986
2023-10-17,bus_rkn,bus,2092
2023-10-18,bus_rkn,bus,1928
2023-10-19,bus_rkn,bus,2022
2023-10-20,bus_rkn,bus,2860
2023-10-21,bus_rkn,bus,2251
2023-10-22,bus_rkn,bus,2228
2023-10-23,bus_rkn,bus,2707
2023-10-24,bus_rkn,bus,2267
2023-10-25,bus_rkn,bus,2694
2023-10-26,bus_rkn,bus,2107
2023-10-27,bus_rkn,bus,1957
2023-10-28,bus_rkn,bus,3518
2023-10-29,bus_rkn,bus,3144
2023-10-30,bus_rkn,bus,2858
2023-10-31,bus_rkn,bus,2936
2023-11-01,bus_rkn,bus,2290
2023-11-02,bus_rkn,bus,2682
2023-11-03,bus_rkn,bus,2677
2023-11-04,bus_rkn,bus,2930
2023-11-05,bus_rkn,bus,2564
2023-11-06,bus_rkn,bus,3666
2023-11-07,bus_rkn,bus,3465
2023-11-08,bus_rkn,bus,3126
2023-11-09,bus_rkn,bus,3289
2023-11-10,bus_rkn,bus,4240
2023-11-11,bus_rkn,bus,2238
2023-11-12,bus_rkn,bus,3212
2023-11-13,bus_rkn,bus,1761
2023-11-14,bus_rkn,bus,2232
2023-11-15,bus_rkn,bus,3213
2023-11-16,bus_rkn,bus,2862
2023-11-17,bus_rkn,bus,3228
2023-11-18,bus_rkn,bus,2236
2023-11-19,bus_rkn,bus,2275
2023-11-20,bus_rkn,bus,2476
2023-11-21,bus_rkn,bus,3030
2023-11-22,bus_rkn,bus,3051
2023-11-23,bus_rkn,bus,2441
2023-11-24,bus_rkn,bus,2651
2023-11-25,bus_rkn,bus,2629
2023-11-26,bus_rkn,bus,2843
2023-11-27,bus_rkn,bus,2905
2023-11-28,bus_rkn,bus,2672
2023-11-29,bus_rkn,bus,2733
2023-11-30,bus_rkn,bus,2714
2023-12-01,bus_rkn,bus,2937
2023-12-02,bus_rkn,bus,2171
2023-12-03,bus_rkn,bus,2272
2023-12-04,bus_rkn,bus,2791
2023-12-05,bus_rkn,bus,3302
2023-12-06,bus_rkn,bus,3124
2023-12-07,bus_rkn,bus,3083
2023-12-08,bus_rkn,bus,3018
2023-12-09,bus_rkn,bus,2565
2023-12-10,bus_rkn,bus,3447
2023-12-11,bus_rkn,bus,2812
2023-12-12,bus_rkn,bus,2615
2023-12-13,bus_rkn,bus,2274
2023-12-14,bus_rkn,bus,2995
2023-12-15,bus_rkn,bus,2699
2023-12-16,bus_rkn,bus,2120
2023-12-17,bus_rkn,bus,1942
2023-12-18,bus_rkn,bus,2182
2023-12-19,bus_rkn,bus,1768
2023-12-20,bus_rkn,bus,1969
2023-12-21,bus_rkn,bus,1839
2023-12-22,bus_rkn,bus,1754
2023-12-23,bus_rkn,bus,1795
2023-12-24,bus_rkn,bus,1716
2023-12-25,bus_rkn,bus,1324
2023-12-26,bus_rkn,bus,1502
2023-12-27,bus_rkn,bus,1646
2023-12-28,bus_rkn,bus,1728
2023-12-29,bus_rkn,bus,1765
2023-12-30,bus_rkn,bus,2304
2023-12-31,bus_rkn,bus,2584
2024-01-01,bus_rkn,bus,2425
2024-01-02,bus_rkn,bus,2858
2024-01-03,bus_rkn,bus,2878
2024-01-04,bus_rkn,bus,2777
2024-01-05,bus_rkn,bus,2978
2024-01-06,bus_rkn,bus,2983
2024-01-07,bus_rkn,bus,2519
2024-01-08,bus_rkn,bus,2798
2024-01-09,bus_rkn,bus,2655
2024-01-10,bus_rkn,bus,2897
2024-01-11,bus_rkn,bus,2855
2024-01-12,bus_rkn,bus,3085
2024-01-13,bus_rkn,bus,2217
2024-01-14,bus_rkn,bus,2582
2024-01-15,bus_rkn,bus,2844
2024-01-16,bus_rkn,bus,2429
2024-01-17,bus_rkn,bus,2670
2024-01-18,bus_rkn,bus,2522
2024-01-19,bus_rkn,bus,2934
2024-01-20,bus_rkn,bus,2214
2024-01-21,bus_rkn,bus,2160
2024-01-22,bus_rkn,bus,2780
2024-01-23,bus_rkn,bus,2386
2024-01-24,bus_rkn,bus,2511
2024-01-25,bus_rkn,bus,2236
2024-01-26,bus_rkn,bus,2574
2024-01-27,bus_rkn,bus,2262
2024-01-28,bus_rkn,bus,2382
2024-01-29,bus_rkn,bus,2576
2024-01-30,bus_rkn,bus,2376
2024-01-31,bus_rkn,bus,2645
2024-02-01,bus_rkn,bus,2741
2024-02-02,bus_rkn,bus,2891
2024-02-03,bus_rkn,bus,3063
2024-02-04,bus_rkn,bus,2863
2024-02-05,bus_rkn,bus,2685
2024-02-06,bus_rkn,bus,2697
2024-02-07,bus_rkn,bus,3238
2024-02-08,bus_rkn,bus,3314
2024-02-09,bus_rkn,bus,3316
2024-02-10,bus_rkn,bus,3941
2024-02-11,bus_rkn,bus,3470
2024-02-12,bus_rkn,bus,2009
2024-02-13,bus_rkn,bus,2216
2024-02-14,bus_rkn,bus,2296
2024-02-15,bus_rkn,bus,2109
2024-02-16,bus_rkn,bus,2360
2024-02-17,bus_rkn,bus,2158
2024-02-18,bus_rkn,bus,2630
2024-02-19,bus_rkn,bus,2180
2024-02-20,bus_rkn,bus,2301
2024-02-21,bus_rkn,bus,2799
2024-02-22,bus_rkn,bus,2580
2024-02-23,bus_rkn,bus,2830
2024-02-24,bus_rkn,bus,2615
2024-02-25,bus_rkn,bus,2503
2024-02-26,bus_rkn,bus,2168
2024-02-27,bus_rkn,bus,2125
2024-02-28,bus_rkn,bus,2049
2024-02-29,bus_rkn,bus,1942
2024-03-01,bus_rkn,bus,2631
2024-03-02,bus_rkn,bus,2362
2024-03-03,bus_rkn,bus,2631
2024-03-04,bus_rkn,bus,2285
2024-03-05,bus_rkn,bus,2384
2024-03-06,bus_rkn,bus,2935
2024-03-07,bus_rkn,bus,3049
2024-03-08,bus_rkn,bus,3495
2024-03-09,bus_rkn,bus,3005
2024-03-10,bus_rkn,bus,3350
2024-03-11,bus_rkn,bus,3535
2024-03-12,bus_rkn,bus,2939
2024-03-13,bus_rkn,bus,2872
2024-03-14,bus_rkn,bus,2565
2024-03-15,bus_rkn,bus,2919
2024-03-16,bus_rkn,bus,1925
2024-03-17,bus_rkn,bus,2208
2024-03-18,bus_rkn,bus,2942
2024-03-19,bus_rkn,bus,2590
2024-03-20,bus_rkn,bus,2762
2024-03-21,bus_rkn,bus,2748
2024-03-22,bus_rkn,bus,2936
2024-03-23,bus_rkn,bus,2056
2024-03-24,bus_rkn,bus,2134
2024-03-25,bus_rkn,bus,2556
2024-03-26,bus_rkn,bus,2777
2024-03-27,bus_rkn,bus,2838
2024-03-28,bus_rkn,bus,1808
2024-03-29,bus_rkn,bus,2958
2024-03-30,bus_rkn,bus,2011
2024-03-31,bus_rkn,bus,2201
2024-04-01,bus_rkn,bus,2622
2024-04-02,bus_rkn,bus,2494
2024-04-03,bus_rkn,bus,2783
2024-04-04,bus_rkn,bus,2880
2024-04-05,bus_rkn,bus,3959
2024-04-06,bus_rkn,bus,2686
2024-04-07,bus_rkn,bus,3106
2024-04-08,bus_rkn,bus,2453
2024-04-09,bus_rkn,bus,2495
2024-04-10,bus_rkn,bus,3011
2024-04-11,bus_rkn,bus,4865
2024-04-12,bus_rkn,bus,2150
2024-04-13,bus_rkn,bus,1903
2024-04-14,bus_rkn,bus,2311
2024-04-15,bus_rkn,bus,2899
2024-04-16,bus_rkn,bus,2718
2024-04-17,bus_rkn,bus,2756
2024-04-18,bus_rkn,bus,2905
2024-04-19,bus_rkn,bus,2984
2024-04-20,bus_rkn,bus,2773
2024-04-21,bus_rkn,bus,2850
2024-04-22,bus_rkn,bus,3065
2024-04-23,bus_rkn,bus,2969
2024-04-24,bus_rkn,bus,3030
2024-04-25,bus_rkn,bus,2653
2024-04-26,bus_rkn,bus,2874
2024-04-27,bus_rkn,bus,2865
2024-04-28,bus_rkn,bus,2960
2024-04-29,bus_rkn,bus,2869
2024-04-30,bus_rkn,bus,3032
2024-05-01,bus_rkn,bus,2840
2024-05-02,bus_rkn,bus,2708
2024-05-03,bus_rkn,bus,3234
2024-05-04,bus_rkn,bus,2968
2024-05-05,bus_rkn,bus,3100
2024-05-06,bus_rkn,bus,2829
2024-05-07,bus_rkn,bus,3665
2024-05-08,bus_rkn,bus,3580
2024-05-09,bus_rkn,bus,3008
2024-05-10,bus_rkn,bus,3452
2024-05-11,bus_rkn,bus,2818
2024-05-12,bus_rkn,bus,3400
2024-05-13,bus_rkn,bus,2928
2024-05-14,bus_rkn,bus,2895
2024-05-15,bus_rkn,bus,2851
2024-05-16,bus_rkn,bus,2894
2024-05-17,bus_rkn,bus,3111
2024-05-18,bus_rkn,bus,2684
2024-05-19,bus_rkn,bus,2837
2024-05-20,bus_rkn,bus,3143
2024-05-21,bus_rkn,bus,2698
2024-05-22,bus_rkn,bus,2244
2024-05-23,bus_rkn,bus,2838
2024-05-24,bus_rkn,bus,3106
2024-05-25,bus_rkn,bus,2550
2024-05-26,bus_rkn,bus,2635
2024-05-27,bus_rkn,bus,2375
2024-05-28,bus_rkn,bus,2024
2024-05-29,bus_rkn,bus,2459
2024-05-30,bus_rkn,bus,2256
2024-05-31,bus_rkn,bus,2664
2024-06-01,bus_rkn,bus,2590
2024-06-02,bus_rkn,bus,2966
2024-06-03,bus_rkn,bus,2667
2024-06-04,bus_rkn,bus,3004
2024-06-05,bus_rkn,bus,2855
2024-06-06,bus_rkn,bus,2802
2024-06-07,bus_rkn,bus,4170
2024-06-08,bus_rkn,bus,2970
2024-06-09,bus_rkn,bus,3229
2024-06-10,bus_rkn,bus,2939
2024-06-11,bus_rkn,bus,3144
2024-06-12,bus_rkn,bus,2804
2024-06-13,bus_rkn,bus,2779
2024-06-14,bus_rkn,bus,2999
2024-06-15,bus_rkn,bus,2394
2024-06-16,bus_rkn,bus,3099
2024-06-17,bus_rkn,bus,2907
2024-06-18,bus_rkn,bus,2847
2024-06-19,bus_rkn,bus,2719
2024-06-20,bus_rkn,bus,2963
2024-06-21,bus_rkn,bus,2456
2024-06-22,bus_rkn,bus,2327
2024-06-23,bus_rkn,bus,2178
2024-06-24,bus_rkn,bus,2904
2024-06-25,bus_rkn,bus,2720
2024-06-26,bus_rkn,bus,2753
2024-06-27,bus_rkn,bus,2794
2024-06-28,bus_rkn,bus,2789
2024-06-29,bus_rkn,bus,2217
2024-06-30,bus_rkn,bus,2343
2024-07-01,bus_rkn,bus,2738
2024-07-02,bus_rkn,bus,2817
2024-07-03,bus_rkn,bus,3030
2024-07-04,bus_rkn,bus,2872
2024-07-05,bus_rkn,bus,3430
2024-07-06,bus_rkn,bus,3022
2024-07-07,bus_rkn,bus,3778
2024-07-08,bus_rkn,bus,1961
2024-07-09,bus_rkn,bus,2933
2024-07-10,bus_rkn,bus,2999
2024-07-11,bus_rkn,bus,2976
2024-07-12,bus_rkn,bus,2818
2024-07-13,bus_rkn,bus,2238
2024-07-14,bus_rkn,bus,2580
2024-07-15,bus_rkn,bus,2919
2024-07-16,bus_rkn,bus,2686
2024-07-17,bus_rkn,bus,2803
2024-07-18,bus_rkn,bus,2732
2024-07-19,bus_rkn,bus,2682
2024-07-20,bus_rkn,bus,2099
2024-07-21,bus_rkn,bus,2509
2024-07-22,bus_rkn,bus,2734
2024-07-23,bus_rkn,bus,2739
2024-07-24,bus_rkn,bus,2681
2024-07-25,bus_rkn,bus,2749
2024-07-26,bus_rkn,bus,3124
2024-07-27,bus_rkn,bus,2741
2024-07-28,bus_rkn,bus,2806
2024-07-29,bus_rkn,bus,2512
2024-07-30,bus_rkn,bus,1663
2024-07-31,bus_rkn,bus,2692
2024-08-01,bus_rkn,bus,2864
2024-08-02,bus_rkn,bus,2800
2024-08-03,bus_rkn,bus,2792
2024-08-04,bus_rkn,bus,3088
2024-08-05,bus_rkn,bus,2873
2024-08-06,bus_rkn,bus,3247
2024-08-07,bus_rkn,bus,3686
2024-08-08,bus_rkn,bus,3140
2024-08-09,bus_rkn,bus,3572
2024-08-10,bus_rkn,bus,3117
2024-08-11,bus_rkn,bus,3390
2024-08-12,bus_rkn,bus,2757
2024-08-13,bus_rkn,bus,2830
2024-08-14,bus_rkn,bus,2837
2024-08-15,bus_rkn,bus,2843
2024-08-16,bus_rkn,bus,3040
2024-08-17,bus_rkn,bus,2977
2024-08-18,bus_rkn,bus,3105
2024-08-19,bus_rkn,bus,2894
2024-08-20,bus_rkn,bus,2710
2024-08-21,bus_rkn,bus,2792
2024-08-22,bus_rkn,bus,2676
2024-08-23,bus_rkn,bus,2799
2024-08-24,bus_rkn,bus,2697
2024-08-25,bus_rkn,bus,2897
2024-08-26,bus_rkn,bus,2635
2024-08-27,bus_rkn,bus,2689
2024-08-28,bus_rkn,bus,2634
2024-08-29,bus_rkn,bus,2689
2024-08-30,bus_rkn,bus,3111
2024-08-31,bus_rkn,bus,3813
2024-09-01,bus_rkn,bus,2853
2024-09-02,bus_rkn,bus,2763
2024-09-03,bus_rkn,bus,2962
2024-09-04,bus_rkn,bus,2929
2024-09-05,bus_rkn,bus,2944
2024-09-06,bus_rkn,bus,3861
2024-09-07,bus_rkn,bus,3240
2024-09-08,bus_rkn,bus,3387
2024-09-09,bus_rkn,bus,2962
2024-09-10,bus_rkn,bus,3118
2024-09-11,bus_rkn,bus,2759
2024-09-12,bus_rkn,bus,2867
2024-09-13,bus_rkn,bus,2989
2024-09-14,bus_rkn,bus,2198
2024-09-15,bus_rkn,bus,2859
2024-09-16,bus_rkn,bus,2348
2024-09-17,bus_rkn,bus,2060
2024-09-18,bus_rkn,bus,2293
2024-09-19,bus_rkn,bus,2188
2024-09-20,bus_rkn,bus,2254
2024-09-21,bus_rkn,bus,2214
2024-09-22,bus_rkn,bus,2478
2024-09-23,bus_rkn,bus,2765
2024-09-24,bus_rkn,bus,2672
2024-09-25,bus_rkn,bus,2595
2024-09-26,bus_rkn,bus,2801
2024-09-27,bus_rkn,bus,2694
2024-09-28,bus_rkn,bus,3227
2024-09-29,bus_rkn,bus,2442
2024-09-30,bus_rkn,bus,2673
2024-10-01,bus_rkn,bus,2736
2024-10-02,bus_rkn,bus,2587
2024-10-03,bus_rkn,bus,2644
2024-10-04,bus_rkn,bus,2897
2024-10-05,bus_rkn,bus,2761
2024-10-06,bus_rkn,bus,3003
2024-10-07,bus_rkn,bus,2792
2024-10-08,bus_rkn,bus,3259
2024-10-09,bus_rkn,bus,2704
2024-10-10,bus_rkn,bus,2635
2024-10-11,bus_rkn,bus,2786
2024-10-12,bus_rkn,bus,2331
2024-10-13,bus_rkn,bus,2543
2024-10-14,bus_rkn,bus,2467
2024-10-15,bus_rkn,bus,2458
2024-10-16,bus_rkn,bus,2457
2024-10-17,bus_rkn,bus,2415
2024-10-18,bus_rkn,bus,2855
2024-10-19,bus_rkn,bus,2130
2024-10-20,bus_rkn,bus,2392
2024-10-21,bus_rkn,bus,2389
2024-10-22,bus_rkn,bus,2202
2024-10-23,bus_rkn,bus,2090
2024-10-24,bus_rkn,bus,2186
2024-10-25,bus_rkn,bus,2471
2024-10-26,bus_rkn,bus,2216
2024-10-27,bus_rkn,bus,2253
2024-10-28,bus_rkn,bus,2333
2024-10-29,bus_rkn,bus,2339
2024-10-30,bus_rkn,bus,2141
2024-10-31,bus_rkn,bus,1992
2024-11-01,bus_rkn,bus,1916
2024-11-02,bus_rkn,bus,1653
2024-11-03,bus_rkn,bus,1954
2024-11-04,bus_rkn,bus,2268
2024-11-05,bus_rkn,bus,2306
2024-11-06,bus_rkn,bus,2133
2024-11-07,bus_rkn,bus,2656
2024-11-08,bus_rkn,bus,2799
2024-11-09,bus_rkn,bus,2170
2024-11-10,bus_rkn,bus,2587
2024-11-11,bus_rkn,bus,2181
2024-11-12,bus_rkn,bus,2254
2024-11-13,bus_rkn,bus,2215
2024-11-14,bus_rkn,bus,2196
2024-11-15,bus_rkn,bus,2518
2024-11-16,bus_rkn,bus,1971
2024-11-17,bus_rkn,bus,2275
2024-11-18,bus_rkn,bus,1963
2024-11-19,bus_rkn,bus,1802
2024-11-20,bus_rkn,bus,1963
2024-11-21,bus_rkn,bus,1955
2024-11-22,bus_rkn,bus,2179
2024-11-23,bus_rkn,bus,1660
2024-11-24,bus_rkn,bus,1928
2024-11-25,bus_rkn,bus,2305
2024-11-26,bus_rkn,bus,2038
2024-11-27,bus_rkn,bus,1984
2024-11-28,bus_rkn,bus,2022
2024-11-29,bus_rkn,bus,2158
2024-11-30,bus_rkn,bus,2339
2024-12-01,bus_rkn,bus,2433
2024-12-02,bus_rkn,bus,2310
2024-12-03,bus_rkn,bus,2432
2024-12-04,bus_rkn,bus,2411
2024-12-05,bus_rkn,bus,2593
2024-12-06,bus_rkn,bus,3647
2024-12-07,bus_rkn,bus,3363
2024-12-08,bus_rkn,bus,3727
2024-12-09,bus_rkn,bus,1988
2024-12-10,bus_rkn,bus,2381
2024-12-11,bus_rkn,bus,2604
2024-12-12,bus_rkn,bus,2610
2024-12-13,bus_rkn,bus,2799
2024-12-14,bus_rkn,bus,2529
2024-12-15,bus_rkn,bus,2579
2024-12-16,bus_rkn,bus,2332
2024-12-17,bus_rkn,bus,2262
2024-12-18,bus_rkn,bus,2254
2024-12-19,bus_rkn,bus,2256
2024-12-20,bus_rkn,bus,2707
2024-12-21,bus_rkn,bus,2228
2024-12-22,bus_rkn,bus,2577
2024-12-23,bus_rkn,bus,1963
2024-12-24,bus_rkn,bus,2014
2024-12-25,bus_rkn,bus,2280
2024-12-26,bus_rkn,bus,2020
2024-12-27,bus_rkn,bus,1996
2024-12-28,bus_rkn,bus,2063
2024-12-29,bus_rkn,bus,1871
2024-12-30,bus_rkn,bus,2271
2024-12-31,bus_rkn,bus,2367
2025-01-01,bus_rkn,bus,2313
2025-01-02,bus_rkn,bus,2208
2025-01-03,bus_rkn,bus,2286
2025-01-04,bus_rkn,bus,2008
2025-01-05,bus_rkn,bus,2336
2025-01-06,bus_rkn,bus,2300
2025-01-07,bus_rkn,bus,2691
2025-01-08,bus_rkn,bus,2975
2025-01-09,bus_rkn,bus,2393
2025-01-10,bus_rkn,bus,2341
2025-01-11,bus_rkn,bus,1881
2025-01-12,bus_rkn,bus,2370
2025-01-13,bus_rkn,bus,2078
2025-01-14,bus_rkn,bus,2214
2025-01-15,bus_rkn,bus,2208
2025-01-16,bus_rkn,bus,2276
2025-01-17,bus_rkn,bus,2223
2025-01-18,bus_rkn,bus,2357
2025-01-19,bus_rkn,bus,2430
2025-01-20,bus_rkn,bus,2107
2025-01-21,bus_rkn,bus,2030
2025-01-22,bus_rkn,bus,2045
2025-01-23,bus_rkn,bus,2125
2025-01-24,bus_rkn,bus,2226
2025-01-25,bus_rkn,bus,2037
2025-01-26,bus_rkn,bus,2554
2025-01-27,bus_rkn,bus,2079
2025-01-28,bus_rkn,bus,2195
2025-01-29,bus_rkn,bus,2435
2025-01-30,bus_rkn,bus,2177
2025-01-31,bus_rkn,bus,2121
2025-02-01,bus_rkn,bus,1948
2025-02-02,bus_rkn,bus,2202
2025-02-03,bus_rkn,bus,2165
2025-02-04,bus_rkn,bus,1969
2025-02-05,bus_rkn,bus,2233
2025-02-06,bus_rkn,bus,2156
2025-02-07,bus_rkn,bus,2986
2025-02-08,bus_rkn,bus,2943
2025-02-09,bus_rkn,bus,3255
2025-02-10,bus_rkn,bus,2263
2025-02-11,bus_rkn,bus,2107
2025-02-12,bus_rkn,bus,2050
2025-02-13,bus_rkn,bus,2062
2025-02-14,bus_rkn,bus,2212
2025-02-15,bus_rkn,bus,2116
2025-02-16,bus_rkn,bus,2805
2025-02-17,bus_rkn,bus,2843
2025-02-18,bus_rkn,bus,2798
2025-02-19,bus_rkn,bus,2771
2025-02-20,bus_rkn,bus,2741
2025-02-21,bus_rkn,bus,2788
2025-02-22,bus_rkn,bus,1738
2025-02-23,bus_rkn,bus,2471
2025-02-24,bus_rkn,bus,2746
2025-02-25,bus_rkn,bus,2603
2025-02-26,bus_rkn,bus,2717
2025-02-27,bus_rkn,bus,2755
2025-02-28,bus_rkn,bus,3026
2025-03-01,bus_rkn,bus,2433
2025-03-02,bus_rkn,bus,2041
2025-03-03,bus_rkn,bus,2430
2025-03-04,bus_rkn,bus,2413
2025-03-05,bus_rkn,bus,2486
2025-03-06,bus_rkn,bus,2556
2025-03-07,bus_rkn,bus,3339
2025-03-08,bus_rkn,bus,2341
2025-03-09,bus_rkn,bus,2758
2025-03-10,bus_rkn,bus,2667
2025-03-11,bus_rkn,bus,2617
2025-03-12,bus_rkn,bus,2584
2025-03-13,bus_rkn,bus,2409
2025-03-14,bus_rkn,bus,2806
2025-03-15,bus_rkn,bus,2008
2025-03-16,bus_rkn,bus,2271
2025-03-17,bus_rkn,bus,2354
2025-03-18,bus_rkn,bus,1573
2025-03-19,bus_rkn,bus,2409
2025-03-20,bus_rkn,bus,2488
2025-03-21,bus_rkn,bus,2685
2025-03-22,bus_rkn,bus,1832
2025-03-23,bus_rkn,bus,1985
2025-03-24,bus_rkn,bus,2436
2025-03-25,bus_rkn,bus,2592
2025-03-26,bus_rkn,bus,2672
2025-03-27,bus_rkn,bus,2754
2025-03-28,bus_rkn,bus,2871
2025-03-29,bus_rkn,bus,1979
2025-03-30,bus_rkn,bus,2886
2025-03-31,bus_rkn,bus,2752
2025-04-01,bus_rkn,bus,3191
2025-04-02,bus_rkn,bus,1997
2025-04-03,bus_rkn,bus,1734
2025-04-04,bus_rkn,bus,1802
2025-04-05,bus_rkn,bus,1900
2025-04-06,bus_rkn,bus,2424
2025-04-07,bus_rkn,bus,3068
2025-04-08,bus_rkn,bus,3190
2025-04-09,bus_rkn,bus,2872
2025-04-10,bus_rkn,bus,2653
2025-04-11,bus_rkn,bus,3076
2025-04-12,bus_rkn,bus,2868
2025-04-13,bus_rkn,bus,2631
2025-04-14,bus_rkn,bus,2662
2025-04-15,bus_rkn,bus,2501
2025-04-16,bus_rkn,bus,2610
2025-04-17,bus_rkn,bus,2520
2025-04-18,bus_rkn,bus,2739
2025-04-19,bus_rkn,bus,2490
2025-04-20,bus_rkn,bus,2907
2025-04-21,bus_rkn,bus,2562
2025-04-22,bus_rkn,bus,2483
2025-04-23,bus_rkn,bus,2453
2025-04-24,bus_rkn,bus,2563
2025-04-25,bus_rkn,bus,2567
2025-04-26,bus_rkn,bus,2269
2025-04-27,bus_rkn,bus,2499
2025-04-28,bus_rkn,bus,2375
2025-04-29,bus_rkn,bus,2463
2025-04-30,bus_rkn,bus,2578
2025-05-01,bus_rkn,bus,1996
2025-05-02,bus_rkn,bus,2634
2025-05-03,bus_rkn,bus,1979
2025-05-04,bus_rkn,bus,2362
2025-05-05,bus_rkn,bus,2585
2025-05-06,bus_rkn,bus,2733
2025-05-07,bus_rkn,bus,3005
2025-05-08,bus_rkn,bus,3069
2025-05-09,bus_rkn,bus,2822
2025-05-10,bus_rkn,bus,2279
2025-05-11,bus_rkn,bus,2697
2025-05-12,bus_rkn,bus,1693
2025-05-13,bus_rkn,bus,2769
2025-05-14,bus_rkn,bus,2455
2025-05-15,bus_rkn,bus,2288
2025-05-16,bus_rkn,bus,2506
2025-05-17,bus_rkn,bus,1953
2025-05-18,bus_rkn,bus,2315
2025-05-19,bus_rkn,bus,2502
2025-05-20,bus_rkn,bus,2365
2025-05-21,bus_rkn,bus,2442
2025-05-22,bus_rkn,bus,2068
2025-05-23,bus_rkn,bus,2739
2025-05-24,bus_rkn,bus,2203
2025-05-25,bus_rkn,bus,2377
2025-05-26,bus_rkn,bus,2373
2025-05-27,bus_rkn,bus,2334
2025-05-28,bus_rkn,bus,2555
2025-05-29,bus_rkn,bus,1969
2025-05-30,bus_rkn,bus,1921
2025-05-31,bus_rkn,bus,2015
2025-06-01,bus_rkn,bus,2375
2025-06-02,bus_rkn,bus,1837
2025-06-03,bus_rkn,bus,1887
2025-06-04,bus_rkn,bus,2121
2025-06-05,bus_rkn,bus,2084
2025-06-06,bus_rkn,bus,3342
2025-06-07,bus_rkn,bus,2712
2025-06-08,bus_rkn,bus,3205
2025-06-09,bus_rkn,bus,2032
2025-06-10,bus_rkn,bus,2466
2025-06-11,bus_rkn,bus,2581
2025-06-12,bus_rkn,bus,2409
2025-06-13,bus_rkn,bus,2516
2025-06-14,bus_rkn,bus,1839
2025-06-15,bus_rkn,bus,2326
2025-06-16,bus_rkn,bus,2562
2025-06-17,bus_rkn,bus,2441
2025-06-18,bus_rkn,bus,2415
2025-06-19,bus_rkn,bus,2288
2025-06-20,bus_rkn,bus,2449
2025-06-21,bus_rkn,bus,1870
2025-06-22,bus_rkn,bus,2208
2025-06-23,bus_rkn,bus,2401
2025-06-24,bus_rkn,bus,2290
2025-06-25,bus_rkn,bus,2237
2025-06-26,bus_rkn,bus,2362
2025-06-27,bus_rkn,bus,1831
2025-06-28,bus_rkn,bus,1727
2025-06-29,bus_rkn,bus,2078
2025-06-30,bus_rkn,bus,2339
2025-07-01,bus_rkn,bus,2403
2025-07-02,bus_rkn,bus,2374
2025-07-03,bus_rkn,bus,2427
2025-07-04,bus_rkn,bus,2542
2025-07-05,bus_rkn,bus,2129
2025-07-06,bus_rkn,bus,2822
2025-07-07,bus_rkn,bus,2594
2025-07-08,bus_rkn,bus,2963
2025-07-09,bus_rkn,bus,2548
2025-07-10,bus_rkn,bus,2463
2025-07-11,bus_rkn,bus,2604
2025-07-12,bus_rkn,bus,1878
2025-07-13,bus_rkn,bus,2374
2025-07-14,bus_rkn,bus,2007
2025-07-15,bus_rkn,bus,2510
2025-07-16,bus_rkn,bus,2432
2025-07-17,bus_rkn,bus,2316
2025-07-18,bus_rkn,bus,2375
2025-07-19,bus_rkn,bus,2177
2025-07-20,bus_rkn,bus,2244
2025-07-21,bus_rkn,bus,2400
2025-07-22,bus_rkn,bus,2420
2025-07-23,bus_rkn,bus,2309
2025-07-24,bus_rkn,bus,2458
2025-07-25,bus_rkn,bus,2224
2025-07-26,bus_rkn,bus,2245
2025-07-27,bus_rkn,bus,2102
2025-07-28,bus_rkn,bus,2289
2025-07-29,bus_rkn,bus,2206
2025-07-30,bus_rkn,bus,2255
2025-07-31,bus_rkn,bus,2307
2025-08-01,bus_rkn,bus,2426
2025-08-02,bus_rkn,bus,2424
2025-08-03,bus_rkn,bus,2224
2025-08-04,bus_rkn,bus,2200
2025-08-05,bus_rkn,bus,2527
2025-08-06,bus_rkn,bus,2491
2025-08-07,bus_rkn,bus,2907
2025-08-08,bus_rkn,bus,3093
2025-08-09,bus_rkn,bus,2313
2025-08-10,bus_rkn,bus,2576
2025-08-11,bus_rkn,bus,2395
2025-08-12,bus_rkn,bus,2476
2025-08-13,bus_rkn,bus,2350
2025-08-14,bus_rkn,bus,2442
2025-08-15,bus_rkn,bus,2429
2025-08-16,bus_rkn,bus,2304
2025-08-17,bus_rkn,bus,2352
2025-08-18,bus_rkn,bus,2281
2025-08-19,bus_rkn,bus,2277
2025-08-20,bus_rkn,bus,2187
2025-08-21,bus_rkn,bus,2298
2025-08-22,bus_rkn,bus,2338
2025-08-23,bus_rkn,bus,1874
2025-08-24,bus_rkn,bus,2113
2025-08-25,bus_rkn,bus,2234
2025-08-26,bus_rkn,bus,2138
2025-08-27,bus_rkn,bus,2160
2025-08-28,bus_rkn,bus,2282
2025-08-29,bus_rkn,bus,2260
2025-08-30,bus_rkn,bus,1677
2025-08-31,bus_rkn,bus,2707
2025-09-01,bus_rkn,bus,1629
2025-09-02,bus_rkn,bus,2325
2025-09-03,bus_rkn,bus,2401
2025-09-04,bus_rkn,bus,2502
2025-09-05,bus_rkn,bus,2693
2025-09-06,bus_rkn,bus,2287
2025-09-07,bus_rkn,bus,2646
2025-09-08,bus_rkn,bus,2198
2025-09-09,bus_rkn,bus,2513
2025-09-10,bus_rkn,bus,2437
2025-09-11,bus_rkn,bus,2402
2025-09-12,bus_rkn,bus,2387
2025-09-13,bus_rkn,bus,1927
2025-09-14,bus_rkn,bus,2331
2025-09-15,bus_rkn,bus,1788
2025-09-16,bus_rkn,bus,1750
2025-09-17,bus_rkn,bus,2014
2025-09-18,bus_rkn,bus,1780
2025-09-19,bus_rkn,bus,1853
2025-09-20,bus_rkn,bus,1772
2025-09-21,bus_rkn,bus,2017
2025-09-22,bus_rkn,bus,2334
2025-09-23,bus_rkn,bus,2169
2025-09-24,bus_rkn,bus,2172
2025-09-25,bus_rkn,bus,2123
2025-09-26,bus_rkn,bus,2238
2025-09-27,bus_rkn,bus,1958
2025-09-28,bus_rkn,bus,2151
2025-09-29,bus_rkn,bus,2187
2025-09-30,bus_rkn,bus,2277
2025-10-01,bus_rkn,bus,2346
2025-10-02,bus_rkn,bus,2206
2025-10-03,bus_rkn,bus,2226
2025-10-04,bus_rkn,bus,2088
2025-10-05,bus_rkn,bus,2679
2025-10-06,bus_rkn,bus,2200
2025-10-07,bus_rkn,bus,2650
2025-10-08,bus_rkn,bus,2423
2025-10-09,bus_rkn,bus,2055
2025-10-10,bus_rkn,bus,2319
2025-10-11,bus_rkn,bus,1924
2025-10-12,bus_rkn,bus,2374
2025-10-13,bus_rkn,bus,2002
2025-10-14,bus_rkn,bus,2144
2025-10-15,bus_rkn,bus,2178
2025-10-16,bus_rkn,bus,2221
2025-10-17,bus_rkn,bus,2602
2025-10-18,bus_rkn,bus,1930
2025-10-19,bus_rkn,bus,2264
2025-10-20,bus_rkn,bus,1623
2025-10-21,bus_rkn,bus,1862
2025-10-22,bus_rkn,bus,1686
2025-10-23,bus_rkn,bus,2178
2025-10-24,bus_rkn,bus,2190
2025-10-25,bus_rkn,bus,1902
2025-10-26,bus_rkn,bus,2049
2025-10-27,bus_rkn,bus,2197
2025-10-28,bus_rkn,bus,2191
2025-10-29,bus_rkn,bus,2020
2025-10-30,bus_rkn,bus,2092
2025-10-31,bus_rkn,bus,2191
2025-11-01,bus_rkn,bus,1655
2025-11-02,bus_rkn,bus,1846
2025-11-03,bus_rkn,bus,1764
2025-11-04,bus_rkn,bus,1852
2025-11-05,bus_rkn,bus,2004
2025-11-06,bus_rkn,bus,2023
2025-11-07,bus_rkn,bus,2859
2025-11-08,bus_rkn,bus,2157
2025-11-09,bus_rkn,bus,2574
2025-11-10,bus_rkn,bus,1787
2025-11-11,bus_rkn,bus,1758
2025-11-12,bus_rkn,bus,1886
2025-11-13,bus_rkn,bus,1831
2025-11-14,bus_rkn,bus,1884
2025-11-15,bus_rkn,bus,1402
2025-11-16,bus_rkn,bus,1709
2025-11-17,bus_rkn,bus,1713
2025-11-18,bus_rkn,bus,1634
2025-11-19,bus_rkn,bus,1612
2025-11-20,bus_rkn,bus,1616
2025-11-21,bus_rkn,bus,1980
2025-11-22,bus_rkn,bus,1870
2025-11-23,bus_rkn,bus,1856
2025-11-24,bus_rkn,bus,1775
2025-11-25,bus_rkn,bus,1590
2025-11-26,bus_rkn,bus,1494
2025-11-27,bus_rkn,bus,1150
2025-11-28,bus_rkn,bus,1242
2025-11-29,bus_rkn,bus,1321
2025-11-30,bus_rkn,bus,1738
2025-12-01,bus_rkn,bus,1674
2025-12-02,bus_rkn,bus,1585
2025-12-03,bus_rkn,bus,1582
2025-12-04,bus_rkn,bus,1531
2025-12-05,bus_rkn,bus,1905
2025-12-06,bus_rkn,bus,2110
2025-12-07,bus_rkn,bus,2439
2025-12-08,bus_rkn,bus,1554
2025-12-09,bus_rkn,bus,1526
2025-12-10,bus_rkn,bus,1621
2025-12-11,bus_rkn,bus,1653
2025-12-12,bus_rkn,bus,1721
2025-12-13,bus_rkn,bus,1607
2025-12-14,bus_rkn,bus,1729
2025-12-15,bus_rkn,bus,0
2025-12-16,bus_rkn,bus,0
2025-12-17,bus_rkn,bus,0
2025-12-18,bus_rkn,bus,0
2025-12-19,bus_rkn,bus,0
2025-12-20,bus_rkn,bus,0
2025-12-21,bus_rkn,bus,0
2025-12-22,bus_rkn,bus,0
2025-12-23,bus_rkn,bus,0
2025-12-24,bus_rkn,bus,0
2025-12-25,bus_rkn,bus,0
2025-12-26,bus_rkn,bus,0
2025-12-27,bus_rkn,bus,0
2025-12-28,bus_rkn,bus,0
2025-12-29,bus_rkn,bus,0
2025-12-30,bus_rkn,bus,0
2025-12-31,bus_rkn,bus,0
2026-01-01,bus_rkn,bus,0
2026-01-02,bus_rkn,bus,0
2026-01-03,bus_rkn,bus,0
2026-01-04,bus_rkn,bus,0
2026-01-05,bus_rkn,bus,0
2026-01-06,bus_rkn,bus,0
2026-01-07,bus_rkn,bus,0
2026-01-08,bus_rkn,bus,0
2026-01-09,bus_rkn,bus,0
2026-01-10,bus_rkn,bus,0
2026-01-11,bus_rkn,bus,0
2026-01-12,bus_rkn,bus,0
2026-01-13,bus_rkn,bus,0
2026-01-14,bus_rkn,bus,0
2026-01-15,bus_rkn,bus,0
2026-01-16,bus_rkn,bus,0
2026-01-17,bus_rkn,bus,0
2026-01-18,bus_rkn,bus,0
2026-01-19,bus_rkn,bus,0
2026-01-20,bus_rkn,bus,0
2026-01-21,bus_rkn,bus,0
2026-01-22,bus_rkn,bus,0
2026-01-23,bus_rkn,bus,0
2026-01-24,bus_rkn,bus,0
2026-01-25,bus_rkn,bus,0
2026-01-26,bus_rkn,bus,0
2026-01-27,bus_rkn,bus,0
2026-01-28,bus_rkn,bus,0
2026-01-29,bus_rkn,bus,0
2026-01-30,bus_rkn,bus,0
2026-01-31,bus_rkn,bus,0
2026-02-01,bus_rkn,bus,0
2026-02-02,bus_rkn,bus,0
2026-02-03,bus_rkn,bus,0
2026-02-04,bus_rkn,bus,0
2026-02-05,bus_rkn,bus,0
2026-02-06,bus_rkn,bus,0
2026-02-07,bus_rkn,bus,0
2026-02-08,bus_rkn,bus,0
2026-02-09,bus_rkn,bus,0
2026-02-10,bus_rkn,bus,0
2026-02-11,bus_rkn,bus,0
2026-02-12,bus_rkn,bus,0
2026-02-13,bus_rkn,bus,0
2026-02-14,bus_rkn,bus,0
2026-02-15,bus_rkn,bus,0
2026-02-16,bus_rkn,bus,0
2026-02-17,bus_rkn,bus,0
2026-02-18,bus_rkn,bus,0
2026-02-19,bus_rkn,bus,0
2026-02-20,bus_rkn,bus,0
2026-02-21,bus_rkn,bus,0
2026-02-22,bus_rkn,bus,0
2026-02-23,bus_rkn,bus,0
2026-02-24,bus_rkn,bus,0
2026-02-25,bus_rkn,bus,0
2026-02-26,bus_rkn,bus,0
2026-02-27,bus_rkn,bus,0
2026-02-28,bus_rkn,bus,0
2026-03-01,bus_rkn,bus,0
2026-03-02,bus_rkn,bus,0
2026-03-03,bus_rkn,bus,0
2026-03-04,bus_rkn,bus,0
2026-03-05,bus_rkn,bus,0
2026-03-06,bus_rkn,bus,0
2026-03-07,bus_rkn,bus,0
2026-03-08,bus_rkn,bus,0
2026-03-09,bus_rkn,bus,0
2026-03-10,bus_rkn,bus,0
2026-03-11,bus_rkn,bus,0
2026-03-12,bus_rkn,bus,0
2026-03-13,bus_rkn,bus,0
2026-03-14,bus_rkn,bus,0
2026-03-15,bus_rkn,bus,0
2026-03-16,bus_rkn,bus,0
2026-03-17,bus_rkn,bus,0
2026-03-18,bus_rkn,bus,0
2026-03-19,bus_rkn,bus,0
2026-03-20,bus_rkn,bus,0
2026-03-21,bus_rkn,bus,0
2026-03-22,bus_rkn,bus,0
2026-03-23,bus_rkn,bus,0
2026-03-24,bus_rkn,bus,0
2026-03-25,bus_rkn,bus,0
2026-03-26,bus_rkn,bus,0
2026-03-27,bus_rkn,bus,0
2026-03-28,bus_rkn,bus,0
2026-03-29,bus_rkn,bus,0
2026-03-30,bus_rkn,bus,0
2026-03-31,bus_rkn,bus,0
2026-04-01,bus_rkn,bus,0
2026-04-02,bus_rkn,bus,0
2026-04-03,bus_rkn,bus,0
2026-04-04,bus_rkn,bus,0
2026-04-05,bus_rkn,bus,0
2026-04-06,bus_rkn,bus,0
2026-04-07,bus_rkn,bus,0
2026-04-08,bus_rkn,bus,0
2026-04-09,bus_rkn,bus,0
2026-04-10,bus_rkn,bus,0
2026-04-11,bus_rkn,bus,0
2026-04-12,bus_rkn,bus,0
2026-04-13,bus_rkn,bus,0
2026-04-14,bus_rkn,bus,0
2026-04-15,bus_rkn,bus,0
2026-04-16,bus_rkn,bus,0
2026-04-17,bus_rkn,bus,0
2026-04-18,bus_rkn,bus,0
2026-04-19,bus_rkn,bus,0
2026-04-20,bus_rkn,bus,0
2026-04-21,bus_rkn,bus,0
2026-04-22,bus_rkn,bus,0
2026-04-23,bus_rkn,bus,0
2026-04-24,bus_rkn,bus,0
2026-04-25,bus_rkn,bus,0
2026-04-26,bus_rkn,bus,0
2026-04-27,bus_rkn,bus,0
2026-04-28,bus_rkn,bus,0
2026-04-29,bus_rkn,bus,0
2026-04-30,bus_rkn,bus,0
2026-05-01,bus_rkn,bus,0
2026-05-02,bus_rkn,bus,0
2026-05-03,bus_rkn,bus,0
2026-05-04,bus_rkn,bus,0
2026-05-05,bus_rkn,bus,0
2026-05-06,bus_rkn,bus,0
2026-05-07,bus_rkn,bus,0
2026-05-08,bus_rkn,bus,0
2026-05-09,bus_rkn,bus,0
2026-05-10,bus_rkn,bus,0
2026-05-11,bus_rkn,bus,0
2026-05-12,bus_rkn,bus,0
2026-05-13,bus_rkn,bus,0
2026-05-14,bus_rkn,bus,0
2026-05-15,bus_rkn,bus,0
2026-05-16,bus_rkn,bus,0
2026-05-17,bus_rkn,bus,0
2026-05-18,bus_rkn,bus,0
2026-05-19,bus_rkn,bus,0
2026-05-20,bus_rkn,bus,0
2026-05-21,bus_rkn,bus,0
2026-05-22,bus_rkn,bus,0
2026-05-23,bus_rkn,bus,0
2026-05-24,bus_rkn,bus,0
2026-05-25,bus_rkn,bus,0
2026-05-26,bus_rkn,bus,0
2026-05-27,bus_rkn,bus,0
2026-05-28,bus_rkn,bus,0
2026-05-29,bus_rkn,bus,0
2026-05-30,bus_rkn,bus,0
2026-05-31,bus_rkn,bus,0
2026-06-01,bus_rkn,bus,0
2026-06-02,bus_rkn,bus,0
2026-06-03,bus_rkn,bus,0
2026-06-04,bus_rkn,bus,0
2026-06-05,bus_rkn,bus,0
2026-06-06,bus_rkn,bus,0
2026-06-07,bus_rkn,bus,0
2026-06-08,bus_rkn,bus,0
2026-06-09,bus_rkn,bus,0
2026-06-10,bus_rkn,bus,0
2026-06-11,bus_rkn,bus,0
2026-06-12,bus_rkn,bus,0
2026-06-13,bus_rkn,bus,0
2026-06-14,bus_rkn,bus,0
2026-06-15,bus_rkn,bus,0
2026-06-16,bus_rkn,bus,0
2026-06-17,bus_rkn,bus,0
2026-06-18,bus_rkn,bus,0
2026-06-19,bus_rkn,bus,0
2026-06-20,bus_rkn,bus,0
2026-06-21,bus_rkn,bus,0
2026-06-22,bus_rkn,bus,0
2026-06-23,bus_rkn,bus,0
2026-06-24,bus_rkn,bus,0
2026-06-25,bus_rkn,bus,0
2026-06-26,bus_rkn,bus,0
2026-06-27,bus_rkn,bus,0
2026-06-28,bus_rkn,bus,0
2026-06-29,bus_rkn,bus,0
2026-06-30,bus_rkn,bus,0
2026-07-01,bus_rkn,bus,0
2026-07-02,bus_rkn,bus,0
2026-07-03,bus_rkn,bus,0
2026-07-04,bus_rkn,bus,0
2026-07-05,bus_rkn,bus,0
2026-07-06,bus_rkn,bus,0
2026-07-07,bus_rkn,bus,0
2026-07-08,bus_rkn,bus,0
2026-07-09,bus_rkn,bus,0
2026-07-10,bus_rkn,bus,0
2026-07-11,bus_rkn,bus,0
2026-07-12,bus_rkn,bus,0
2026-07-13,bus_rkn,bus,0
2026-07-14,bus_rkn,bus,0
2026-07-15,bus_rkn,bus,0
2026-07-16,bus_rkn,bus,0
2026-07-17,bus_rkn,bus,0
2026-07-18,bus_rkn,bus,0
2026-07-19,bus_rkn,bus,0
2026-07-20,bus_rkn,bus,0
2026-07-21,bus_rkn,bus,0
2026-07-22,bus_rkn,bus,0
2026-07-23,bus_rkn,bus,0
2026-07-24,bus_rkn,bus,0
2026-07-25,bus_rkn,bus,0
2026-07-26,bus_rkn,bus,0
2026-07-27,bus_rkn,bus,0
2026-07-28,bus_rkn,bus,0
2026-07-29,bus_rkn,bus,0
2026-07-30,bus_rkn,bus,0
2026-07-31,bus_rkn,bus,0
2022-01-01,bus_rpn,bus,28072
2022-01-02,bus_rpn,bus,24772
2022-01-03,bus_rpn,bus,27094
2022-01-04,bus_rpn,bus,26469
2022-01-05,bus_rpn,bus,26478
2022-01-06,bus_rpn,bus,25632
2022-01-07,bus_rpn,bus,26682
2022-01-08,bus_rpn,bus,23747
2022-01-09,bus_rpn,bus,24987
2022-01-10,bus_rpn,bus,29802
2022-01-11,bus_rpn,bus,29382
2022-01-12,bus_rpn,bus,28747
2022-01-13,bus_rpn,bus,28125
2022-01-14,bus_rpn,bus,28289
2022-01-15,bus_rpn,bus,23236
2022-01-16,bus_rpn,bus,24146
2022-01-17,bus_rpn,bus,27824
2022-01-18,bus_rpn,bus,21468
2022-01-19,bus_rpn,bus,29241
2022-01-20,bus_rpn,bus,29098
2022-01-21,bus_rpn,bus,29071
2022-01-22,bus_rpn,bus,22738
2022-01-23,bus_rpn,bus,22762
2022-01-24,bus_rpn,bus,29291
2022-01-25,bus_rpn,bus,29423
2022-01-26,bus_rpn,bus,29362
2022-01-27,bus_rpn,bus,29403
2022-01-28,bus_rpn,bus,29592
2022-01-29,bus_rpn,bus,24182
2022-01-30,bus_rpn,bus,26044
2022-01-31,bus_rpn,bus,28441
2022-02-01,bus_rpn,bus,28944
2022-02-02,bus_rpn,bus,26012
2022-02-03,bus_rpn,bus,26160
2022-02-04,bus_rpn,bus,25955
2022-02-05,bus_rpn,bus,22679
2022-02-06,bus_rpn,bus,24072
2022-02-07,bus_rpn,bus,29338
2022-02-08,bus_rpn,bus,28079
2022-02-09,bus_rpn,bus,27065
2022-02-10,bus_rpn,bus,27208
2022-02-11,bus_rpn,bus,27094
2022-02-12,bus_rpn,bus,22209
2022-02-13,bus_rpn,bus,23316
2022-02-14,bus_rpn,bus,27234
2022-02-15,bus_rpn,bus,26395
2022-02-16,bus_rpn,bus,27370
2022-02-17,bus_rpn,bus,26400
2022-02-18,bus_rpn,bus,26062
2022-02-19,bus_rpn,bus,21486
2022-02-20,bus_rpn,bus,22448
2022-02-21,bus_rpn,bus,26044
2022-02-22,bus_rpn,bus,25782
2022-02-23,bus_rpn,bus,25695
2022-02-24,bus_rpn,bus,24377
2022-02-25,bus_rpn,bus,24881
2022-02-26,bus_rpn,bus,20758
2022-02-27,bus_rpn,bus,21080
2022-02-28,bus_rpn,bus,24289
2022-03-01,bus_rpn,bus,24908
2022-03-02,bus_rpn,bus,25665
2022-03-03,bus_rpn,bus,24884
2022-03-04,bus_rpn,bus,24599
2022-03-05,bus_rpn,bus,21275
2022-03-06,bus_rpn,bus,23528
2022-03-07,bus_rpn,bus,25095
2022-03-08,bus_rpn,bus,24852
2022-03-09,bus_rpn,bus,25744
2022-03-10,bus_rpn,bus,24364
2022-03-11,bus_rpn,bus,24373
2022-03-12,bus_rpn,bus,21776
2022-03-13,bus_rpn,bus,22347
2022-03-14,bus_rpn,bus,25540
2022-03-15,bus_rpn,bus,24586
2022-03-16,bus_rpn,bus,24955
2022-03-17,bus_rpn,bus,24721
2022-03-18,bus_rpn,bus,25081
2022-03-19,bus_rpn,bus,22078
2022-03-20,bus_rpn,bus,23101
2022-03-21,bus_rpn,bus,24745
2022-03-22,bus_rpn,bus,24918
2022-03-23,bus_rpn,bus,25115
2022-03-24,bus_rpn,bus,24678
2022-03-25,bus_rpn,bus,25287
2022-03-26,bus_rpn,bus,22580
2022-03-27,bus_rpn,bus,23066
2022-03-28,bus_rpn,bus,26432
2022-03-29,bus_rpn,bus,26001
2022-03-30,bus_rpn,bus,26773
2022-03-31,bus_rpn,bus,26527
2022-04-01,bus_rpn,bus,28814
2022-04-02,bus_rpn,bus,25305
2022-04-03,bus_rpn,bus,23284
2022-04-04,bus_rpn,bus,28323
2022-04-05,bus_rpn,bus,27776
2022-04-06,bus_rpn,bus,28674
2022-04-07,bus_rpn,bus,28454
2022-04-08,bus_rpn,bus,29873
2022-04-09,bus_rpn,bus,23069
2022-04-10,bus_rpn,bus,24764
2022-04-11,bus_rpn,bus,29526
2022-04-12,bus_rpn,bus,29520
2022-04-13,bus_rpn,bus,30029
2022-04-14,bus_rpn,bus,29384
2022-04-15,bus_rpn,bus,28812
2022-04-16,bus_rpn,bus,24829
2022-04-17,bus_rpn,bus,28330
2022-04-18,bus_rpn,bus,28109
2022-04-19,bus_rpn,bus,22151
2022-04-20,bus_rpn,bus,30121
2022-04-21,bus_rpn,bus,29804
2022-04-22,bus_rpn,bus,30590
2022-04-23,bus_rpn,bus,25065
2022-04-24,bus_rpn,bus,25736
2022-04-25,bus_rpn,bus,30864
2022-04-26,bus_rpn,bus,30654
2022-04-27,bus_rpn,bus,31714
2022-04-28,bus_rpn,bus,31513
2022-04-29,bus_rpn,bus,33001
2022-04-30,bus_rpn,bus,29464
2022-05-01,bus_rpn,bus,32859
2022-05-02,bus_rpn,bus,29323
2022-05-03,bus_rpn,bus,33959
2022-05-04,bus_rpn,bus,30039
2022-05-05,bus_rpn,bus,29715
2022-05-06,bus_rpn,bus,28562
2022-05-07,bus_rpn,bus,24930
2022-05-08,bus_rpn,bus,27421
2022-05-09,bus_rpn,bus,33861
2022-05-10,bus_rpn,bus,33325
2022-05-11,bus_rpn,bus,32280
2022-05-12,bus_rpn,bus,33310
2022-05-13,bus_rpn,bus,33590
2022-05-14,bus_rpn,bus,27392
2022-05-15,bus_rpn,bus,31233
2022-05-16,bus_rpn,bus,24541
2022-05-17,bus_rpn,bus,34414
2022-05-18,bus_rpn,bus,33605
2022-05-19,bus_rpn,bus,32529
2022-05-20,bus_rpn,bus,33907
2022-05-21,bus_rpn,bus,28618
2022-05-22,bus_rpn,bus,29537
2022-05-23,bus_rpn,bus,34347
2022-05-24,bus_rpn,bus,33526
2022-05-25,bus_rpn,bus,33645
2022-05-26,bus_rpn,bus,33052
2022-05-27,bus_rpn,bus,33819
2022-05-28,bus_rpn,bus,27773
2022-05-29,bus_rpn,bus,26928
2022-05-30,bus_rpn,bus,31164
2022-05-31,bus_rpn,bus,31701
2022-06-01,bus_rpn,bus,33608
2022-06-02,bus_rpn,bus,32971
2022-06-03,bus_rpn,bus,35125
2022-06-04,bus_rpn,bus,26997
2022-06-05,bus_rpn,bus,33507
2022-06-06,bus_rpn,bus,30830
2022-06-07,bus_rpn,bus,33624
2022-06-08,bus_rpn,bus,33413
2022-06-09,bus_rpn,bus,31965
2022-06-10,bus_rpn,bus,32121
2022-06-11,bus_rpn,bus,27461
2022-06-12,bus_rpn,bus,30542
2022-06-13,bus_rpn,bus,34977
2022-06-14,bus_rpn,bus,34051
2022-06-15,bus_rpn,bus,34704
2022-06-16,bus_rpn,bus,34679
2022-06-17,bus_rpn,bus,34514
2022-06-18,bus_rpn,bus,28041
2022-06-19,bus_rpn,bus,29530
2022-06-20,bus_rpn,bus,33475
2022-06-21,bus_rpn,bus,34894
2022-06-22,bus_rpn,bus,34184
2022-06-23,bus_rpn,bus,33727
2022-06-24,bus_rpn,bus,34528
2022-06-25,bus_rpn,bus,28403
2022-06-26,bus_rpn,bus,27822
2022-06-27,bus_rpn,bus,34478
2022-06-28,bus_rpn,bus,34372
2022-06-29,bus_rpn,bus,32100
2022-06-30,bus_rpn,bus,32746
2022-07-01,bus_rpn,bus,35890
2022-07-02,bus_rpn,bus,30892
2022-07-03,bus_rpn,bus,31928
2022-07-04,bus_rpn,bus,34728
2022-07-05,bus_rpn,bus,35458
2022-07-06,bus_rpn,bus,36301
2022-07-07,bus_rpn,bus,28134
2022-07-08,bus_rpn,bus,32701
2022-07-09,bus_rpn,bus,33228
2022-07-10,bus_rpn,bus,32719
2022-07-11,bus_rpn,bus,30385
2022-07-12,bus_rpn,bus,32545
2022-07-13,bus_rpn,bus,33993
2022-07-14,bus_rpn,bus,34297
2022-07-15,bus_rpn,bus,34710
2022-07-16,bus_rpn,bus,29727
2022-07-17,bus_rpn,bus,29627
2022-07-18,bus_rpn,bus,34800
2022-07-19,bus_rpn,bus,32789
2022-07-20,bus_rpn,bus,34961
2022-07-21,bus_rpn,bus,34594
2022-07-22,bus_rpn,bus,35226
2022-07-23,bus_rpn,bus,30471
2022-07-24,bus_rpn,bus,29463
2022-07-25,bus_rpn,bus,33712
2022-07-26,bus_rpn,bus,34968
2022-07-27,bus_rpn,bus,34308
2022-07-28,bus_rpn,bus,34625
2022-07-29,bus_rpn,bus,36432
2022-07-30,bus_rpn,bus,30133
2022-07-31,bus_rpn,bus,30775
2022-08-01,bus_rpn,bus,35618
2022-08-02,bus_rpn,bus,35430
2022-08-03,bus_rpn,bus,34632
2022-08-04,bus_rpn,bus,35150
2022-08-05,bus_rpn,bus,36907
2022-08-06,bus_rpn,bus,32591
2022-08-07,bus_rpn,bus,32861
2022-08-08,bus_rpn,bus,35524
2022-08-09,bus_rpn,bus,36421
2022-08-10,bus_rpn,bus,35825
2022-08-11,bus_rpn,bus,34971
2022-08-12,bus_rpn,bus,35976
2022-08-13,bus_rpn,bus,30622
2022-08-14,bus_rpn,bus,31349
2022-08-15,bus_rpn,bus,34417
2022-08-16,bus_rpn,bus,35332
2022-08-17,bus_rpn,bus,35294
2022-08-18,bus_rpn,bus,34452
2022-08-19,bus_rpn,bus,35894
2022-08-20,bus_rpn,bus,30071
2022-08-21,bus_rpn,bus,29197
2022-08-22,bus_rpn,bus,34791
2022-08-23,bus_rpn,bus,34050
2022-08-24,bus_rpn,bus,34894
2022-08-25,bus_rpn,bus,34083
2022-08-26,bus_rpn,bus,35180
2022-08-27,bus_rpn,bus,30528
2022-08-28,bus_rpn,bus,30011
2022-08-29,bus_rpn,bus,34306
2022-08-30,bus_rpn,bus,36593
2022-08-31,bus_rpn,bus,31685
2022-09-01,bus_rpn,bus,34924
2022-09-02,bus_rpn,bus,35748
2022-09-03,bus_rpn,bus,30906
2022-09-04,bus_rpn,bus,30713
2022-09-05,bus_rpn,bus,34570
2022-09-06,bus_rpn,bus,34784
2022-09-07,bus_rpn,bus,33392
2022-09-08,bus_rpn,bus,34453
2022-09-09,bus_rpn,bus,35299
2022-09-10,bus_rpn,bus,31738
2022-09-11,bus_rpn,bus,32804
2022-09-12,bus_rpn,bus,35813
2022-09-13,bus_rpn,bus,36196
2022-09-14,bus_rpn,bus,35488
2022-09-15,bus_rpn,bus,36371
2022-09-16,bus_rpn,bus,32005
2022-09-17,bus_rpn,bus,31633
2022-09-18,bus_rpn,bus,30493
2022-09-19,bus_rpn,bus,35505
2022-09-20,bus_rpn,bus,36309
2022-09-21,bus_rpn,bus,36110
2022-09-22,bus_rpn,bus,36402
2022-09-23,bus_rpn,bus,36141
2022-09-24,bus_rpn,bus,30372
2022-09-25,bus_rpn,bus,31676
2022-09-26,bus_rpn,bus,36334
2022-09-27,bus_rpn,bus,36395
2022-09-28,bus_rpn,bus,35876
2022-09-29,bus_rpn,bus,35726
2022-09-30,bus_rpn,bus,37015
2022-10-01,bus_rpn,bus,32863
2022-10-02,bus_rpn,bus,34274
2022-10-03,bus_rpn,bus,37550
2022-10-04,bus_rpn,bus,37730
2022-10-05,bus_rpn,bus,36888
2022-10-06,bus_rpn,bus,37080
2022-10-07,bus_rpn,bus,39446
2022-10-08,bus_rpn,bus,34493
2022-10-09,bus_rpn,bus,34862
2022-10-10,bus_rpn,bus,30502
2022-10-11,bus_rpn,bus,38819
2022-10-12,bus_rpn,bus,36438
2022-10-13,bus_rpn,bus,36322
2022-10-14,bus_rpn,bus,38730
2022-10-15,bus_rpn,bus,29637
2022-10-16,bus_rpn,bus,31006
2022-10-17,bus_rpn,bus,37212
2022-10-18,bus_rpn,bus,38025
2022-10-19,bus_rpn,bus,37938
2022-10-20,bus_rpn,bus,37459
2022-10-21,bus_rpn,bus,38716
2022-10-22,bus_rpn,bus,32556
2022-10-23,bus_rpn,bus,36322
2022-10-24,bus_rpn,bus,30837
2022-10-25,bus_rpn,bus,31699
2022-10-26,bus_rpn,bus,31788
2022-10-27,bus_rpn,bus,34438
2022-10-28,bus_rpn,bus,37146
2022-10-29,bus_rpn,bus,31381
2022-10-30,bus_rpn,bus,31451
2022-10-31,bus_rpn,bus,33952
2022-11-01,bus_rpn,bus,37424
2022-11-02,bus_rpn,bus,35763
2022-11-03,bus_rpn,bus,36270
2022-11-04,bus_rpn,bus,39332
2022-11-05,bus_rpn,bus,30608
2022-11-06,bus_rpn,bus,34650
2022-11-07,bus_rpn,bus,36832
2022-11-08,bus_rpn,bus,37261
2022-11-09,bus_rpn,bus,36980
2022-11-10,bus_rpn,bus,35228
2022-11-11,bus_rpn,bus,38221
2022-11-12,bus_rpn,bus,31227
2022-11-13,bus_rpn,bus,32538
2022-11-14,bus_rpn,bus,35609
2022-11-15,bus_rpn,bus,36376
2022-11-16,bus_rpn,bus,38025
2022-11-17,bus_rpn,bus,37718
2022-11-18,bus_rpn,bus,31050
2022-11-19,bus_rpn,bus,31826
2022-11-20,bus_rpn,bus,32044
2022-11-21,bus_rpn,bus,35257
2022-11-22,bus_rpn,bus,36600
2022-11-23,bus_rpn,bus,34136
2022-11-24,bus_rpn,bus,36815
2022-11-25,bus_rpn,bus,38799
2022-11-26,bus_rpn,bus,32313
2022-11-27,bus_rpn,bus,31694
2022-11-28,bus_rpn,bus,29001
2022-11-29,bus_rpn,bus,37994
2022-11-30,bus_rpn,bus,37210
2022-12-01,bus_rpn,bus,37796
2022-12-02,bus_rpn,bus,39749
2022-12-03,bus_rpn,bus,33842
2022-12-04,bus_rpn,bus,35732
2022-12-05,bus_rpn,bus,37279
2022-12-06,bus_rpn,bus,38550
2022-12-07,bus_rpn,bus,37960
2022-12-08,bus_rpn,bus,37353
2022-12-09,bus_rpn,bus,38331
2022-12-10,bus_rpn,bus,33803
2022-12-11,bus_rpn,bus,40789
2022-12-12,bus_rpn,bus,36495
2022-12-13,bus_rpn,bus,35756
2022-12-14,bus_rpn,bus,35555
2022-12-15,bus_rpn,bus,35398
2022-12-16,bus_rpn,bus,36175
2022-12-17,bus_rpn,bus,33614
2022-12-18,bus_rpn,bus,34472
2022-12-19,bus_rpn,bus,35380
2022-12-20,bus_rpn,bus,35445
2022-12-21,bus_rpn,bus,35430
2022-12-22,bus_rpn,bus,35156
2022-12-23,bus_rpn,bus,36004
2022-12-24,bus_rpn,bus,34688
2022-12-25,bus_rpn,bus,39476
2022-12-26,bus_rpn,bus,31584
2022-12-27,bus_rpn,bus,36492
2022-12-28,bus_rpn,bus,35905
2022-12-29,bus_rpn,bus,35900
2022-12-30,bus_rpn,bus,37253
2022-12-31,bus_rpn,bus,36635
2023-01-01,bus_rpn,bus,41276
2023-01-02,bus_rpn,bus,33528
2023-01-03,bus_rpn,bus,41190
2023-01-04,bus_rpn,bus,37988
2023-01-05,bus_rpn,bus,39370
2023-01-06,bus_rpn,bus,40171
2023-01-07,bus_rpn,bus,34781
2023-01-08,bus_rpn,bus,37988
2023-01-09,bus_rpn,bus,39854
2023-01-10,bus_rpn,bus,41267
2023-01-11,bus_rpn,bus,39473
2023-01-12,bus_rpn,bus,39197
2023-01-13,bus_rpn,bus,40993
2023-01-14,bus_rpn,bus,34782
2023-01-15,bus_rpn,bus,35316
2023-01-16,bus_rpn,bus,39759
2023-01-17,bus_rpn,bus,41018
2023-01-18,bus_rpn,bus,40191
2023-01-19,bus_rpn,bus,41190
2023-01-20,bus_rpn,bus,38226
2023-01-21,bus_rpn,bus,35284
2023-01-22,bus_rpn,bus,44336
2023-01-23,bus_rpn,bus,41552
2023-01-24,bus_rpn,bus,37717
2023-01-25,bus_rpn,bus,38950
2023-01-26,bus_rpn,bus,37903
2023-01-27,bus_rpn,bus,40408
2023-01-28,bus_rpn,bus,34785
2023-01-29,bus_rpn,bus,34470
2023-01-30,bus_rpn,bus,38180
2023-01-31,bus_rpn,bus,40189
2023-02-01,bus_rpn,bus,39697
2023-02-02,bus_rpn,bus,38866
2023-02-03,bus_rpn,bus,40644
2023-02-04,bus_rpn,bus,35999
2023-02-05,bus_rpn,bus,48827
2023-02-06,bus_rpn,bus,30785
2023-02-07,bus_rpn,bus,40693
2023-02-08,bus_rpn,bus,39888
2023-02-09,bus_rpn,bus,39574
2023-02-10,bus_rpn,bus,40337
2023-02-11,bus_rpn,bus,35426
2023-02-12,bus_rpn,bus,38586
2023-02-13,bus_rpn,bus,38195
2023-02-14,bus_rpn,bus,40032
2023-02-15,bus_rpn,bus,39006
2023-02-16,bus_rpn,bus,38892
2023-02-17,bus_rpn,bus,40377
2023-02-18,bus_rpn,bus,34047
2023-02-19,bus_rpn,bus,37495
2023-02-20,bus_rpn,bus,37221
2023-02-21,bus_rpn,bus,37491
2023-02-22,bus_rpn,bus,37163
2023-02-23,bus_rpn,bus,36694
2023-02-24,bus_rpn,bus,36749
2023-02-25,bus_rpn,bus,33847
2023-02-26,bus_rpn,bus,35354
2023-02-27,bus_rpn,bus,36301
2023-02-28,bus_rpn,bus,37140
2023-03-01,bus_rpn,bus,38153
2023-03-02,bus_rpn,bus,35917
2023-03-03,bus_rpn,bus,36774
2023-03-04,bus_rpn,bus,35849
2023-03-05,bus_rpn,bus,40724
2023-03-06,bus_rpn,bus,39343
2023-03-07,bus_rpn,bus,38327
2023-03-08,bus_rpn,bus,37206
2023-03-09,bus_rpn,bus,37408
2023-03-10,bus_rpn,bus,38576
2023-03-11,bus_rpn,bus,34604
2023-03-12,bus_rpn,bus,39335
2023-03-13,bus_rpn,bus,36429
2023-03-14,bus_rpn,bus,36743
2023-03-15,bus_rpn,bus,37494
2023-03-16,bus_rpn,bus,36922
2023-03-17,bus_rpn,bus,38672
2023-03-18,bus_rpn,bus,35154
2023-03-19,bus_rpn,bus,38138
2023-03-20,bus_rpn,bus,39853
2023-03-21,bus_rpn,bus,40420
2023-03-22,bus_rpn,bus,40567
2023-03-23,bus_rpn,bus,37246
2023-03-24,bus_rpn,bus,38776
2023-03-25,bus_rpn,bus,30834
2023-03-26,bus_rpn,bus,32294
2023-03-27,bus_rpn,bus,36946
2023-03-28,bus_rpn,bus,38665
2023-03-29,bus_rpn,bus,38154
2023-03-30,bus_rpn,bus,38075
2023-03-31,bus_rpn,bus,40812
2023-04-01,bus_rpn,bus,33892
2023-04-02,bus_rpn,bus,33693
2023-04-03,bus_rpn,bus,38747
2023-04-04,bus_rpn,bus,39398
2023-04-05,bus_rpn,bus,37975
2023-04-06,bus_rpn,bus,39146
2023-04-07,bus_rpn,bus,41685
2023-04-08,bus_rpn,bus,36633
2023-04-09,bus_rpn,bus,40408
2023-04-10,bus_rpn,bus,39513
2023-04-11,bus_rpn,bus,39793
2023-04-12,bus_rpn,bus,39223
2023-04-13,bus_rpn,bus,38814
2023-04-14,bus_rpn,bus,40361
2023-04-15,bus_rpn,bus,35598
2023-04-16,bus_rpn,bus,40362
2023-04-17,bus_rpn,bus,39299
2023-04-18,bus_rpn,bus,38290
2023-04-19,bus_rpn,bus,37362
2023-04-20,bus_rpn,bus,37581
2023-04-21,bus_rpn,bus,35158
2023-04-22,bus_rpn,bus,38047
2023-04-23,bus_rpn,bus,44294
2023-04-24,bus_rpn,bus,34871
2023-04-25,bus_rpn,bus,34737
2023-04-26,bus_rpn,bus,34579
2023-04-27,bus_rpn,bus,34201
2023-04-28,bus_rpn,bus,35857
2023-04-29,bus_rpn,bus,33849
2023-04-30,bus_rpn,bus,36935
2023-05-01,bus_rpn,bus,35536
2023-05-02,bus_rpn,bus,39707
2023-05-03,bus_rpn,bus,40574
2023-05-04,bus_rpn,bus,32625
2023-05-05,bus_rpn,bus,39733
2023-05-06,bus_rpn,bus,35305
2023-05-07,bus_rpn,bus,36718
2023-05-08,bus_rpn,bus,39099
2023-05-09,bus_rpn,bus,40016
2023-05-10,bus_rpn,bus,39868
2023-05-11,bus_rpn,bus,38643
2023-05-12,bus_rpn,bus,40599
2023-05-13,bus_rpn,bus,34815
2023-05-14,bus_rpn,bus,34893
2023-05-15,bus_rpn,bus,37207
2023-05-16,bus_rpn,bus,39111
2023-05-17,bus_rpn,bus,38040
2023-05-18,bus_rpn,bus,38049
2023-05-19,bus_rpn,bus,38145
2023-05-20,bus_rpn,bus,34132
2023-05-21,bus_rpn,bus,34420
2023-05-22,bus_rpn,bus,37987
2023-05-23,bus_rpn,bus,38910
2023-05-24,bus_rpn,bus,38344
2023-05-25,bus_rpn,bus,37712
2023-05-26,bus_rpn,bus,38723
2023-05-27,bus_rpn,bus,33774
2023-05-28,bus_rpn,bus,35510
2023-05-29,bus_rpn,bus,34927
2023-05-30,bus_rpn,bus,36642
2023-05-31,bus_rpn,bus,36978
2023-06-01,bus_rpn,bus,37338
2023-06-02,bus_rpn,bus,37552
2023-06-03,bus_rpn,bus,36394
2023-06-04,bus_rpn,bus,38332
2023-06-05,bus_rpn,bus,35197
2023-06-06,bus_rpn,bus,39835
2023-06-07,bus_rpn,bus,39725
2023-06-08,bus_rpn,bus,40131
2023-06-09,bus_rpn,bus,41469
2023-06-10,bus_rpn,bus,35898
2023-06-11,bus_rpn,bus,39195
2023-06-12,bus_rpn,bus,39388
2023-06-13,bus_rpn,bus,38827
2023-06-14,bus_rpn,bus,38688
2023-06-15,bus_rpn,bus,40527
2023-06-16,bus_rpn,bus,41927
2023-06-17,bus_rpn,bus,35745
2023-06-18,bus_rpn,bus,34444
2023-06-19,bus_rpn,bus,39987
2023-06-20,bus_rpn,bus,39743
2023-06-21,bus_rpn,bus,39734
2023-06-22,bus_rpn,bus,38415
2023-06-23,bus_rpn,bus,39494
2023-06-24,bus_rpn,bus,35199
2023-06-25,bus_rpn,bus,35657
2023-06-26,bus_rpn,bus,38310
2023-06-27,bus_rpn,bus,40341
2023-06-28,bus_rpn,bus,40374
2023-06-29,bus_rpn,bus,34819
2023-06-30,bus_rpn,bus,38221
2023-07-01,bus_rpn,bus,35918
2023-07-02,bus_rpn,bus,38240
2023-07-03,bus_rpn,bus,41544
2023-07-04,bus_rpn,bus,40984
2023-07-05,bus_rpn,bus,40463
2023-07-06,bus_rpn,bus,41257
2023-07-07,bus_rpn,bus,33824
2023-07-08,bus_rpn,bus,40523
2023-07-09,bus_rpn,bus,38220
2023-07-10,bus_rpn,bus,40779
2023-07-11,bus_rpn,bus,39565
2023-07-12,bus_rpn,bus,40253
2023-07-13,bus_rpn,bus,38172
2023-07-14,bus_rpn,bus,40165
2023-07-15,bus_rpn,bus,35961
2023-07-16,bus_rpn,bus,36246
2023-07-17,bus_rpn,bus,39787
2023-07-18,bus_rpn,bus,40527
2023-07-19,bus_rpn,bus,28847
2023-07-20,bus_rpn,bus,40781
2023-07-21,bus_rpn,bus,40475
2023-07-22,bus_rpn,bus,34996
2023-07-23,bus_rpn,bus,35654
2023-07-24,bus_rpn,bus,38336
2023-07-25,bus_rpn,bus,40170
2023-07-26,bus_rpn,bus,39388
2023-07-27,bus_rpn,bus,38740
2023-07-28,bus_rpn,bus,41529
2023-07-29,bus_rpn,bus,35983
2023-07-30,bus_rpn,bus,37281
2023-07-31,bus_rpn,bus,39123
2023-08-01,bus_rpn,bus,42897
2023-08-02,bus_rpn,bus,41391
2023-08-03,bus_rpn,bus,40758
2023-08-04,bus_rpn,bus,41119
2023-08-05,bus_rpn,bus,36057
2023-08-06,bus_rpn,bus,40448
2023-08-07,bus_rpn,bus,40990
2023-08-08,bus_rpn,bus,41635
2023-08-09,bus_rpn,bus,41138
2023-08-10,bus_rpn,bus,40507
2023-08-11,bus_rpn,bus,42762
2023-08-12,bus_rpn,bus,36603
2023-08-13,bus_rpn,bus,40531
2023-08-14,bus_rpn,bus,37483
2023-08-15,bus_rpn,bus,40336
2023-08-16,bus_rpn,bus,40337
2023-08-17,bus_rpn,bus,40324
2023-08-18,bus_rpn,bus,42068
2023-08-19,bus_rpn,bus,36741
2023-08-20,bus_rpn,bus,37939
2023-08-21,bus_rpn,bus,40870
2023-08-22,bus_rpn,bus,41074
2023-08-23,bus_rpn,bus,40205
2023-08-24,bus_rpn,bus,39884
2023-08-25,bus_rpn,bus,41880
2023-08-26,bus_rpn,bus,34485
2023-08-27,bus_rpn,bus,37746
2023-08-28,bus_rpn,bus,39738
2023-08-29,bus_rpn,bus,36934
2023-08-30,bus_rpn,bus,39184
2023-08-31,bus_rpn,bus,37910
2023-09-01,bus_rpn,bus,39546
2023-09-02,bus_rpn,bus,36201
2023-09-03,bus_rpn,bus,38954
2023-09-04,bus_rpn,bus,38120
2023-09-05,bus_rpn,bus,40677
2023-09-06,bus_rpn,bus,41353
2023-09-07,bus_rpn,bus,40837
2023-09-08,bus_rpn,bus,42084
2023-09-09,bus_rpn,bus,37190
2023-09-10,bus_rpn,bus,39384
2023-09-11,bus_rpn,bus,39507
2023-09-12,bus_rpn,bus,40971
2023-09-13,bus_rpn,bus,40401
2023-09-14,bus_rpn,bus,39361
2023-09-15,bus_rpn,bus,42030
2023-09-16,bus_rpn,bus,40809
2023-09-17,bus_rpn,bus,38196
2023-09-18,bus_rpn,bus,40328
2023-09-19,bus_rpn,bus,41157
2023-09-20,bus_rpn,bus,40981
2023-09-21,bus_rpn,bus,36607
2023-09-22,bus_rpn,bus,41693
2023-09-23,bus_rpn,bus,35164
2023-09-24,bus_rpn,bus,34590
2023-09-25,bus_rpn,bus,36315
2023-09-26,bus_rpn,bus,40609
2023-09-27,bus_rpn,bus,41377
2023-09-28,bus_rpn,bus,33451
2023-09-29,bus_rpn,bus,41440
2023-09-30,bus_rpn,bus,38018
2023-10-01,bus_rpn,bus,39497
2023-10-02,bus_rpn,bus,41449
2023-10-03,bus_rpn,bus,41002
2023-10-04,bus_rpn,bus,40419
2023-10-05,bus_rpn,bus,41036
2023-10-06,bus_rpn,bus,43496
2023-10-07,bus_rpn,bus,38441
2023-10-08,bus_rpn,bus,42967
2023-10-09,bus_rpn,bus,41877
2023-10-10,bus_rpn,bus,41140
2023-10-11,bus_rpn,bus,41014
2023-10-12,bus_rpn,bus,40828
2023-10-13,bus_rpn,bus,42934
2023-10-14,bus_rpn,bus,38832
2023-10-15,bus_rpn,bus,39804
2023-10-16,bus_rpn,bus,39040
2023-10-17,bus_rpn,bus,40466
2023-10-18,bus_rpn,bus,41677
2023-10-19,bus_rpn,bus,41077
2023-10-20,bus_rpn,bus,44097
2023-10-21,bus_rpn,bus,37636
2023-10-22,bus_rpn,bus,38505
2023-10-23,bus_rpn,bus,42182
2023-10-24,bus_rpn,bus,40902
2023-10-25,bus_rpn,bus,41793
2023-10-26,bus_rpn,bus,41342
2023-10-27,bus_rpn,bus,43604
2023-10-28,bus_rpn,bus,36048
2023-10-29,bus_rpn,bus,37243
2023-10-30,bus_rpn,bus,41161
2023-10-31,bus_rpn,bus,41925
2023-11-01,bus_rpn,bus,41872
2023-11-02,bus_rpn,bus,41088
2023-11-03,bus_rpn,bus,43933
2023-11-04,bus_rpn,bus,39313
2023-11-05,bus_rpn,bus,42395
2023-11-06,bus_rpn,bus,41601
2023-11-07,bus_rpn,bus,42641
2023-11-08,bus_rpn,bus,43637
2023-11-09,bus_rpn,bus,42168
2023-11-10,bus_rpn,bus,46266
2023-11-11,bus_rpn,bus,40057
2023-11-12,bus_rpn,bus,46745
2023-11-13,bus_rpn,bus,37008
2023-11-14,bus_rpn,bus,39884
2023-11-15,bus_rpn,bus,41652
2023-11-16,bus_rpn,bus,42049
2023-11-17,bus_rpn,bus,43385
2023-11-18,bus_rpn,bus,38138
2023-11-19,bus_rpn,bus,38850
2023-11-20,bus_rpn,bus,41637
2023-11-21,bus_rpn,bus,42001
2023-11-22,bus_rpn,bus,42818
2023-11-23,bus_rpn,bus,41986
2023-11-24,bus_rpn,bus,44670
2023-11-25,bus_rpn,bus,39624
2023-11-26,bus_rpn,bus,40942
2023-11-27,bus_rpn,bus,41244
2023-11-28,bus_rpn,bus,42835
2023-11-29,bus_rpn,bus,42225
2023-11-30,bus_rpn,bus,42516
2023-12-01,bus_rpn,bus,45585
2023-12-02,bus_rpn,bus,40746
2023-12-03,bus_rpn,bus,41731
2023-12-04,bus_rpn,bus,42222
2023-12-05,bus_rpn,bus,43486
2023-12-06,bus_rpn,bus,42844
2023-12-07,bus_rpn,bus,42648
2023-12-08,bus_rpn,bus,45782
2023-12-09,bus_rpn,bus,41780
2023-12-10,bus_rpn,bus,44874
2023-12-11,bus_rpn,bus,42615
2023-12-12,bus_rpn,bus,43974
2023-12-13,bus_rpn,bus,43540
2023-12-14,bus_rpn,bus,41218
2023-12-15,bus_rpn,bus,43711
2023-12-16,bus_rpn,bus,39290
2023-12-17,bus_rpn,bus,43112
2023-12-18,bus_rpn,bus,41260
2023-12-19,bus_rpn,bus,41252
2023-12-20,bus_rpn,bus,41442
2023-12-21,bus_rpn,bus,40984
2023-12-22,bus_rpn,bus,40057
2023-12-23,bus_rpn,bus,38531
2023-12-24,bus_rpn,bus,42847
2023-12-25,bus_rpn,bus,38642
2023-12-26,bus_rpn,bus,40543
2023-12-27,bus_rpn,bus,40460
2023-12-28,bus_rpn,bus,42015
2023-12-29,bus_rpn,bus,43098
2023-12-30,bus_rpn,bus,39687
2023-12-31,bus_rpn,bus,45916
2024-01-01,bus_rpn,bus,41204
2024-01-02,bus_rpn,bus,44580
2024-01-03,bus_rpn,bus,44010
2024-01-04,bus_rpn,bus,42888
2024-01-05,bus_rpn,bus,43740
2024-01-06,bus_rpn,bus,38130
2024-01-07,bus_rpn,bus,40584
2024-01-08,bus_rpn,bus,42703
2024-01-09,bus_rpn,bus,43430
2024-01-10,bus_rpn,bus,39003
2024-01-11,bus_rpn,bus,38917
2024-01-12,bus_rpn,bus,40081
2024-01-13,bus_rpn,bus,35969
2024-01-14,bus_rpn,bus,39548
2024-01-15,bus_rpn,bus,41749
2024-01-16,bus_rpn,bus,42905
2024-01-17,bus_rpn,bus,43500
2024-01-18,bus_rpn,bus,43433
2024-01-19,bus_rpn,bus,44879
2024-01-20,bus_rpn,bus,39343
2024-01-21,bus_rpn,bus,40929
2024-01-22,bus_rpn,bus,44212
2024-01-23,bus_rpn,bus,44391
2024-01-24,bus_rpn,bus,43240
2024-01-25,bus_rpn,bus,40736
2024-01-26,bus_rpn,bus,45430
2024-01-27,bus_rpn,bus,40089
2024-01-28,bus_rpn,bus,41601
2024-01-29,bus_rpn,bus,44221
2024-01-30,bus_rpn,bus,44764
2024-01-31,bus_rpn,bus,45348
2024-02-01,bus_rpn,bus,44992
2024-02-02,bus_rpn,bus,46306
2024-02-03,bus_rpn,bus,41803
2024-02-04,bus_rpn,bus,43769
2024-02-05,bus_rpn,bus,45666
2024-02-06,bus_rpn,bus,45819
2024-02-07,bus_rpn,bus,47067
2024-02-08,bus_rpn,bus,47300
2024-02-09,bus_rpn,bus,46419
2024-02-10,bus_rpn,bus,53214
2024-02-11,bus_rpn,bus,56449
2024-02-12,bus_rpn,bus,45860
2024-02-13,bus_rpn,bus,44783
2024-02-14,bus_rpn,bus,44392
2024-02-15,bus_rpn,bus,42436
2024-02-16,bus_rpn,bus,43880
2024-02-17,bus_rpn,bus,39482
2024-02-18,bus_rpn,bus,43253
2024-02-19,bus_rpn,bus,43604
2024-02-20,bus_rpn,bus,43267
2024-02-21,bus_rpn,bus,43371
2024-02-22,bus_rpn,bus,42404
2024-02-23,bus_rpn,bus,44247
2024-02-24,bus_rpn,bus,41481
2024-02-25,bus_rpn,bus,41946
2024-02-26,bus_rpn,bus,42024
2024-02-27,bus_rpn,bus,42543
2024-02-28,bus_rpn,bus,42525
2024-02-29,bus_rpn,bus,42507
2024-03-01,bus_rpn,bus,43846
2024-03-02,bus_rpn,bus,43090
2024-03-03,bus_rpn,bus,45319
2024-03-04,bus_rpn,bus,42771
2024-03-05,bus_rpn,bus,42942
2024-03-06,bus_rpn,bus,42902
2024-03-07,bus_rpn,bus,41806
2024-03-08,bus_rpn,bus,45930
2024-03-09,bus_rpn,bus,42296
2024-03-10,bus_rpn,bus,47658
2024-03-11,bus_rpn,bus,46665
2024-03-12,bus_rpn,bus,42910
2024-03-13,bus_rpn,bus,43964
2024-03-14,bus_rpn,bus,42407
2024-03-15,bus_rpn,bus,43834
2024-03-16,bus_rpn,bus,37022
2024-03-17,bus_rpn,bus,38960
2024-03-18,bus_rpn,bus,42381
2024-03-19,bus_rpn,bus,41954
2024-03-20,bus_rpn,bus,41967
2024-03-21,bus_rpn,bus,42558
2024-03-22,bus_rpn,bus,44741
2024-03-23,bus_rpn,bus,36224
2024-03-24,bus_rpn,bus,38601
2024-03-25,bus_rpn,bus,42590
2024-03-26,bus_rpn,bus,42441
2024-03-27,bus_rpn,bus,42623
2024-03-28,bus_rpn,bus,33983
2024-03-29,bus_rpn,bus,42235
2024-03-30,bus_rpn,bus,35542
2024-03-31,bus_rpn,bus,39910
2024-04-01,bus_rpn,bus,42843
2024-04-02,bus_rpn,bus,43126
2024-04-03,bus_rpn,bus,42880
2024-04-04,bus_rpn,bus,42176
2024-04-05,bus_rpn,bus,45268
2024-04-06,bus_rpn,bus,39936
2024-04-07,bus_rpn,bus,43483
2024-04-08,bus_rpn,bus,40795
2024-04-09,bus_rpn,bus,45170
2024-04-10,bus_rpn,bus,42441
2024-04-11,bus_rpn,bus,47116
2024-04-12,bus_rpn,bus,43860
2024-04-13,bus_rpn,bus,40009
2024-04-14,bus_rpn,bus,43314
2024-04-15,bus_rpn,bus,44880
2024-04-16,bus_rpn,bus,43107
2024-04-17,bus_rpn,bus,43687
2024-04-18,bus_rpn,bus,42777
2024-04-19,bus_rpn,bus,44421
2024-04-20,bus_rpn,bus,38998
2024-04-21,bus_rpn,bus,40217
2024-04-22,bus_rpn,bus,42619
2024-04-23,bus_rpn,bus,43004
2024-04-24,bus_rpn,bus,41881
2024-04-25,bus_rpn,bus,42171
2024-04-26,bus_rpn,bus,44501
2024-04-27,bus_rpn,bus,39171
2024-04-28,bus_rpn,bus,40715
2024-04-29,bus_rpn,bus,44318
2024-04-30,bus_rpn,bus,44936
2024-05-01,bus_rpn,bus,43591
2024-05-02,bus_rpn,bus,46435
2024-05-03,bus_rpn,bus,47298
2024-05-04,bus_rpn,bus,42270
2024-05-05,bus_rpn,bus,45222
2024-05-06,bus_rpn,bus,45846
2024-05-07,bus_rpn,bus,45374
2024-05-08,bus_rpn,bus,44998
2024-05-09,bus_rpn,bus,45285
2024-05-10,bus_rpn,bus,46735
2024-05-11,bus_rpn,bus,38915
2024-05-12,bus_rpn,bus,45154
2024-05-13,bus_rpn,bus,44042
2024-05-14,bus_rpn,bus,44869
2024-05-15,bus_rpn,bus,44745
2024-05-16,bus_rpn,bus,44122
2024-05-17,bus_rpn,bus,46532
2024-05-18,bus_rpn,bus,40116
2024-05-19,bus_rpn,bus,43391
2024-05-20,bus_rpn,bus,44077
2024-05-21,bus_rpn,bus,44130
2024-05-22,bus_rpn,bus,39065
2024-05-23,bus_rpn,bus,42519
2024-05-24,bus_rpn,bus,45335
2024-05-25,bus_rpn,bus,39619
2024-05-26,bus_rpn,bus,41779
2024-05-27,bus_rpn,bus,41099
2024-05-28,bus_rpn,bus,42132
2024-05-29,bus_rpn,bus,42291
2024-05-30,bus_rpn,bus,41388
2024-05-31,bus_rpn,bus,41947
2024-06-01,bus_rpn,bus,42709
2024-06-02,bus_rpn,bus,47400
2024-06-03,bus_rpn,bus,39045
2024-06-04,bus_rpn,bus,45820
2024-06-05,bus_rpn,bus,45708
2024-06-06,bus_rpn,bus,44553
2024-06-07,bus_rpn,bus,47074
2024-06-08,bus_rpn,bus,43583
2024-06-09,bus_rpn,bus,47202
2024-06-10,bus_rpn,bus,45273
2024-06-11,bus_rpn,bus,46082
2024-06-12,bus_rpn,bus,46998
2024-06-13,bus_rpn,bus,46290
2024-06-14,bus_rpn,bus,50258
2024-06-15,bus_rpn,bus,43464
2024-06-16,bus_rpn,bus,49041
2024-06-17,bus_rpn,bus,42988
2024-06-18,bus_rpn,bus,45185
2024-06-19,bus_rpn,bus,45177
2024-06-20,bus_rpn,bus,44845
2024-06-21,bus_rpn,bus,44156
2024-06-22,bus_rpn,bus,41102
2024-06-23,bus_rpn,bus,43339
2024-06-24,bus_rpn,bus,43740
2024-06-25,bus_rpn,bus,45079
2024-06-26,bus_rpn,bus,44457
2024-06-27,bus_rpn,bus,44405
2024-06-28,bus_rpn,bus,47644
2024-06-29,bus_rpn,bus,43510
2024-06-30,bus_rpn,bus,47053
2024-07-01,bus_rpn,bus,46746
2024-07-02,bus_rpn,bus,47765
2024-07-03,bus_rpn,bus,46499
2024-07-04,bus_rpn,bus,46113
2024-07-05,bus_rpn,bus,50171
2024-07-06,bus_rpn,bus,44153
2024-07-07,bus_rpn,bus,50999
2024-07-08,bus_rpn,bus,39079
2024-07-09,bus_rpn,bus,46688
2024-07-10,bus_rpn,bus,46617
2024-07-11,bus_rpn,bus,46629
2024-07-12,bus_rpn,bus,46957
2024-07-13,bus_rpn,bus,45684
2024-07-14,bus_rpn,bus,43504
2024-07-15,bus_rpn,bus,45683
2024-07-16,bus_rpn,bus,46138
2024-07-17,bus_rpn,bus,48138
2024-07-18,bus_rpn,bus,45796
2024-07-19,bus_rpn,bus,49223
2024-07-20,bus_rpn,bus,41965
2024-07-21,bus_rpn,bus,44163
2024-07-22,bus_rpn,bus,46222
2024-07-23,bus_rpn,bus,45938
2024-07-24,bus_rpn,bus,46514
2024-07-25,bus_rpn,bus,45595
2024-07-26,bus_rpn,bus,48950
2024-07-27,bus_rpn,bus,47260
2024-07-28,bus_rpn,bus,44191
2024-07-29,bus_rpn,bus,45758
2024-07-30,bus_rpn,bus,45780
2024-07-31,bus_rpn,bus,46198
2024-08-01,bus_rpn,bus,48358
2024-08-02,bus_rpn,bus,49857
2024-08-03,bus_rpn,bus,42856
2024-08-04,bus_rpn,bus,45325
2024-08-05,bus_rpn,bus,46018
2024-08-06,bus_rpn,bus,45351
2024-08-07,bus_rpn,bus,46947
2024-08-08,bus_rpn,bus,47386
2024-08-09,bus_rpn,bus,48892
2024-08-10,bus_rpn,bus,44486
2024-08-11,bus_rpn,bus,48655
2024-08-12,bus_rpn,bus,45247
2024-08-13,bus_rpn,bus,47581
2024-08-14,bus_rpn,bus,47612
2024-08-15,bus_rpn,bus,46711
2024-08-16,bus_rpn,bus,48563
2024-08-17,bus_rpn,bus,41386
2024-08-18,bus_rpn,bus,43661
2024-08-19,bus_rpn,bus,45052
2024-08-20,bus_rpn,bus,44634
2024-08-21,bus_rpn,bus,46372
2024-08-22,bus_rpn,bus,46244
2024-08-23,bus_rpn,bus,45679
2024-08-24,bus_rpn,bus,41971
2024-08-25,bus_rpn,bus,43102
2024-08-26,bus_rpn,bus,43806
2024-08-27,bus_rpn,bus,40972
2024-08-28,bus_rpn,bus,46513
2024-08-29,bus_rpn,bus,45233
2024-08-30,bus_rpn,bus,49114
2024-08-31,bus_rpn,bus,45198
2024-09-01,bus_rpn,bus,45493
2024-09-02,bus_rpn,bus,45636
2024-09-03,bus_rpn,bus,43414
2024-09-04,bus_rpn,bus,46623
2024-09-05,bus_rpn,bus,44518
2024-09-06,bus_rpn,bus,45274
2024-09-07,bus_rpn,bus,38768
2024-09-08,bus_rpn,bus,47093
2024-09-09,bus_rpn,bus,46545
2024-09-10,bus_rpn,bus,46095
2024-09-11,bus_rpn,bus,46175
2024-09-12,bus_rpn,bus,43496
2024-09-13,bus_rpn,bus,45332
2024-09-14,bus_rpn,bus,40327
2024-09-15,bus_rpn,bus,48107
2024-09-16,bus_rpn,bus,39650
2024-09-17,bus_rpn,bus,37848
2024-09-18,bus_rpn,bus,42141
2024-09-19,bus_rpn,bus,40334
2024-09-20,bus_rpn,bus,43483
2024-09-21,bus_rpn,bus,39357
2024-09-22,bus_rpn,bus,41360
2024-09-23,bus_rpn,bus,44327
2024-09-24,bus_rpn,bus,43518
2024-09-25,bus_rpn,bus,46221
2024-09-26,bus_rpn,bus,45088
2024-09-27,bus_rpn,bus,46803
2024-09-28,bus_rpn,bus,41002
2024-09-29,bus_rpn,bus,42784
2024-09-30,bus_rpn,bus,44769
2024-10-01,bus_rpn,bus,47404
2024-10-02,bus_rpn,bus,47844
2024-10-03,bus_rpn,bus,45518
2024-10-04,bus_rpn,bus,48999
2024-10-05,bus_rpn,bus,42599
2024-10-06,bus_rpn,bus,48460
2024-10-07,bus_rpn,bus,47642
2024-10-08,bus_rpn,bus,45498
2024-10-09,bus_rpn,bus,46323
2024-10-10,bus_rpn,bus,46931
2024-10-11,bus_rpn,bus,49134
2024-10-12,bus_rpn,bus,43531
2024-10-13,bus_rpn,bus,45710
2024-10-14,bus_rpn,bus,46059
2024-10-15,bus_rpn,bus,45674
2024-10-16,bus_rpn,bus,46459
2024-10-17,bus_rpn,bus,46170
2024-10-18,bus_rpn,bus,45329
2024-10-19,bus_rpn,bus,40872
2024-10-20,bus_rpn,bus,42860
2024-10-21,bus_rpn,bus,46639
2024-10-22,bus_rpn,bus,45758
2024-10-23,bus_rpn,bus,46530
2024-10-24,bus_rpn,bus,45264
2024-10-25,bus_rpn,bus,44566
2024-10-26,bus_rpn,bus,38499
2024-10-27,bus_rpn,bus,39460
2024-10-28,bus_rpn,bus,41879
2024-10-29,bus_rpn,bus,43507
2024-10-30,bus_rpn,bus,43829
2024-10-31,bus_rpn,bus,41465
2024-11-01,bus_rpn,bus,44166
2024-11-02,bus_rpn,bus,39578
2024-11-03,bus_rpn,bus,43045
2024-11-04,bus_rpn,bus,44612
2024-11-05,bus_rpn,bus,45159
2024-11-06,bus_rpn,bus,46222
2024-11-07,bus_rpn,bus,45825
2024-11-08,bus_rpn,bus,48509
2024-11-09,bus_rpn,bus,44341
2024-11-10,bus_rpn,bus,47650
2024-11-11,bus_rpn,bus,47131
2024-11-12,bus_rpn,bus,46086
2024-11-13,bus_rpn,bus,45930
2024-11-14,bus_rpn,bus,45996
2024-11-15,bus_rpn,bus,48889
2024-11-16,bus_rpn,bus,40809
2024-11-17,bus_rpn,bus,45099
2024-11-18,bus_rpn,bus,45921
2024-11-19,bus_rpn,bus,45349
2024-11-20,bus_rpn,bus,46144
2024-11-21,bus_rpn,bus,45771
2024-11-22,bus_rpn,bus,48664
2024-11-23,bus_rpn,bus,41160
2024-11-24,bus_rpn,bus,44163
2024-11-25,bus_rpn,bus,44594
2024-11-26,bus_rpn,bus,44759
2024-11-27,bus_rpn,bus,42855
2024-11-28,bus_rpn,bus,44628
2024-11-29,bus_rpn,bus,49545
2024-11-30,bus_rpn,bus,43205
2024-12-01,bus_rpn,bus,48742
2024-12-02,bus_rpn,bus,47115
2024-12-03,bus_rpn,bus,46178
2024-12-04,bus_rpn,bus,47487
2024-12-05,bus_rpn,bus,45555
2024-12-06,bus_rpn,bus,49573
2024-12-07,bus_rpn,bus,45429
2024-12-08,bus_rpn,bus,51371
2024-12-09,bus_rpn,bus,47417
2024-12-10,bus_rpn,bus,46229
2024-12-11,bus_rpn,bus,49266
2024-12-12,bus_rpn,bus,48597
2024-12-13,bus_rpn,bus,49537
2024-12-14,bus_rpn,bus,53913
2024-12-15,bus_rpn,bus,49326
2024-12-16,bus_rpn,bus,48368
2024-12-17,bus_rpn,bus,46246
2024-12-18,bus_rpn,bus,48336
2024-12-19,bus_rpn,bus,46886
2024-12-20,bus_rpn,bus,49625
2024-12-21,bus_rpn,bus,43366
2024-12-22,bus_rpn,bus,47640
2024-12-23,bus_rpn,bus,46336
2024-12-24,bus_rpn,bus,45220
2024-12-25,bus_rpn,bus,44038
2024-12-26,bus_rpn,bus,44427
2024-12-27,bus_rpn,bus,45630
2024-12-28,bus_rpn,bus,43049
2024-12-29,bus_rpn,bus,45664
2024-12-30,bus_rpn,bus,48827
2024-12-31,bus_rpn,bus,49383
2025-01-01,bus_rpn,bus,45503
2025-01-02,bus_rpn,bus,46515
2025-01-03,bus_rpn,bus,48424
2025-01-04,bus_rpn,bus,42380
2025-01-05,bus_rpn,bus,45191
2025-01-06,bus_rpn,bus,43682
2025-01-07,bus_rpn,bus,49785
2025-01-08,bus_rpn,bus,51985
2025-01-09,bus_rpn,bus,49871
2025-01-10,bus_rpn,bus,50222
2025-01-11,bus_rpn,bus,47196
2025-01-12,bus_rpn,bus,54640
2025-01-13,bus_rpn,bus,52528
2025-01-14,bus_rpn,bus,50628
2025-01-15,bus_rpn,bus,52531
2025-01-16,bus_rpn,bus,55060
2025-01-17,bus_rpn,bus,56636
2025-01-18,bus_rpn,bus,44114
2025-01-19,bus_rpn,bus,47261
2025-01-20,bus_rpn,bus,46773
2025-01-21,bus_rpn,bus,45898
2025-01-22,bus_rpn,bus,48036
2025-01-23,bus_rpn,bus,46931
2025-01-24,bus_rpn,bus,48287
2025-01-25,bus_rpn,bus,44654
2025-01-26,bus_rpn,bus,46787
2025-01-27,bus_rpn,bus,47813
2025-01-28,bus_rpn,bus,47660
2025-01-29,bus_rpn,bus,48939
2025-01-30,bus_rpn,bus,46127
2025-01-31,bus_rpn,bus,48268
2025-02-01,bus_rpn,bus,48110
2025-02-02,bus_rpn,bus,47267
2025-02-03,bus_rpn,bus,47623
2025-02-04,bus_rpn,bus,46292
2025-02-05,bus_rpn,bus,46892
2025-02-06,bus_rpn,bus,45109
2025-02-07,bus_rpn,bus,47291
2025-02-08,bus_rpn,bus,45616
2025-02-09,bus_rpn,bus,51518
2025-02-10,bus_rpn,bus,48623
2025-02-11,bus_rpn,bus,47809
2025-02-12,bus_rpn,bus,47746
2025-02-13,bus_rpn,bus,45870
2025-02-14,bus_rpn,bus,48847
2025-02-15,bus_rpn,bus,44662
2025-02-16,bus_rpn,bus,45474
2025-02-17,bus_rpn,bus,48064
2025-02-18,bus_rpn,bus,47726
2025-02-19,bus_rpn,bus,47631
2025-02-20,bus_rpn,bus,47176
2025-02-21,bus_rpn,bus,49526
2025-02-22,bus_rpn,bus,41919
2025-02-23,bus_rpn,bus,42910
2025-02-24,bus_rpn,bus,33026
2025-02-25,bus_rpn,bus,46985
2025-02-26,bus_rpn,bus,47575
2025-02-27,bus_rpn,bus,46644
2025-02-28,bus_rpn,bus,48839
2025-03-01,bus_rpn,bus,44921
2025-03-02,bus_rpn,bus,40080
2025-03-03,bus_rpn,bus,45494
2025-03-04,bus_rpn,bus,43423
2025-03-05,bus_rpn,bus,46165
2025-03-06,bus_rpn,bus,44861
2025-03-07,bus_rpn,bus,47359
2025-03-08,bus_rpn,bus,39685
2025-03-09,bus_rpn,bus,42573
2025-03-10,bus_rpn,bus,45366
2025-03-11,bus_rpn,bus,44375
2025-03-12,bus_rpn,bus,46169
2025-03-13,bus_rpn,bus,44350
2025-03-14,bus_rpn,bus,47987
2025-03-15,bus_rpn,bus,39687
2025-03-16,bus_rpn,bus,40824
2025-03-17,bus_rpn,bus,44044
2025-03-18,bus_rpn,bus,36927
2025-03-19,bus_rpn,bus,46134
2025-03-20,bus_rpn,bus,45600
2025-03-21,bus_rpn,bus,47626
2025-03-22,bus_rpn,bus,40870
2025-03-23,bus_rpn,bus,41269
2025-03-24,bus_rpn,bus,45753
2025-03-25,bus_rpn,bus,45370
2025-03-26,bus_rpn,bus,46661
2025-03-27,bus_rpn,bus,45830
2025-03-28,bus_rpn,bus,48950
2025-03-29,bus_rpn,bus,43640
2025-03-30,bus_rpn,bus,47022
2025-03-31,bus_rpn,bus,43935
2025-04-01,bus_rpn,bus,49029
2025-04-02,bus_rpn,bus,43949
2025-04-03,bus_rpn,bus,42544
2025-04-04,bus_rpn,bus,41757
2025-04-05,bus_rpn,bus,41420
2025-04-06,bus_rpn,bus,44135
2025-04-07,bus_rpn,bus,48016
2025-04-08,bus_rpn,bus,45633
2025-04-09,bus_rpn,bus,48252
2025-04-10,bus_rpn,bus,47110
2025-04-11,bus_rpn,bus,48398
2025-04-12,bus_rpn,bus,43232
2025-04-13,bus_rpn,bus,46781
2025-04-14,bus_rpn,bus,48110
2025-04-15,bus_rpn,bus,47594
2025-04-16,bus_rpn,bus,46190
2025-04-17,bus_rpn,bus,45561
2025-04-18,bus_rpn,bus,49933
2025-04-19,bus_rpn,bus,43578
2025-04-20,bus_rpn,bus,44756
2025-04-21,bus_rpn,bus,47363
2025-04-22,bus_rpn,bus,47802
2025-04-23,bus_rpn,bus,48465
2025-04-24,bus_rpn,bus,47128
2025-04-25,bus_rpn,bus,48238
2025-04-26,bus_rpn,bus,42032
2025-04-27,bus_rpn,bus,43516
2025-04-28,bus_rpn,bus,45299
2025-04-29,bus_rpn,bus,46754
2025-04-30,bus_rpn,bus,50449
2025-05-01,bus_rpn,bus,44692
2025-05-02,bus_rpn,bus,53165
2025-05-03,bus_rpn,bus,44231
2025-05-04,bus_rpn,bus,44588
2025-05-05,bus_rpn,bus,49396
2025-05-06,bus_rpn,bus,50410
2025-05-07,bus_rpn,bus,49220
2025-05-08,bus_rpn,bus,49151
2025-05-09,bus_rpn,bus,52171
2025-05-10,bus_rpn,bus,44552
2025-05-11,bus_rpn,bus,46615
2025-05-12,bus_rpn,bus,43231
2025-05-13,bus_rpn,bus,48133
2025-05-14,bus_rpn,bus,47558
2025-05-15,bus_rpn,bus,48242
2025-05-16,bus_rpn,bus,48633
2025-05-17,bus_rpn,bus,41468
2025-05-18,bus_rpn,bus,43470
2025-05-19,bus_rpn,bus,46705
2025-05-20,bus_rpn,bus,46881
2025-05-21,bus_rpn,bus,48376
2025-05-22,bus_rpn,bus,45754
2025-05-23,bus_rpn,bus,46099
2025-05-24,bus_rpn,bus,42319
2025-05-25,bus_rpn,bus,42466
2025-05-26,bus_rpn,bus,47546
2025-05-27,bus_rpn,bus,47223
2025-05-28,bus_rpn,bus,47177
2025-05-29,bus_rpn,bus,43973
2025-05-30,bus_rpn,bus,46779
2025-05-31,bus_rpn,bus,44153
2025-06-01,bus_rpn,bus,49415
2025-06-02,bus_rpn,bus,42485
2025-06-03,bus_rpn,bus,47218
2025-06-04,bus_rpn,bus,45815
2025-06-05,bus_rpn,bus,45893
2025-06-06,bus_rpn,bus,49470
2025-06-07,bus_rpn,bus,42968
2025-06-08,bus_rpn,bus,50915
2025-06-09,bus_rpn,bus,43034
2025-06-10,bus_rpn,bus,49388
2025-06-11,bus_rpn,bus,48689
2025-06-12,bus_rpn,bus,48630
2025-06-13,bus_rpn,bus,49907
2025-06-14,bus_rpn,bus,43838
2025-06-15,bus_rpn,bus,46090
2025-06-16,bus_rpn,bus,46909
2025-06-17,bus_rpn,bus,49083
2025-06-18,bus_rpn,bus,48853
2025-06-19,bus_rpn,bus,48748
2025-06-20,bus_rpn,bus,50780
2025-06-21,bus_rpn,bus,45224
2025-06-22,bus_rpn,bus,46077
2025-06-23,bus_rpn,bus,49591
2025-06-24,bus_rpn,bus,48712
2025-06-25,bus_rpn,bus,49567
2025-06-26,bus_rpn,bus,51151
2025-06-27,bus_rpn,bus,43268
2025-06-28,bus_rpn,bus,44587
2025-06-29,bus_rpn,bus,45117
2025-06-30,bus_rpn,bus,51148
2025-07-01,bus_rpn,bus,50975
2025-07-02,bus_rpn,bus,51124
2025-07-03,bus_rpn,bus,50531
2025-07-04,bus_rpn,bus,53476
2025-07-05,bus_rpn,bus,48938
2025-07-06,bus_rpn,bus,50693
2025-07-07,bus_rpn,bus,41883
2025-07-08,bus_rpn,bus,49983
2025-07-09,bus_rpn,bus,52179
2025-07-10,bus_rpn,bus,50016
2025-07-11,bus_rpn,bus,54726
2025-07-12,bus_rpn,bus,48412
2025-07-13,bus_rpn,bus,46039
2025-07-14,bus_rpn,bus,50662
2025-07-15,bus_rpn,bus,50124
2025-07-16,bus_rpn,bus,51130
2025-07-17,bus_rpn,bus,51548
2025-07-18,bus_rpn,bus,52276
2025-07-19,bus_rpn,bus,46387
2025-07-20,bus_rpn,bus,47569
2025-07-21,bus_rpn,bus,50787
2025-07-22,bus_rpn,bus,51145
2025-07-23,bus_rpn,bus,50863
2025-07-24,bus_rpn,bus,50489
2025-07-25,bus_rpn,bus,53447
2025-07-26,bus_rpn,bus,48430
2025-07-27,bus_rpn,bus,47497
2025-07-28,bus_rpn,bus,50750
2025-07-29,bus_rpn,bus,50635
2025-07-30,bus_rpn,bus,49793
2025-07-31,bus_rpn,bus,51048
2025-08-01,bus_rpn,bus,55658
2025-08-02,bus_rpn,bus,48874
2025-08-03,bus_rpn,bus,50191
2025-08-04,bus_rpn,bus,50356
2025-08-05,bus_rpn,bus,52084
2025-08-06,bus_rpn,bus,50728
2025-08-07,bus_rpn,bus,50850
2025-08-08,bus_rpn,bus,53779
2025-08-09,bus_rpn,bus,49513
2025-08-10,bus_rpn,bus,51649
2025-08-11,bus_rpn,bus,50905
2025-08-12,bus_rpn,bus,52495
2025-08-13,bus_rpn,bus,50317
2025-08-14,bus_rpn,bus,50737
2025-08-15,bus_rpn,bus,52060
2025-08-16,bus_rpn,bus,48757
2025-08-17,bus_rpn,bus,50571
2025-08-18,bus_rpn,bus,50654
2025-08-19,bus_rpn,bus,50109
2025-08-20,bus_rpn,bus,50912
2025-08-21,bus_rpn,bus,46949
2025-08-22,bus_rpn,bus,51921
2025-08-23,bus_rpn,bus,45267
2025-08-24,bus_rpn,bus,44805
2025-08-25,bus_rpn,bus,48549
2025-08-26,bus_rpn,bus,49165
2025-08-27,bus_rpn,bus,48778
2025-08-28,bus_rpn,bus,47258
2025-08-29,bus_rpn,bus,51830
2025-08-30,bus_rpn,bus,46275
2025-08-31,bus_rpn,bus,52574
2025-09-01,bus_rpn,bus,45176
2025-09-02,bus_rpn,bus,50580
2025-09-03,bus_rpn,bus,47180
2025-09-04,bus_rpn,bus,48292
2025-09-05,bus_rpn,bus,43452
2025-09-06,bus_rpn,bus,43408
2025-09-07,bus_rpn,bus,44976
2025-09-08,bus_rpn,bus,49545
2025-09-09,bus_rpn,bus,49067
2025-09-10,bus_rpn,bus,50810
2025-09-11,bus_rpn,bus,49430
2025-09-12,bus_rpn,bus,50480
2025-09-13,bus_rpn,bus,44301
2025-09-14,bus_rpn,bus,50099
2025-09-15,bus_rpn,bus,39497
2025-09-16,bus_rpn,bus,45173
2025-09-17,bus_rpn,bus,48311
2025-09-18,bus_rpn,bus,47009
2025-09-19,bus_rpn,bus,47678
2025-09-20,bus_rpn,bus,43021
2025-09-21,bus_rpn,bus,44352
2025-09-22,bus_rpn,bus,48536
2025-09-23,bus_rpn,bus,48674
2025-09-24,bus_rpn,bus,48710
2025-09-25,bus_rpn,bus,47606
2025-09-26,bus_rpn,bus,50860
2025-09-27,bus_rpn,bus,44306
2025-09-28,bus_rpn,bus,40682
2025-09-29,bus_rpn,bus,48667
2025-09-30,bus_rpn,bus,50587
2025-10-01,bus_rpn,bus,48930
2025-10-02,bus_rpn,bus,50876
2025-10-03,bus_rpn,bus,52716
2025-10-04,bus_rpn,bus,49696
2025-10-05,bus_rpn,bus,52603
2025-10-06,bus_rpn,bus,52874
2025-10-07,bus_rpn,bus,49673
2025-10-08,bus_rpn,bus,51730
2025-10-09,bus_rpn,bus,48940
2025-10-10,bus_rpn,bus,54605
2025-10-11,bus_rpn,bus,45634
2025-10-12,bus_rpn,bus,48000
2025-10-13,bus_rpn,bus,49795
2025-10-14,bus_rpn,bus,49132
2025-10-15,bus_rpn,bus,50250
2025-10-16,bus_rpn,bus,48705
2025-10-17,bus_rpn,bus,53239
2025-10-18,bus_rpn,bus,46669
2025-10-19,bus_rpn,bus,49755
2025-10-20,bus_rpn,bus,38431
2025-10-21,bus_rpn,bus,44310
2025-10-22,bus_rpn,bus,42040
2025-10-23,bus_rpn,bus,45372
2025-10-24,bus_rpn,bus,47760
2025-10-25,bus_rpn,bus,41197
2025-10-26,bus_rpn,bus,45218
2025-10-27,bus_rpn,bus,49849
2025-10-28,bus_rpn,bus,50391
2025-10-29,bus_rpn,bus,49316
2025-10-30,bus_rpn,bus,46269
2025-10-31,bus_rpn,bus,51477
2025-11-01,bus_rpn,bus,47334
2025-11-02,bus_rpn,bus,49360
2025-11-03,bus_rpn,bus,46458
2025-11-04,bus_rpn,bus,44811
2025-11-05,bus_rpn,bus,49584
2025-11-06,bus_rpn,bus,47455
2025-11-07,bus_rpn,bus,51476
2025-11-08,bus_rpn,bus,46609
2025-11-09,bus_rpn,bus,50585
2025-11-10,bus_rpn,bus,47439
2025-11-11,bus_rpn,bus,47906
2025-11-12,bus_rpn,bus,47877
2025-11-13,bus_rpn,bus,47537
2025-11-14,bus_rpn,bus,51874
2025-11-15,bus_rpn,bus,45230
2025-11-16,bus_rpn,bus,46110
2025-11-17,bus_rpn,bus,48231
2025-11-18,bus_rpn,bus,47268
2025-11-19,bus_rpn,bus,49644
2025-11-20,bus_rpn,bus,46895
2025-11-21,bus_rpn,bus,51196
2025-11-22,bus_rpn,bus,43735
2025-11-23,bus_rpn,bus,44781
2025-11-24,bus_rpn,bus,45999
2025-11-25,bus_rpn,bus,44330
2025-11-26,bus_rpn,bus,47746
2025-11-27,bus_rpn,bus,46668
2025-11-28,bus_rpn,bus,48429
2025-11-29,bus_rpn,bus,46640
2025-11-30,bus_rpn,bus,50584
2025-12-01,bus_rpn,bus,49710
2025-12-02,bus_rpn,bus,47950
2025-12-03,bus_rpn,bus,49630
2025-12-04,bus_rpn,bus,48379
2025-12-05,bus_rpn,bus,51899
2025-12-06,bus_rpn,bus,47589
2025-12-07,bus_rpn,bus,54040
2025-12-08,bus_rpn,bus,49464
2025-12-09,bus_rpn,bus,49685
2025-12-10,bus_rpn,bus,51091
2025-12-11,bus_rpn,bus,49721
2025-12-12,bus_rpn,bus,53950
2025-12-13,bus_rpn,bus,49336
2025-12-14,bus_rpn,bus,51734
2025-12-15,bus_rpn,bus,48721
2025-12-16,bus_rpn,bus,49470
2025-12-17,bus_rpn,bus,49626
2025-12-18,bus_rpn,bus,49025
2025-12-19,bus_rpn,bus,51349
2025-12-20,bus_rpn,bus,45521
2025-12-21,bus_rpn,bus,46523
2025-12-22,bus_rpn,bus,47371
2025-12-23,bus_rpn,bus,46527
2025-12-24,bus_rpn,bus,48166
2025-12-25,bus_rpn,bus,45030
2025-12-26,bus_rpn,bus,49387
2025-12-27,bus_rpn,bus,44915
2025-12-28,bus_rpn,bus,47185
2025-12-29,bus_rpn,bus,48795
2025-12-30,bus_rpn,bus,48450
2025-12-31,bus_rpn,bus,52404
2026-01-01,bus_rpn,bus,45234
2026-01-02,bus_rpn,bus,50972
2026-01-03,bus_rpn,bus,46265
2026-01-04,bus_rpn,bus,45328
2026-01-05,bus_rpn,bus,47936
2026-01-06,bus_rpn,bus,46590
2026-01-07,bus_rpn,bus,47316
2026-01-08,bus_rpn,bus,47599
2026-01-09,bus_rpn,bus,50191
2026-01-10,bus_rpn,bus,47849
2026-01-11,bus_rpn,bus,50385
2026-01-12,bus_rpn,bus,51586
2026-01-13,bus_rpn,bus,52245
2026-01-14,bus_rpn,bus,52515
2026-01-15,bus_rpn,bus,51091
2026-01-16,bus_rpn,bus,55448
2026-01-17,bus_rpn,bus,47624
2026-01-18,bus_rpn,bus,49091
2026-01-19,bus_rpn,bus,51530
2026-01-20,bus_rpn,bus,52265
2026-01-21,bus_rpn,bus,52551
2026-01-22,bus_rpn,bus,53728
2026-01-23,bus_rpn,bus,53874
2026-01-24,bus_rpn,bus,47782
2026-01-25,bus_rpn,bus,48353
2026-01-26,bus_rpn,bus,51653
2026-01-27,bus_rpn,bus,51762
2026-01-28,bus_rpn,bus,51432
2026-01-29,bus_rpn,bus,52324
2026-01-30,bus_rpn,bus,58678
2026-01-31,bus_rpn,bus,48174
2026-02-01,bus_rpn,bus,60669
2026-02-02,bus_rpn,bus,43744
2026-02-03,bus_rpn,bus,54523
2026-02-04,bus_rpn,bus,53057
2026-02-05,bus_rpn,bus,53514
2026-02-06,bus_rpn,bus,56452
2026-02-07,bus_rpn,bus,50430
2026-02-08,bus_rpn,bus,51670
2026-02-09,bus_rpn,bus,54771
2026-02-10,bus_rpn,bus,55989
2026-02-11,bus_rpn,bus,53426
2026-02-12,bus_rpn,bus,53774
2026-02-13,bus_rpn,bus,55444
2026-02-14,bus_rpn,bus,49416
2026-02-15,bus_rpn,bus,49526
2026-02-16,bus_rpn,bus,48614
2026-02-17,bus_rpn,bus,43989
2026-02-18,bus_rpn,bus,42173
2026-02-19,bus_rpn,bus,41852
2026-02-20,bus_rpn,bus,47253
2026-02-21,bus_rpn,bus,47864
2026-02-22,bus_rpn,bus,42409
2026-02-23,bus_rpn,bus,50444
2026-02-24,bus_rpn,bus,50963
2026-02-25,bus_rpn,bus,47306
2026-02-26,bus_rpn,bus,47601
2026-02-27,bus_rpn,bus,50970
2026-02-28,bus_rpn,bus,44087
2026-03-01,bus_rpn,bus,43717
2026-03-02,bus_rpn,bus,49089
2026-03-03,bus_rpn,bus,48272
2026-03-04,bus_rpn,bus,48518
2026-03-05,bus_rpn,bus,48717
2026-03-06,bus_rpn,bus,49288
2026-03-07,bus_rpn,bus,43924
2026-03-08,bus_rpn,bus,46185
2026-03-09,bus_rpn,bus,47977
2026-03-10,bus_rpn,bus,49700
2026-03-11,bus_rpn,bus,48968
2026-03-12,bus_rpn,bus,48382
2026-03-13,bus_rpn,bus,50793
2026-03-14,bus_rpn,bus,43235
2026-03-15,bus_rpn,bus,44974
2026-03-16,bus_rpn,bus,48819
2026-03-17,bus_rpn,bus,48990
2026-03-18,bus_rpn,bus,46669
2026-03-19,bus_rpn,bus,45989
2026-03-20,bus_rpn,bus,44446
2026-03-21,bus_rpn,bus,44931
2026-03-22,bus_rpn,bus,50265
2026-03-23,bus_rpn,bus,40365
2026-03-24,bus_rpn,bus,44330
2026-03-25,bus_rpn,bus,44229
2026-03-26,bus_rpn,bus,44351
2026-03-27,bus_rpn,bus,44240
2026-03-28,bus_rpn,bus,40518
2026-03-29,bus_rpn,bus,43339
2026-03-30,bus_rpn,bus,47954
2026-03-31,bus_rpn,bus,47831
2026-04-01,bus_rpn,bus,48645
2026-04-02,bus_rpn,bus,31410
2026-04-03,bus_rpn,bus,50647
2026-04-04,bus_rpn,bus,45347
2026-04-05,bus_rpn,bus,43143
2026-04-06,bus_rpn,bus,23970
2026-04-07,bus_rpn,bus,50614
2026-04-08,bus_rpn,bus,50626
2026-04-09,bus_rpn,bus,48368
2026-04-10,bus_rpn,bus,52145
2026-04-11,bus_rpn,bus,46080
2026-04-12,bus_rpn,bus,52379
2026-04-13,bus_rpn,bus,50385
2026-04-14,bus_rpn,bus,47805
2026-04-15,bus_rpn,bus,50006
2026-04-16,bus_rpn,bus,49488
2026-04-17,bus_rpn,bus,52578
2026-04-18,bus_rpn,bus,43988
2026-04-19,bus_rpn,bus,45345
2026-04-20,bus_rpn,bus,48787
2026-04-21,bus_rpn,bus,49754
2026-04-22,bus_rpn,bus,48883
2026-04-23,bus_rpn,bus,48060
2026-04-24,bus_rpn,bus,50554
2026-04-25,bus_rpn,bus,44243
2026-04-26,bus_rpn,bus,43915
2026-04-27,bus_rpn,bus,47010
2026-04-28,bus_rpn,bus,47590
2026-04-29,bus_rpn,bus,49128
2026-04-30,bus_rpn,bus,52540
2026-05-01,bus_rpn,bus,48861
2026-05-02,bus_rpn,bus,45649
2026-05-03,bus_rpn,bus,45639
2026-05-04,bus_rpn,bus,49645
2026-05-05,bus_rpn,bus,47723
2026-05-06,bus_rpn,bus,49049
2026-05-07,bus_rpn,bus,48932
2026-05-08,bus_rpn,bus,50610
2026-05-09,bus_rpn,bus,45947
2026-05-10,bus_rpn,bus,46943
2026-05-11,bus_rpn,bus,47749
2026-05-12,bus_rpn,bus,47947
2026-05-13,bus_rpn,bus,49184
2026-05-14,bus_rpn,bus,46411
2026-05-15,bus_rpn,bus,51991
2026-05-16,bus_rpn,bus,40803
2026-05-17,bus_rpn,bus,45540
2026-05-18,bus_rpn,bus,47568
2026-05-19,bus_rpn,bus,48277
2026-05-20,bus_rpn,bus,46936
2026-05-21,bus_rpn,bus,49238
2026-05-22,bus_rpn,bus,50473
2026-05-23,bus_rpn,bus,42118
2026-05-24,bus_rpn,bus,44007
2026-05-25,bus_rpn,bus,46406
2026-05-26,bus_rpn,bus,46187
2026-05-27,bus_rpn,bus,41467
2026-05-28,bus_rpn,bus,43787
2026-05-29,bus_rpn,bus,43709
2026-05-30,bus_rpn,bus,41780
2026-05-31,bus_rpn,bus,48706
2026-06-01,bus_rpn,bus,41926
2026-06-02,bus_rpn,bus,37281
2026-06-03,bus_rpn,bus,46155
2026-06-04,bus_rpn,bus,45007
2026-06-05,bus_rpn,bus,45693
2026-06-06,bus_rpn,bus,43376
2026-06-07,bus_rpn,bus,45288
2026-06-08,bus_rpn,bus,47882
2026-06-09,bus_rpn,bus,48197
2026-06-10,bus_rpn,bus,49459
2026-06-11,bus_rpn,bus,49737
2026-06-12,bus_rpn,bus,51490
2026-06-13,bus_rpn,bus,43569
2026-06-14,bus_rpn,bus,43092
2026-06-15,bus_rpn,bus,48236
2026-06-16,bus_rpn,bus,50094
2026-06-17,bus_rpn,bus,41853
2026-06-18,bus_rpn,bus,49829
2026-06-19,bus_rpn,bus,50526
2026-06-20,bus_rpn,bus,46280
2026-06-21,bus_rpn,bus,45321
2026-06-22,bus_rpn,bus,49166
2026-06-23,bus_rpn,bus,48196
2026-06-24,bus_rpn,bus,48514
2026-06-25,bus_rpn,bus,48779
2026-06-26,bus_rpn,bus,50626
2026-06-27,bus_rpn,bus,45938
2026-06-28,bus_rpn,bus,44764
2026-06-29,bus_rpn,bus,44623
2026-06-30,bus_rpn,bus,49678
2026-07-01,bus_rpn,bus,49155
2026-07-02,bus_rpn,bus,48974
2026-07-03,bus_rpn,bus,53318
2026-07-04,bus_rpn,bus,47077
2026-07-05,bus_rpn,bus,48453
2026-07-06,bus_rpn,bus,50720
2026-07-07,bus_rpn,bus,43105
2026-07-08,bus_rpn,bus,51380
2026-07-09,bus_rpn,bus,51445
2026-07-10,bus_rpn,bus,54244
2026-07-11,bus_rpn,bus,46936
2026-07-12,bus_rpn,bus,46858
2026-07-13,bus_rpn,bus,51095
2026-07-14,bus_rpn,bus,50703
2026-07-15,bus_rpn,bus,51074
2026-07-16,bus_rpn,bus,50883
2026-07-17,bus_rpn,bus,53040
2026-07-18,bus_rpn,bus,46599
2026-07-19,bus_rpn,bus,45440
2026-07-20,bus_rpn,bus,49237
2026-07-21,bus_rpn,bus,50967
2026-07-22,bus_rpn,bus,50083
2026-07-23,bus_rpn,bus,49704
2026-07-24,bus_rpn,bus,51533
2026-07-25,bus_rpn,bus,43856
2026-07-26,bus_rpn,bus,45699
2026-07-27,bus_rpn,bus,49404
2026-07-28,bus_rpn,bus,51178
2026-07-29,bus_rpn,bus,48267
2026-07-30,bus_rpn,bus,52014
2026-07-31,bus_rpn,bus,53121
2020-10-15,rail_ets,rail,737
2020-10-16,rail_ets,rail,1065
2020-10-17,rail_ets,rail,856
2020-10-18,rail_ets,rail,1037
2020-10-19,rail_ets,rail,845
2020-10-20,rail_ets,rail,706
2020-10-21,rail_ets,rail,778
2020-10-22,rail_ets,rail,795
2020-10-23,rail_ets,rail,1004
2020-10-24,rail_ets,rail,868
2020-10-25,rail_ets,rail,976
2020-10-26,rail_ets,rail,803
2020-10-27,rail_ets,rail,768
2020-10-28,rail_ets,rail,1311
2020-10-29,rail_ets,rail,1299
2020-10-30,rail_ets,rail,1273
2020-10-31,rail_ets,rail,1290
2020-11-01,rail_ets,rail,1551
2020-11-02,rail_ets,rail,1317
2020-11-03,rail_ets,rail,1041
2020-11-04,rail_ets,rail,1028
2020-11-05,rail_ets,rail,1392
2020-11-06,rail_ets,rail,1488
2020-11-07,rail_ets,rail,1250
2020-11-08,rail_ets,rail,1800
2020-11-09,rail_ets,rail,1227
2020-11-10,rail_ets,rail,1026
2020-11-11,rail_ets,rail,1074
2020-11-12,rail_ets,rail,1244
2020-11-13,rail_ets,rail,1309
2020-11-14,rail_ets,rail,765
2020-11-15,rail_ets,rail,1024
2020-11-16,rail_ets,rail,1160
2020-11-17,rail_ets,rail,1043
2020-11-18,rail_ets,rail,995
2020-11-19,rail_ets,rail,939
2020-11-20,rail_ets,rail,1250
2020-11-21,rail_ets,rail,985
2020-11-22,rail_ets,rail,1153
2020-11-23,rail_ets,rail,1126
2020-11-24,rail_ets,rail,927
2020-11-25,rail_ets,rail,947
2020-11-26,rail_ets,rail,1078
2020-11-27,rail_ets,rail,1370
2020-11-28,rail_ets,rail,1179
2020-11-29,rail_ets,rail,1219
2020-11-30,rail_ets,rail,1305
2020-12-01,rail_ets,rail,1071
2020-12-02,rail_ets,rail,1019
2020-12-03,rail_ets,rail,1125
2020-12-04,rail_ets,rail,1410
2020-12-05,rail_ets,rail,1303
2020-12-06,rail_ets,rail,1421
2020-12-07,rail_ets,rail,2313
2020-12-08,rail_ets,rail,2119
2020-12-09,rail_ets,rail,2423
2020-12-10,rail_ets,rail,3224
2020-12-11,rail_ets,rail,4927
2020-12-12,rail_ets,rail,3315
2020-12-13,rail_ets,rail,5233
2020-12-14,rail_ets,rail,2994
2020-12-15,rail_ets,rail,2666
2020-12-16,rail_ets,rail,2821
2020-12-17,rail_ets,rail,3165
2020-12-18,rail_ets,rail,5238
2020-12-19,rail_ets,rail,4361
2020-12-20,rail_ets,rail,5225
2020-12-21,rail_ets,rail,3567
2020-12-22,rail_ets,rail,3488
2020-12-23,rail_ets,rail,4007
2020-12-24,rail_ets,rail,5094
2020-12-25,rail_ets,rail,6166
2020-12-26,rail_ets,rail,4557
2020-12-27,rail_ets,rail,7317
2020-12-28,rail_ets,rail,4621
2020-12-29,rail_ets,rail,4023
2020-12-30,rail_ets,rail,4488
2020-12-31,rail_ets,rail,5148
2021-01-01,rail_ets,rail,5284
2021-01-02,rail_ets,rail,4641
2021-01-03,rail_ets,rail,6561
2021-01-04,rail_ets,rail,4071
2021-01-05,rail_ets,rail,3444
2021-01-06,rail_ets,rail,3350
2021-01-07,rail_ets,rail,3314
2021-01-08,rail_ets,rail,4556
2021-01-09,rail_ets,rail,4512
2021-01-10,rail_ets,rail,5038
2021-01-11,rail_ets,rail,3756
2021-01-12,rail_ets,rail,5813
2021-01-13,rail_ets,rail,992
2021-01-14,rail_ets,rail,975
2021-01-15,rail_ets,rail,1470
2021-01-16,rail_ets,rail,691
2021-01-17,rail_ets,rail,874
2021-01-18,rail_ets,rail,740
2021-01-19,rail_ets,rail,721
2021-01-20,rail_ets,rail,843
2021-01-21,rail_ets,rail,876
2021-01-22,rail_ets,rail,537
2021-01-23,rail_ets,rail,404
2021-01-24,rail_ets,rail,528
2021-01-25,rail_ets,rail,464
2021-01-26,rail_ets,rail,504
2021-01-27,rail_ets,rail,641
2021-01-28,rail_ets,rail,715
2021-01-29,rail_ets,rail,891
2021-01-30,rail_ets,rail,802
2021-01-31,rail_ets,rail,820
2021-02-01,rail_ets,rail,742
2021-02-02,rail_ets,rail,754
2021-02-03,rail_ets,rail,622
2021-02-04,rail_ets,rail,734
2021-02-05,rail_ets,rail,935
2021-02-06,rail_ets,rail,776
2021-02-07,rail_ets,rail,838
2021-02-08,rail_ets,rail,823
2021-02-09,rail_ets,rail,836
2021-02-10,rail_ets,rail,1129
2021-02-11,rail_ets,rail,1254
2021-02-12,rail_ets,rail,869
2021-02-13,rail_ets,rail,656
2021-02-14,rail_ets,rail,1149
2021-02-15,rail_ets,rail,1135
2021-02-16,rail_ets,rail,995
2021-02-17,rail_ets,rail,865
2021-02-18,rail_ets,rail,1025
2021-02-19,rail_ets,rail,1363
2021-02-20,rail_ets,rail,1228
2021-02-21,rail_ets,rail,1455
2021-02-22,rail_ets,rail,1122
2021-02-23,rail_ets,rail,1009
2021-02-24,rail_ets,rail,993
2021-02-25,rail_ets,rail,1160
2021-02-26,rail_ets,rail,1605
2021-02-27,rail_ets,rail,1334
2021-02-28,rail_ets,rail,1593
2021-03-01,rail_ets,rail,1184
2021-03-02,rail_ets,rail,1048
2021-03-03,rail_ets,rail,1004
2021-03-04,rail_ets,rail,1088
2021-03-05,rail_ets,rail,1814
2021-03-06,rail_ets,rail,1488
2021-03-07,rail_ets,rail,1699
2021-03-08,rail_ets,rail,1546
2021-03-09,rail_ets,rail,1282
2021-03-10,rail_ets,rail,1406
2021-03-11,rail_ets,rail,1567
2021-03-12,rail_ets,rail,1994
2021-03-13,rail_ets,rail,1703
2021-03-14,rail_ets,rail,2055
2021-03-15,rail_ets,rail,1873
2021-03-16,rail_ets,rail,1576
2021-03-17,rail_ets,rail,1549
2021-03-18,rail_ets,rail,1630
2021-03-19,rail_ets,rail,2519
2021-03-20,rail_ets,rail,1928
2021-03-21,rail_ets,rail,2543
2021-03-22,rail_ets,rail,1961
2021-03-23,rail_ets,rail,1773
2021-03-24,rail_ets,rail,1801
2021-03-25,rail_ets,rail,1998
2021-03-26,rail_ets,rail,2915
2021-03-27,rail_ets,rail,2357
2021-03-28,rail_ets,rail,2657
2021-03-29,rail_ets,rail,2346
2021-03-30,rail_ets,rail,2155
2021-03-31,rail_ets,rail,2223
2021-04-01,rail_ets,rail,2463
2021-04-02,rail_ets,rail,3009
2021-04-03,rail_ets,rail,2636
2021-04-04,rail_ets,rail,3190
2021-04-05,rail_ets,rail,2614
2021-04-06,rail_ets,rail,2154
2021-04-07,rail_ets,rail,2060
2021-04-08,rail_ets,rail,2407
2021-04-09,rail_ets,rail,3353
2021-04-10,rail_ets,rail,2634
2021-04-11,rail_ets,rail,3220
2021-04-12,rail_ets,rail,2494
2021-04-13,rail_ets,rail,1523
2021-04-14,rail_ets,rail,1740
2021-04-15,rail_ets,rail,1757
2021-04-16,rail_ets,rail,2457
2021-04-17,rail_ets,rail,1995
2021-04-18,rail_ets,rail,2439
2021-04-19,rail_ets,rail,1908
2021-04-20,rail_ets,rail,1538
2021-04-21,rail_ets,rail,1521
2021-04-22,rail_ets,rail,1810
2021-04-23,rail_ets,rail,2148
2021-04-24,rail_ets,rail,1442
2021-04-25,rail_ets,rail,2064
2021-04-26,rail_ets,rail,2120
2021-04-27,rail_ets,rail,1574
2021-04-28,rail_ets,rail,2264
2021-04-29,rail_ets,rail,1889
2021-04-30,rail_ets,rail,1833
2021-05-01,rail_ets,rail,1295
2021-05-02,rail_ets,rail,1990
2021-05-03,rail_ets,rail,1888
2021-05-04,rail_ets,rail,1521
2021-05-05,rail_ets,rail,1678
2021-05-06,rail_ets,rail,1961
2021-05-07,rail_ets,rail,1958
2021-05-08,rail_ets,rail,1442
2021-05-09,rail_ets,rail,1484
2021-05-10,rail_ets,rail,1553
2021-05-11,rail_ets,rail,1673
2021-05-12,rail_ets,rail,1482
2021-05-13,rail_ets,rail,500
2021-05-14,rail_ets,rail,620
2021-05-15,rail_ets,rail,1003
2021-05-16,rail_ets,rail,1914
2021-05-17,rail_ets,rail,1565
2021-05-18,rail_ets,rail,1186
2021-05-19,rail_ets,rail,1006
2021-05-20,rail_ets,rail,911
2021-05-21,rail_ets,rail,1105
2021-05-22,rail_ets,rail,695
2021-05-23,rail_ets,rail,752
2021-05-24,rail_ets,rail,621
2021-05-25,rail_ets,rail,580
2021-05-26,rail_ets,rail,598
2021-05-27,rail_ets,rail,461
2021-05-28,rail_ets,rail,526
2021-05-29,rail_ets,rail,627
2021-05-30,rail_ets,rail,800
2021-05-31,rail_ets,rail,1015
2021-06-01,rail_ets,rail,89
2021-06-02,rail_ets,rail,85
2021-06-03,rail_ets,rail,77
2021-06-04,rail_ets,rail,95
2021-06-05,rail_ets,rail,69
2021-06-06,rail_ets,rail,50
2021-06-07,rail_ets,rail,64
2021-06-08,rail_ets,rail,119
2021-06-09,rail_ets,rail,117
2021-06-10,rail_ets,rail,71
2021-06-11,rail_ets,rail,116
2021-06-12,rail_ets,rail,58
2021-06-13,rail_ets,rail,103
2021-06-14,rail_ets,rail,172
2021-06-15,rail_ets,rail,155
2021-06-16,rail_ets,rail,132
2021-06-17,rail_ets,rail,134
2021-06-18,rail_ets,rail,153
2021-06-19,rail_ets,rail,105
2021-06-20,rail_ets,rail,114
2021-06-21,rail_ets,rail,160
2021-06-22,rail_ets,rail,141
2021-06-23,rail_ets,rail,135
2021-06-24,rail_ets,rail,125
2021-06-25,rail_ets,rail,151
2021-06-26,rail_ets,rail,113
2021-06-27,rail_ets,rail,125
2021-06-28,rail_ets,rail,183
2021-06-29,rail_ets,rail,174
2021-06-30,rail_ets,rail,171
2021-07-01,rail_ets,rail,194
2021-07-02,rail_ets,rail,219
2021-07-03,rail_ets,rail,137
2021-07-04,rail_ets,rail,121
2021-07-05,rail_ets,rail,187
2021-07-06,rail_ets,rail,157
2021-07-07,rail_ets,rail,143
2021-07-08,rail_ets,rail,145
2021-07-09,rail_ets,rail,182
2021-07-10,rail_ets,rail,131
2021-07-11,rail_ets,rail,91
2021-07-12,rail_ets,rail,195
2021-07-13,rail_ets,rail,155
2021-07-14,rail_ets,rail,135
2021-07-15,rail_ets,rail,205
2021-07-16,rail_ets,rail,229
2021-07-17,rail_ets,rail,136
2021-07-18,rail_ets,rail,120
2021-07-19,rail_ets,rail,162
2021-07-20,rail_ets,rail,91
2021-07-21,rail_ets,rail,165
2021-07-22,rail_ets,rail,195
2021-07-23,rail_ets,rail,205
2021-07-24,rail_ets,rail,159
2021-07-25,rail_ets,rail,150
2021-07-26,rail_ets,rail,189
2021-07-27,rail_ets,rail,190
2021-07-28,rail_ets,rail,165
2021-07-29,rail_ets,rail,164
2021-07-30,rail_ets,rail,199
2021-07-31,rail_ets,rail,139
2021-08-01,rail_ets,rail,143
2021-08-02,rail_ets,rail,197
2021-08-03,rail_ets,rail,181
2021-08-04,rail_ets,rail,185
2021-08-05,rail_ets,rail,173
2021-08-06,rail_ets,rail,194
2021-08-07,rail_ets,rail,128
2021-08-08,rail_ets,rail,124
2021-08-09,rail_ets,rail,180
2021-08-10,rail_ets,rail,117
2021-08-11,rail_ets,rail,204
2021-08-12,rail_ets,rail,159
2021-08-13,rail_ets,rail,229
2021-08-14,rail_ets,rail,141
2021-08-15,rail_ets,rail,124
2021-08-16,rail_ets,rail,188
2021-08-17,rail_ets,rail,175
2021-08-18,rail_ets,rail,191
2021-08-19,rail_ets,rail,157
2021-08-20,rail_ets,rail,235
2021-08-21,rail_ets,rail,153
2021-08-22,rail_ets,rail,153
2021-08-23,rail_ets,rail,225
2021-08-24,rail_ets,rail,187
2021-08-25,rail_ets,rail,185
2021-08-26,rail_ets,rail,204
2021-08-27,rail_ets,rail,236
2021-08-28,rail_ets,rail,190
2021-08-29,rail_ets,rail,172
2021-08-30,rail_ets,rail,215
2021-08-31,rail_ets,rail,199
2021-09-01,rail_ets,rail,210
2021-09-02,rail_ets,rail,223
2021-09-03,rail_ets,rail,243
2021-09-04,rail_ets,rail,172
2021-09-05,rail_ets,rail,203
2021-09-06,rail_ets,rail,230
2021-09-07,rail_ets,rail,222
2021-09-08,rail_ets,rail,219
2021-09-09,rail_ets,rail,198
2021-09-10,rail_ets,rail,274
2021-09-11,rail_ets,rail,220
2021-09-12,rail_ets,rail,198
2021-09-13,rail_ets,rail,317
2021-09-14,rail_ets,rail,265
2021-09-15,rail_ets,rail,362
2021-09-16,rail_ets,rail,244
2021-09-17,rail_ets,rail,298
2021-09-18,rail_ets,rail,223
2021-09-19,rail_ets,rail,296
2021-09-20,rail_ets,rail,378
2021-09-21,rail_ets,rail,303
2021-09-22,rail_ets,rail,277
2021-09-23,rail_ets,rail,295
2021-09-24,rail_ets,rail,374
2021-09-25,rail_ets,rail,253
2021-09-26,rail_ets,rail,297
2021-09-27,rail_ets,rail,391
2021-09-28,rail_ets,rail,302
2021-09-29,rail_ets,rail,280
2021-09-30,rail_ets,rail,379
2021-10-01,rail_ets,rail,412
2021-10-02,rail_ets,rail,276
2021-10-03,rail_ets,rail,368
2021-10-04,rail_ets,rail,414
2021-10-05,rail_ets,rail,366
2021-10-06,rail_ets,rail,302
2021-10-07,rail_ets,rail,354
2021-10-08,rail_ets,rail,493
2021-10-09,rail_ets,rail,340
2021-10-10,rail_ets,rail,337
2021-10-11,rail_ets,rail,581
2021-10-12,rail_ets,rail,528
2021-10-13,rail_ets,rail,514
2021-10-14,rail_ets,rail,2232
2021-10-15,rail_ets,rail,3075
2021-10-16,rail_ets,rail,3059
2021-10-17,rail_ets,rail,2845
2021-10-18,rail_ets,rail,2421
2021-10-19,rail_ets,rail,3126
2021-10-20,rail_ets,rail,2540
2021-10-21,rail_ets,rail,2512
2021-10-22,rail_ets,rail,3437
2021-10-23,rail_ets,rail,2993
2021-10-24,rail_ets,rail,3372
2021-10-25,rail_ets,rail,2948
2021-10-26,rail_ets,rail,2421
2021-10-27,rail_ets,rail,2396
2021-10-28,rail_ets,rail,2866
2021-10-29,rail_ets,rail,3818
2021-10-30,rail_ets,rail,3673
2021-10-31,rail_ets,rail,3969
2021-11-01,rail_ets,rail,3339
2021-11-02,rail_ets,rail,3683
2021-11-03,rail_ets,rail,4515
2021-11-04,rail_ets,rail,4537
2021-11-05,rail_ets,rail,4115
2021-11-06,rail_ets,rail,4334
2021-11-07,rail_ets,rail,4790
2021-11-08,rail_ets,rail,4465
2021-11-09,rail_ets,rail,3539
2021-11-10,rail_ets,rail,3259
2021-11-11,rail_ets,rail,3468
2021-11-12,rail_ets,rail,4557
2021-11-13,rail_ets,rail,4281
2021-11-14,rail_ets,rail,4868
2021-11-15,rail_ets,rail,3694
2021-11-16,rail_ets,rail,3027
2021-11-17,rail_ets,rail,3102
2021-11-18,rail_ets,rail,3611
2021-11-19,rail_ets,rail,5078
2021-11-20,rail_ets,rail,4778
2021-11-21,rail_ets,rail,5132
2021-11-22,rail_ets,rail,3871
2021-11-23,rail_ets,rail,3283
2021-11-24,rail_ets,rail,3213
2021-11-25,rail_ets,rail,3852
2021-11-26,rail_ets,rail,5223
2021-11-27,rail_ets,rail,4968
2021-11-28,rail_ets,rail,5539
2021-11-29,rail_ets,rail,4033
2021-11-30,rail_ets,rail,3456
2021-12-01,rail_ets,rail,3346
2021-12-02,rail_ets,rail,4234
2021-12-03,rail_ets,rail,5649
2021-12-04,rail_ets,rail,5257
2021-12-05,rail_ets,rail,5531
2021-12-06,rail_ets,rail,4382
2021-12-07,rail_ets,rail,3691
2021-12-08,rail_ets,rail,3847
2021-12-09,rail_ets,rail,4624
2021-12-10,rail_ets,rail,5873
2021-12-11,rail_ets,rail,5862
2021-12-12,rail_ets,rail,6000
2021-12-13,rail_ets,rail,5682
2021-12-14,rail_ets,rail,5081
2021-12-15,rail_ets,rail,5153
2021-12-16,rail_ets,rail,5545
2021-12-17,rail_ets,rail,6167
2021-12-18,rail_ets,rail,5759
2021-12-19,rail_ets,rail,6213
2021-12-20,rail_ets,rail,5982
2021-12-21,rail_ets,rail,5582
2021-12-22,rail_ets,rail,5585
2021-12-23,rail_ets,rail,6507
2021-12-24,rail_ets,rail,6994
2021-12-25,rail_ets,rail,6434
2021-12-26,rail_ets,rail,6946
2021-12-27,rail_ets,rail,6374
2021-12-28,rail_ets,rail,5612
2021-12-29,rail_ets,rail,5653
2021-12-30,rail_ets,rail,5983
2021-12-31,rail_ets,rail,6712
2022-01-01,rail_ets,rail,5789
2022-01-02,rail_ets,rail,6583
2022-01-03,rail_ets,rail,4936
2022-01-04,rail_ets,rail,3981
2022-01-05,rail_ets,rail,3772
2022-01-06,rail_ets,rail,3987
2022-01-07,rail_ets,rail,4988
2022-01-08,rail_ets,rail,4783
2022-01-09,rail_ets,rail,5404
2022-01-10,rail_ets,rail,3764
2022-01-11,rail_ets,rail,2995
2022-01-12,rail_ets,rail,3146
2022-01-13,rail_ets,rail,3727
2022-01-14,rail_ets,rail,4799
2022-01-15,rail_ets,rail,5917
2022-01-16,rail_ets,rail,6331
2022-01-17,rail_ets,rail,4077
2022-01-18,rail_ets,rail,5086
2022-01-19,rail_ets,rail,3591
2022-01-20,rail_ets,rail,4006
2022-01-21,rail_ets,rail,5844
2022-01-22,rail_ets,rail,5196
2022-01-23,rail_ets,rail,6517
2022-01-24,rail_ets,rail,4137
2022-01-25,rail_ets,rail,3782
2022-01-26,rail_ets,rail,4145
2022-01-27,rail_ets,rail,5752
2022-01-28,rail_ets,rail,9980
2022-01-29,rail_ets,rail,10369
2022-01-30,rail_ets,rail,9715
2022-01-31,rail_ets,rail,9375
2022-02-01,rail_ets,rail,8567
2022-02-02,rail_ets,rail,10361
2022-02-03,rail_ets,rail,9344
2022-02-04,rail_ets,rail,9071
2022-02-05,rail_ets,rail,9280
2022-02-06,rail_ets,rail,10211
2022-02-07,rail_ets,rail,6522
2022-02-08,rail_ets,rail,4474
2022-02-09,rail_ets,rail,4337
2022-02-10,rail_ets,rail,4597
2022-02-11,rail_ets,rail,6706
2022-02-12,rail_ets,rail,6086
2022-02-13,rail_ets,rail,7478
2022-02-14,rail_ets,rail,4530
2022-02-15,rail_ets,rail,3692
2022-02-16,rail_ets,rail,3708
2022-02-17,rail_ets,rail,4200
2022-02-18,rail_ets,rail,6253
2022-02-19,rail_ets,rail,5540
2022-02-20,rail_ets,rail,7013
2022-02-21,rail_ets,rail,4402
2022-02-22,rail_ets,rail,3656
2022-02-23,rail_ets,rail,3814
2022-02-24,rail_ets,rail,4485
2022-02-25,rail_ets,rail,6999
2022-02-26,rail_ets,rail,6376
2022-02-27,rail_ets,rail,7189
2022-02-28,rail_ets,rail,5295
2022-03-01,rail_ets,rail,4620
2022-03-02,rail_ets,rail,4293
2022-03-03,rail_ets,rail,5133
2022-03-04,rail_ets,rail,7716
2022-03-05,rail_ets,rail,6507
2022-03-06,rail_ets,rail,7976
2022-03-07,rail_ets,rail,5494
2022-03-08,rail_ets,rail,4752
2022-03-09,rail_ets,rail,4488
2022-03-10,rail_ets,rail,5642
2022-03-11,rail_ets,rail,7468
2022-03-12,rail_ets,rail,6686
2022-03-13,rail_ets,rail,8512
2022-03-14,rail_ets,rail,5779
2022-03-15,rail_ets,rail,5042
2022-03-16,rail_ets,rail,5259
2022-03-17,rail_ets,rail,5423
2022-03-18,rail_ets,rail,7704
2022-03-19,rail_ets,rail,6783
2022-03-20,rail_ets,rail,8397
2022-03-21,rail_ets,rail,4976
2022-03-22,rail_ets,rail,4125
2022-03-23,rail_ets,rail,4274
2022-03-24,rail_ets,rail,5742
2022-03-25,rail_ets,rail,9185
2022-03-26,rail_ets,rail,8334
2022-03-27,rail_ets,rail,9520
2022-03-28,rail_ets,rail,6433
2022-03-29,rail_ets,rail,5170
2022-03-30,rail_ets,rail,5327
2022-03-31,rail_ets,rail,6515
2022-04-01,rail_ets,rail,9382
2022-04-02,rail_ets,rail,8056
2022-04-03,rail_ets,rail,7555
2022-04-04,rail_ets,rail,6337
2022-04-05,rail_ets,rail,4615
2022-04-06,rail_ets,rail,4093
2022-04-07,rail_ets,rail,4698
2022-04-08,rail_ets,rail,8188
2022-04-09,rail_ets,rail,6134
2022-04-10,rail_ets,rail,8578
2022-04-11,rail_ets,rail,5048
2022-04-12,rail_ets,rail,3836
2022-04-13,rail_ets,rail,4250
2022-04-14,rail_ets,rail,5435
2022-04-15,rail_ets,rail,8702
2022-04-16,rail_ets,rail,7142
2022-04-17,rail_ets,rail,8427
2022-04-18,rail_ets,rail,5143
2022-04-19,rail_ets,rail,7028
2022-04-20,rail_ets,rail,4554
2022-04-21,rail_ets,rail,4779
2022-04-22,rail_ets,rail,8074
2022-04-23,rail_ets,rail,7361
2022-04-24,rail_ets,rail,8836
2022-04-25,rail_ets,rail,5816
2022-04-26,rail_ets,rail,5884
2022-04-27,rail_ets,rail,7766
2022-04-28,rail_ets,rail,10501
2022-04-29,rail_ets,rail,13138
2022-04-30,rail_ets,rail,13038
2022-05-01,rail_ets,rail,11557
2022-05-02,rail_ets,rail,10035
2022-05-03,rail_ets,rail,10614
2022-05-04,rail_ets,rail,12496
2022-05-05,rail_ets,rail,11659
2022-05-06,rail_ets,rail,11975
2022-05-07,rail_ets,rail,12319
2022-05-08,rail_ets,rail,13248
2022-05-09,rail_ets,rail,10182
2022-05-10,rail_ets,rail,8414
2022-05-11,rail_ets,rail,6857
2022-05-12,rail_ets,rail,7631
2022-05-13,rail_ets,rail,11468
2022-05-14,rail_ets,rail,11873
2022-05-15,rail_ets,rail,11485
2022-05-16,rail_ets,rail,11889
2022-05-17,rail_ets,rail,7578
2022-05-18,rail_ets,rail,6056
2022-05-19,rail_ets,rail,7065
2022-05-20,rail_ets,rail,10211
2022-05-21,rail_ets,rail,9706
2022-05-22,rail_ets,rail,10961
2022-05-23,rail_ets,rail,7751
2022-05-24,rail_ets,rail,6277
2022-05-25,rail_ets,rail,6516
2022-05-26,rail_ets,rail,8633
2022-05-27,rail_ets,rail,11811
2022-05-28,rail_ets,rail,11046
2022-05-29,rail_ets,rail,11382
2022-05-30,rail_ets,rail,8496
2022-05-31,rail_ets,rail,6739
2022-06-01,rail_ets,rail,7284
2022-06-02,rail_ets,rail,10210
2022-06-03,rail_ets,rail,12720
2022-06-04,rail_ets,rail,12722
2022-06-05,rail_ets,rail,12735
2022-06-06,rail_ets,rail,12776
2022-06-07,rail_ets,rail,12234
2022-06-08,rail_ets,rail,11436
2022-06-09,rail_ets,rail,11725
2022-06-10,rail_ets,rail,12326
2022-06-11,rail_ets,rail,12376
2022-06-12,rail_ets,rail,12390
2022-06-13,rail_ets,rail,9364
2022-06-14,rail_ets,rail,6927
2022-06-15,rail_ets,rail,7545
2022-06-16,rail_ets,rail,8553
2022-06-17,rail_ets,rail,11463
2022-06-18,rail_ets,rail,10602
2022-06-19,rail_ets,rail,11542
2022-06-20,rail_ets,rail,9577
2022-06-21,rail_ets,rail,7342
2022-06-22,rail_ets,rail,7033
2022-06-23,rail_ets,rail,8712
2022-06-24,rail_ets,rail,11742
2022-06-25,rail_ets,rail,11139
2022-06-26,rail_ets,rail,11564
2022-06-27,rail_ets,rail,9469
2022-06-28,rail_ets,rail,7227
2022-06-29,rail_ets,rail,7219
2022-06-30,rail_ets,rail,8647
2022-07-01,rail_ets,rail,11390
2022-07-02,rail_ets,rail,10943
2022-07-03,rail_ets,rail,11664
2022-07-04,rail_ets,rail,9153
2022-07-05,rail_ets,rail,7191
2022-07-06,rail_ets,rail,9374
2022-07-07,rail_ets,rail,11857
2022-07-08,rail_ets,rail,12545
2022-07-09,rail_ets,rail,11979
2022-07-10,rail_ets,rail,10676
2022-07-11,rail_ets,rail,12375
2022-07-12,rail_ets,rail,11839
2022-07-13,rail_ets,rail,10012
2022-07-14,rail_ets,rail,8929
2022-07-15,rail_ets,rail,11106
2022-07-16,rail_ets,rail,10479
2022-07-17,rail_ets,rail,11315
2022-07-18,rail_ets,rail,9214
2022-07-19,rail_ets,rail,6854
2022-07-20,rail_ets,rail,7279
2022-07-21,rail_ets,rail,8143
2022-07-22,rail_ets,rail,11128
2022-07-23,rail_ets,rail,10329
2022-07-24,rail_ets,rail,11126
2022-07-25,rail_ets,rail,9366
2022-07-26,rail_ets,rail,7460
2022-07-27,rail_ets,rail,7294
2022-07-28,rail_ets,rail,9374
2022-07-29,rail_ets,rail,11840
2022-07-30,rail_ets,rail,11196
2022-07-31,rail_ets,rail,11371
2022-08-01,rail_ets,rail,9563
2022-08-02,rail_ets,rail,7305
2022-08-03,rail_ets,rail,6936
2022-08-04,rail_ets,rail,8450
2022-08-05,rail_ets,rail,11552
2022-08-06,rail_ets,rail,10942
2022-08-07,rail_ets,rail,11689
2022-08-08,rail_ets,rail,9433
2022-08-09,rail_ets,rail,7451
2022-08-10,rail_ets,rail,7445
2022-08-11,rail_ets,rail,8677
2022-08-12,rail_ets,rail,11523
2022-08-13,rail_ets,rail,10748
2022-08-14,rail_ets,rail,11683
2022-08-15,rail_ets,rail,9618
2022-08-16,rail_ets,rail,7415
2022-08-17,rail_ets,rail,7278
2022-08-18,rail_ets,rail,8749
2022-08-19,rail_ets,rail,11455
2022-08-20,rail_ets,rail,10881
2022-08-21,rail_ets,rail,11561
2022-08-22,rail_ets,rail,9305
2022-08-23,rail_ets,rail,6903
2022-08-24,rail_ets,rail,7095
2022-08-25,rail_ets,rail,8562
2022-08-26,rail_ets,rail,11632
2022-08-27,rail_ets,rail,11091
2022-08-28,rail_ets,rail,11745
2022-08-29,rail_ets,rail,9155
2022-08-30,rail_ets,rail,9611
2022-08-31,rail_ets,rail,10933
2022-09-01,rail_ets,rail,10086
2022-09-02,rail_ets,rail,12308
2022-09-03,rail_ets,rail,12082
2022-09-04,rail_ets,rail,12214
2022-09-05,rail_ets,rail,11813
2022-09-06,rail_ets,rail,11483
2022-09-07,rail_ets,rail,11865
2022-09-08,rail_ets,rail,11979
2022-09-09,rail_ets,rail,12368
2022-09-10,rail_ets,rail,12280
2022-09-11,rail_ets,rail,12322
2022-09-12,rail_ets,rail,10795
2022-09-13,rail_ets,rail,8217
2022-09-14,rail_ets,rail,9843
2022-09-15,rail_ets,rail,12441
2022-09-16,rail_ets,rail,12538
2022-09-17,rail_ets,rail,11489
2022-09-18,rail_ets,rail,12568
2022-09-19,rail_ets,rail,10925
2022-09-20,rail_ets,rail,7902
2022-09-21,rail_ets,rail,7194
2022-09-22,rail_ets,rail,8368
2022-09-23,rail_ets,rail,11475
2022-09-24,rail_ets,rail,10924
2022-09-25,rail_ets,rail,11604
2022-09-26,rail_ets,rail,9472
2022-09-27,rail_ets,rail,7231
2022-09-28,rail_ets,rail,7693
2022-09-29,rail_ets,rail,8993
2022-09-30,rail_ets,rail,11738
2022-10-01,rail_ets,rail,11733
2022-10-02,rail_ets,rail,11920
2022-10-03,rail_ets,rail,9980
2022-10-04,rail_ets,rail,7366
2022-10-05,rail_ets,rail,7822
2022-10-06,rail_ets,rail,10439
2022-10-07,rail_ets,rail,13163
2022-10-08,rail_ets,rail,13163
2022-10-09,rail_ets,rail,11912
2022-10-10,rail_ets,rail,13325
2022-10-11,rail_ets,rail,10498
2022-10-12,rail_ets,rail,8353
2022-10-13,rail_ets,rail,8881
2022-10-14,rail_ets,rail,11271
2022-10-15,rail_ets,rail,11381
2022-10-16,rail_ets,rail,11659
2022-10-17,rail_ets,rail,9250
2022-10-18,rail_ets,rail,6970
2022-10-19,rail_ets,rail,8201
2022-10-20,rail_ets,rail,11498
2022-10-21,rail_ets,rail,14575
2022-10-22,rail_ets,rail,13490
2022-10-23,rail_ets,rail,13094
2022-10-24,rail_ets,rail,13647
2022-10-25,rail_ets,rail,12271
2022-10-26,rail_ets,rail,11757
2022-10-27,rail_ets,rail,9998
2022-10-28,rail_ets,rail,11643
2022-10-29,rail_ets,rail,11631
2022-10-30,rail_ets,rail,12453
2022-10-31,rail_ets,rail,9570
2022-11-01,rail_ets,rail,6666
2022-11-02,rail_ets,rail,6614
2022-11-03,rail_ets,rail,10525
2022-11-04,rail_ets,rail,12356
2022-11-05,rail_ets,rail,10995
2022-11-06,rail_ets,rail,12063
2022-11-07,rail_ets,rail,9986
2022-11-08,rail_ets,rail,7008
2022-11-09,rail_ets,rail,7107
2022-11-10,rail_ets,rail,8812
2022-11-11,rail_ets,rail,11988
2022-11-12,rail_ets,rail,11750
2022-11-13,rail_ets,rail,11505
2022-11-14,rail_ets,rail,10055
2022-11-15,rail_ets,rail,10595
2022-11-16,rail_ets,rail,13041
2022-11-17,rail_ets,rail,13612
2022-11-18,rail_ets,rail,14150
2022-11-19,rail_ets,rail,12923
2022-11-20,rail_ets,rail,13364
2022-11-21,rail_ets,rail,12949
2022-11-22,rail_ets,rail,10703
2022-11-23,rail_ets,rail,9367
2022-11-24,rail_ets,rail,9695
2022-11-25,rail_ets,rail,11908
2022-11-26,rail_ets,rail,12635
2022-11-27,rail_ets,rail,12204
2022-11-28,rail_ets,rail,12371
2022-11-29,rail_ets,rail,8864
2022-11-30,rail_ets,rail,8439
2022-12-01,rail_ets,rail,10045
2022-12-02,rail_ets,rail,12266
2022-12-03,rail_ets,rail,12430
2022-12-04,rail_ets,rail,12098
2022-12-05,rail_ets,rail,10782
2022-12-06,rail_ets,rail,9687
2022-12-07,rail_ets,rail,9940
2022-12-08,rail_ets,rail,11476
2022-12-09,rail_ets,rail,13356
2022-12-10,rail_ets,rail,13025
2022-12-11,rail_ets,rail,13082
2022-12-12,rail_ets,rail,12649
2022-12-13,rail_ets,rail,11459
2022-12-14,rail_ets,rail,11186
2022-12-15,rail_ets,rail,11957
2022-12-16,rail_ets,rail,13120
2022-12-17,rail_ets,rail,13113
2022-12-18,rail_ets,rail,13146
2022-12-19,rail_ets,rail,12703
2022-12-20,rail_ets,rail,11973
2022-12-21,rail_ets,rail,11934
2022-12-22,rail_ets,rail,12643
2022-12-23,rail_ets,rail,13975
2022-12-24,rail_ets,rail,13507
2022-12-25,rail_ets,rail,13159
2022-12-26,rail_ets,rail,13366
2022-12-27,rail_ets,rail,12122
2022-12-28,rail_ets,rail,12266
2022-12-29,rail_ets,rail,12248
2022-12-30,rail_ets,rail,13236
2022-12-31,rail_ets,rail,13161
2023-01-01,rail_ets,rail,12963
2023-01-02,rail_ets,rail,13264
2023-01-03,rail_ets,rail,10693
2023-01-04,rail_ets,rail,7931
2023-01-05,rail_ets,rail,8206
2023-01-06,rail_ets,rail,10832
2023-01-07,rail_ets,rail,10451
2023-01-08,rail_ets,rail,11119
2023-01-09,rail_ets,rail,8307
2023-01-10,rail_ets,rail,6468
2023-01-11,rail_ets,rail,6912
2023-01-12,rail_ets,rail,8193
2023-01-13,rail_ets,rail,11138
2023-01-14,rail_ets,rail,10495
2023-01-15,rail_ets,rail,11032
2023-01-16,rail_ets,rail,9169
2023-01-17,rail_ets,rail,8173
2023-01-18,rail_ets,rail,10009
2023-01-19,rail_ets,rail,12776
2023-01-20,rail_ets,rail,13872
2023-01-21,rail_ets,rail,13327
2023-01-22,rail_ets,rail,11872
2023-01-23,rail_ets,rail,13388
2023-01-24,rail_ets,rail,13658
2023-01-25,rail_ets,rail,12154
2023-01-26,rail_ets,rail,11328
2023-01-27,rail_ets,rail,12218
2023-01-28,rail_ets,rail,12143
2023-01-29,rail_ets,rail,12238
2023-01-30,rail_ets,rail,10879
2023-01-31,rail_ets,rail,9947
2023-02-01,rail_ets,rail,9505
2023-02-02,rail_ets,rail,10409
2023-02-03,rail_ets,rail,12206
2023-02-04,rail_ets,rail,12311
2023-02-05,rail_ets,rail,11753
2023-02-06,rail_ets,rail,12340
2023-02-07,rail_ets,rail,10328
2023-02-08,rail_ets,rail,9013
2023-02-09,rail_ets,rail,9630
2023-02-10,rail_ets,rail,11875
2023-02-11,rail_ets,rail,10992
2023-02-12,rail_ets,rail,11550
2023-02-13,rail_ets,rail,10494
2023-02-14,rail_ets,rail,8392
2023-02-15,rail_ets,rail,9192
2023-02-16,rail_ets,rail,10537
2023-02-17,rail_ets,rail,12806
2023-02-18,rail_ets,rail,12566
2023-02-19,rail_ets,rail,12850
2023-02-20,rail_ets,rail,11562
2023-02-21,rail_ets,rail,10320
2023-02-22,rail_ets,rail,10415
2023-02-23,rail_ets,rail,11461
2023-02-24,rail_ets,rail,13289
2023-02-25,rail_ets,rail,12975
2023-02-26,rail_ets,rail,13026
2023-02-27,rail_ets,rail,11758
2023-02-28,rail_ets,rail,10897
2023-03-01,rail_ets,rail,11024
2023-03-02,rail_ets,rail,11458
2023-03-03,rail_ets,rail,13146
2023-03-04,rail_ets,rail,12783
2023-03-05,rail_ets,rail,12938
2023-03-06,rail_ets,rail,11831
2023-03-07,rail_ets,rail,10996
2023-03-08,rail_ets,rail,11023
2023-03-09,rail_ets,rail,11763
2023-03-10,rail_ets,rail,13415
2023-03-11,rail_ets,rail,12758
2023-03-12,rail_ets,rail,13055
2023-03-13,rail_ets,rail,11865
2023-03-14,rail_ets,rail,10927
2023-03-15,rail_ets,rail,10946
2023-03-16,rail_ets,rail,11482
2023-03-17,rail_ets,rail,13112
2023-03-18,rail_ets,rail,12746
2023-03-19,rail_ets,rail,13260
2023-03-20,rail_ets,rail,10964
2023-03-21,rail_ets,rail,8371
2023-03-22,rail_ets,rail,9219
2023-03-23,rail_ets,rail,9737
2023-03-24,rail_ets,rail,11610
2023-03-25,rail_ets,rail,10944
2023-03-26,rail_ets,rail,12333
2023-03-27,rail_ets,rail,10000
2023-03-28,rail_ets,rail,6945
2023-03-29,rail_ets,rail,6720
2023-03-30,rail_ets,rail,9362
2023-03-31,rail_ets,rail,12005
2023-04-01,rail_ets,rail,10987
2023-04-02,rail_ets,rail,12160
2023-04-03,rail_ets,rail,9730
2023-04-04,rail_ets,rail,7228
2023-04-05,rail_ets,rail,6875
2023-04-06,rail_ets,rail,9858
2023-04-07,rail_ets,rail,12350
2023-04-08,rail_ets,rail,10675
2023-04-09,rail_ets,rail,12351
2023-04-10,rail_ets,rail,9999
2023-04-11,rail_ets,rail,7898
2023-04-12,rail_ets,rail,8130
2023-04-13,rail_ets,rail,10993
2023-04-14,rail_ets,rail,12823
2023-04-15,rail_ets,rail,12194
2023-04-16,rail_ets,rail,11837
2023-04-17,rail_ets,rail,10732
2023-04-18,rail_ets,rail,11716
2023-04-19,rail_ets,rail,13599
2023-04-20,rail_ets,rail,13884
2023-04-21,rail_ets,rail,13537
2023-04-22,rail_ets,rail,12251
2023-04-23,rail_ets,rail,13218
2023-04-24,rail_ets,rail,13745
2023-04-25,rail_ets,rail,13423
2023-04-26,rail_ets,rail,11534
2023-04-27,rail_ets,rail,11671
2023-04-28,rail_ets,rail,13650
2023-04-29,rail_ets,rail,13613
2023-04-30,rail_ets,rail,13983
2023-05-01,rail_ets,rail,14584
2023-05-02,rail_ets,rail,11534
2023-05-03,rail_ets,rail,10967
2023-05-04,rail_ets,rail,11027
2023-05-05,rail_ets,rail,11341
2023-05-06,rail_ets,rail,11514
2023-05-07,rail_ets,rail,12101
2023-05-08,rail_ets,rail,10384
2023-05-09,rail_ets,rail,7634
2023-05-10,rail_ets,rail,7951
2023-05-11,rail_ets,rail,9595
2023-05-12,rail_ets,rail,12162
2023-05-13,rail_ets,rail,11360
2023-05-14,rail_ets,rail,11892
2023-05-15,rail_ets,rail,10475
2023-05-16,rail_ets,rail,7476
2023-05-17,rail_ets,rail,7714
2023-05-18,rail_ets,rail,9541
2023-05-19,rail_ets,rail,11899
2023-05-20,rail_ets,rail,11420
2023-05-21,rail_ets,rail,11793
2023-05-22,rail_ets,rail,10360
2023-05-23,rail_ets,rail,8229
2023-05-24,rail_ets,rail,8678
2023-05-25,rail_ets,rail,11362
2023-05-26,rail_ets,rail,13820
2023-05-27,rail_ets,rail,13185
2023-05-28,rail_ets,rail,13030
2023-05-29,rail_ets,rail,12789
2023-05-30,rail_ets,rail,12488
2023-05-31,rail_ets,rail,11995
2023-06-01,rail_ets,rail,13028
2023-06-02,rail_ets,rail,13546
2023-06-03,rail_ets,rail,13121
2023-06-04,rail_ets,rail,13022
2023-06-05,rail_ets,rail,13518
2023-06-06,rail_ets,rail,11712
2023-06-07,rail_ets,rail,9942
2023-06-08,rail_ets,rail,9823
2023-06-09,rail_ets,rail,11664
2023-06-10,rail_ets,rail,11417
2023-06-11,rail_ets,rail,11788
2023-06-12,rail_ets,rail,10525
2023-06-13,rail_ets,rail,8223
2023-06-14,rail_ets,rail,8512
2023-06-15,rail_ets,rail,10106
2023-06-16,rail_ets,rail,11875
2023-06-17,rail_ets,rail,11650
2023-06-18,rail_ets,rail,11953
2023-06-19,rail_ets,rail,11082
2023-06-20,rail_ets,rail,8549
2023-06-21,rail_ets,rail,8892
2023-06-22,rail_ets,rail,10935
2023-06-23,rail_ets,rail,12480
2023-06-24,rail_ets,rail,12082
2023-06-25,rail_ets,rail,11759
2023-06-26,rail_ets,rail,11357
2023-06-27,rail_ets,rail,13424
2023-06-28,rail_ets,rail,13881
2023-06-29,rail_ets,rail,12455
2023-06-30,rail_ets,rail,13400
2023-07-01,rail_ets,rail,13735
2023-07-02,rail_ets,rail,14428
2023-07-03,rail_ets,rail,11903
2023-07-04,rail_ets,rail,9906
2023-07-05,rail_ets,rail,8811
2023-07-06,rail_ets,rail,10245
2023-07-07,rail_ets,rail,12015
2023-07-08,rail_ets,rail,11676
2023-07-09,rail_ets,rail,11996
2023-07-10,rail_ets,rail,11082
2023-07-11,rail_ets,rail,9010
2023-07-12,rail_ets,rail,9132
2023-07-13,rail_ets,rail,10700
2023-07-14,rail_ets,rail,12271
2023-07-15,rail_ets,rail,11868
2023-07-16,rail_ets,rail,11885
2023-07-17,rail_ets,rail,11269
2023-07-18,rail_ets,rail,10573
2023-07-19,rail_ets,rail,10928
2023-07-20,rail_ets,rail,10749
2023-07-21,rail_ets,rail,12074
2023-07-22,rail_ets,rail,11669
2023-07-23,rail_ets,rail,12164
2023-07-24,rail_ets,rail,10910
2023-07-25,rail_ets,rail,9743
2023-07-26,rail_ets,rail,10016
2023-07-27,rail_ets,rail,11166
2023-07-28,rail_ets,rail,12452
2023-07-29,rail_ets,rail,11911
2023-07-30,rail_ets,rail,12089
2023-07-31,rail_ets,rail,11209
2023-08-01,rail_ets,rail,9277
2023-08-02,rail_ets,rail,9232
2023-08-03,rail_ets,rail,10354
2023-08-04,rail_ets,rail,12023
2023-08-05,rail_ets,rail,11804
2023-08-06,rail_ets,rail,11811
2023-08-07,rail_ets,rail,10875
2023-08-08,rail_ets,rail,9527
2023-08-09,rail_ets,rail,10246
2023-08-10,rail_ets,rail,11557
2023-08-11,rail_ets,rail,12954
2023-08-12,rail_ets,rail,12242
2023-08-13,rail_ets,rail,13083
2023-08-14,rail_ets,rail,11278
2023-08-15,rail_ets,rail,9895
2023-08-16,rail_ets,rail,9305
2023-08-17,rail_ets,rail,10449
2023-08-18,rail_ets,rail,11828
2023-08-19,rail_ets,rail,11551
2023-08-20,rail_ets,rail,11606
2023-08-21,rail_ets,rail,10681
2023-08-22,rail_ets,rail,8773
2023-08-23,rail_ets,rail,9191
2023-08-24,rail_ets,rail,10896
2023-08-25,rail_ets,rail,13271
2023-08-26,rail_ets,rail,12573
2023-08-27,rail_ets,rail,12635
2023-08-28,rail_ets,rail,12493
2023-08-29,rail_ets,rail,12540
2023-08-30,rail_ets,rail,12999
2023-08-31,rail_ets,rail,12967
2023-09-01,rail_ets,rail,12890
2023-09-02,rail_ets,rail,12608
2023-09-03,rail_ets,rail,13116
2023-09-04,rail_ets,rail,11270
2023-09-05,rail_ets,rail,9061
2023-09-06,rail_ets,rail,8590
2023-09-07,rail_ets,rail,10127
2023-09-08,rail_ets,rail,12158
2023-09-09,rail_ets,rail,11481
2023-09-10,rail_ets,rail,11925
2023-09-11,rail_ets,rail,10570
2023-09-12,rail_ets,rail,8035
2023-09-13,rail_ets,rail,9064
2023-09-14,rail_ets,rail,10824
2023-09-15,rail_ets,rail,12385
2023-09-16,rail_ets,rail,11990
2023-09-17,rail_ets,rail,12128
2023-09-18,rail_ets,rail,11345
2023-09-19,rail_ets,rail,8888
2023-09-20,rail_ets,rail,9050
2023-09-21,rail_ets,rail,10084
2023-09-22,rail_ets,rail,11602
2023-09-23,rail_ets,rail,11433
2023-09-24,rail_ets,rail,11513
2023-09-25,rail_ets,rail,10715
2023-09-26,rail_ets,rail,9692
2023-09-27,rail_ets,rail,11477
2023-09-28,rail_ets,rail,11956
2023-09-29,rail_ets,rail,12109
2023-09-30,rail_ets,rail,11917
2023-10-01,rail_ets,rail,12281
2023-10-02,rail_ets,rail,11218
2023-10-03,rail_ets,rail,9109
2023-10-04,rail_ets,rail,8355
2023-10-05,rail_ets,rail,10339
2023-10-06,rail_ets,rail,12073
2023-10-07,rail_ets,rail,11759
2023-10-08,rail_ets,rail,11987
2023-10-09,rail_ets,rail,10689
2023-10-10,rail_ets,rail,8994
2023-10-11,rail_ets,rail,8782
2023-10-12,rail_ets,rail,10647
2023-10-13,rail_ets,rail,12465
2023-10-14,rail_ets,rail,11912
2023-10-15,rail_ets,rail,12159
2023-10-16,rail_ets,rail,11004
2023-10-17,rail_ets,rail,8417
2023-10-18,rail_ets,rail,8878
2023-10-19,rail_ets,rail,10504
2023-10-20,rail_ets,rail,12054
2023-10-21,rail_ets,rail,11746
2023-10-22,rail_ets,rail,12231
2023-10-23,rail_ets,rail,10824
2023-10-24,rail_ets,rail,8750
2023-10-25,rail_ets,rail,8808
2023-10-26,rail_ets,rail,10491
2023-10-27,rail_ets,rail,12235
2023-10-28,rail_ets,rail,11975
2023-10-29,rail_ets,rail,12205
2023-10-30,rail_ets,rail,10819
2023-10-31,rail_ets,rail,8525
2023-11-01,rail_ets,rail,8684
2023-11-02,rail_ets,rail,11272
2023-11-03,rail_ets,rail,12370
2023-11-04,rail_ets,rail,11463
2023-11-05,rail_ets,rail,12421
2023-11-06,rail_ets,rail,10847
2023-11-07,rail_ets,rail,8998
2023-11-08,rail_ets,rail,10377
2023-11-09,rail_ets,rail,13091
2023-11-10,rail_ets,rail,14277
2023-11-11,rail_ets,rail,13436
2023-11-12,rail_ets,rail,12730
2023-11-13,rail_ets,rail,13204
2023-11-14,rail_ets,rail,12316
2023-11-15,rail_ets,rail,11393
2023-11-16,rail_ets,rail,11176
2023-11-17,rail_ets,rail,12012
2023-11-18,rail_ets,rail,11916
2023-11-19,rail_ets,rail,12196
2023-11-20,rail_ets,rail,11161
2023-11-21,rail_ets,rail,9672
2023-11-22,rail_ets,rail,9907
2023-11-23,rail_ets,rail,11027
2023-11-24,rail_ets,rail,12204
2023-11-25,rail_ets,rail,12085
2023-11-26,rail_ets,rail,11964
2023-11-27,rail_ets,rail,11515
2023-11-28,rail_ets,rail,10057
2023-11-29,rail_ets,rail,9856
2023-11-30,rail_ets,rail,11031
2023-12-01,rail_ets,rail,12495
2023-12-02,rail_ets,rail,11873
2023-12-03,rail_ets,rail,12160
2023-12-04,rail_ets,rail,11176
2023-12-05,rail_ets,rail,9448
2023-12-06,rail_ets,rail,9513
2023-12-07,rail_ets,rail,11229
2023-12-08,rail_ets,rail,12528
2023-12-09,rail_ets,rail,12014
2023-12-10,rail_ets,rail,12004
2023-12-11,rail_ets,rail,11624
2023-12-12,rail_ets,rail,10616
2023-12-13,rail_ets,rail,9836
2023-12-14,rail_ets,rail,11393
2023-12-15,rail_ets,rail,13180
2023-12-16,rail_ets,rail,12600
2023-12-17,rail_ets,rail,12832
2023-12-18,rail_ets,rail,12609
2023-12-19,rail_ets,rail,12445
2023-12-20,rail_ets,rail,12619
2023-12-21,rail_ets,rail,13069
2023-12-22,rail_ets,rail,13823
2023-12-23,rail_ets,rail,13083
2023-12-24,rail_ets,rail,12886
2023-12-25,rail_ets,rail,13089
2023-12-26,rail_ets,rail,12879
2023-12-27,rail_ets,rail,12530
2023-12-28,rail_ets,rail,13009
2023-12-29,rail_ets,rail,13154
2023-12-30,rail_ets,rail,12960
2023-12-31,rail_ets,rail,12895
2024-01-01,rail_ets,rail,13418
2024-01-02,rail_ets,rail,11678
2024-01-03,rail_ets,rail,9904
2024-01-04,rail_ets,rail,9136
2024-01-05,rail_ets,rail,10917
2024-01-06,rail_ets,rail,10871
2024-01-07,rail_ets,rail,11308
2024-01-08,rail_ets,rail,9335
2024-01-09,rail_ets,rail,7877
2024-01-10,rail_ets,rail,8684
2024-01-11,rail_ets,rail,9844
2024-01-12,rail_ets,rail,11570
2024-01-13,rail_ets,rail,10855
2024-01-14,rail_ets,rail,11271
2024-01-15,rail_ets,rail,10340
2024-01-16,rail_ets,rail,8285
2024-01-17,rail_ets,rail,7982
2024-01-18,rail_ets,rail,10236
2024-01-19,rail_ets,rail,11696
2024-01-20,rail_ets,rail,11687
2024-01-21,rail_ets,rail,11363
2024-01-22,rail_ets,rail,10365
2024-01-23,rail_ets,rail,9891
2024-01-24,rail_ets,rail,11943
2024-01-25,rail_ets,rail,11564
2024-01-26,rail_ets,rail,12321
2024-01-27,rail_ets,rail,12191
2024-01-28,rail_ets,rail,12990
2024-01-29,rail_ets,rail,10944
2024-01-30,rail_ets,rail,9049
2024-01-31,rail_ets,rail,9627
2024-02-01,rail_ets,rail,9927
2024-02-02,rail_ets,rail,11324
2024-02-03,rail_ets,rail,11402
2024-02-04,rail_ets,rail,11733
2024-02-05,rail_ets,rail,11040
2024-02-06,rail_ets,rail,10605
2024-02-07,rail_ets,rail,13294
2024-02-08,rail_ets,rail,14343
2024-02-09,rail_ets,rail,14591
2024-02-10,rail_ets,rail,14032
2024-02-11,rail_ets,rail,14118
2024-02-12,rail_ets,rail,14463
2024-02-13,rail_ets,rail,14142
2024-02-14,rail_ets,rail,12719
2024-02-15,rail_ets,rail,12750
2024-02-16,rail_ets,rail,12909
2024-02-17,rail_ets,rail,12708
2024-02-18,rail_ets,rail,13252
2024-02-19,rail_ets,rail,12418
2024-02-20,rail_ets,rail,11762
2024-02-21,rail_ets,rail,12072
2024-02-22,rail_ets,rail,12531
2024-02-23,rail_ets,rail,12949
2024-02-24,rail_ets,rail,12833
2024-02-25,rail_ets,rail,12860
2024-02-26,rail_ets,rail,12689
2024-02-27,rail_ets,rail,12451
2024-02-28,rail_ets,rail,12258
2024-02-29,rail_ets,rail,12844
2024-03-01,rail_ets,rail,13391
2024-03-02,rail_ets,rail,12726
2024-03-03,rail_ets,rail,12857
2024-03-04,rail_ets,rail,12669
2024-03-05,rail_ets,rail,12105
2024-03-06,rail_ets,rail,12186
2024-03-07,rail_ets,rail,12212
2024-03-08,rail_ets,rail,12844
2024-03-09,rail_ets,rail,12778
2024-03-10,rail_ets,rail,12947
2024-03-11,rail_ets,rail,10879
2024-03-12,rail_ets,rail,7274
2024-03-13,rail_ets,rail,7915
2024-03-14,rail_ets,rail,9473
2024-03-15,rail_ets,rail,11585
2024-03-16,rail_ets,rail,10279
2024-03-17,rail_ets,rail,11879
2024-03-18,rail_ets,rail,9532
2024-03-19,rail_ets,rail,7216
2024-03-20,rail_ets,rail,6874
2024-03-21,rail_ets,rail,8684
2024-03-22,rail_ets,rail,11625
2024-03-23,rail_ets,rail,10328
2024-03-24,rail_ets,rail,11820
2024-03-25,rail_ets,rail,9956
2024-03-26,rail_ets,rail,8125
2024-03-27,rail_ets,rail,10339
2024-03-28,rail_ets,rail,10600
2024-03-29,rail_ets,rail,11535
2024-03-30,rail_ets,rail,11653
2024-03-31,rail_ets,rail,11979
2024-04-01,rail_ets,rail,10369
2024-04-02,rail_ets,rail,8429
2024-04-03,rail_ets,rail,9613
2024-04-04,rail_ets,rail,12417
2024-04-05,rail_ets,rail,14205
2024-04-06,rail_ets,rail,13399
2024-04-07,rail_ets,rail,13021
2024-04-08,rail_ets,rail,12437
2024-04-09,rail_ets,rail,13167
2024-04-10,rail_ets,rail,13232
2024-04-11,rail_ets,rail,13661
2024-04-12,rail_ets,rail,13467
2024-04-13,rail_ets,rail,13760
2024-04-14,rail_ets,rail,14443
2024-04-15,rail_ets,rail,13017
2024-04-16,rail_ets,rail,10542
2024-04-17,rail_ets,rail,9386
2024-04-18,rail_ets,rail,10028
2024-04-19,rail_ets,rail,11651
2024-04-20,rail_ets,rail,11635
2024-04-21,rail_ets,rail,12151
2024-04-22,rail_ets,rail,10320
2024-04-23,rail_ets,rail,7994
2024-04-24,rail_ets,rail,8076
2024-04-25,rail_ets,rail,10546
2024-04-26,rail_ets,rail,12084
2024-04-27,rail_ets,rail,11864
2024-04-28,rail_ets,rail,11982
2024-04-29,rail_ets,rail,10795
2024-04-30,rail_ets,rail,10345
2024-05-01,rail_ets,rail,11480
2024-05-02,rail_ets,rail,10473
2024-05-03,rail_ets,rail,11829
2024-05-04,rail_ets,rail,11828
2024-05-05,rail_ets,rail,12149
2024-05-06,rail_ets,rail,10839
2024-05-07,rail_ets,rail,8722
2024-05-08,rail_ets,rail,8555
2024-05-09,rail_ets,rail,10275
2024-05-10,rail_ets,rail,12098
2024-05-11,rail_ets,rail,11801
2024-05-12,rail_ets,rail,12051
2024-05-13,rail_ets,rail,10705
2024-05-14,rail_ets,rail,8511
2024-05-15,rail_ets,rail,8465
2024-05-16,rail_ets,rail,10233
2024-05-17,rail_ets,rail,11765
2024-05-18,rail_ets,rail,11758
2024-05-19,rail_ets,rail,12119
2024-05-20,rail_ets,rail,10883
2024-05-21,rail_ets,rail,10271
2024-05-22,rail_ets,rail,11140
2024-05-23,rail_ets,rail,11335
2024-05-24,rail_ets,rail,13335
2024-05-25,rail_ets,rail,12809
2024-05-26,rail_ets,rail,12753
2024-05-27,rail_ets,rail,12553
2024-05-28,rail_ets,rail,12441
2024-05-29,rail_ets,rail,12639
2024-05-30,rail_ets,rail,12687
2024-05-31,rail_ets,rail,12937
2024-06-01,rail_ets,rail,12882
2024-06-02,rail_ets,rail,12900
2024-06-03,rail_ets,rail,13276
2024-06-04,rail_ets,rail,11472
2024-06-05,rail_ets,rail,9757
2024-06-06,rail_ets,rail,10066
2024-06-07,rail_ets,rail,11325
2024-06-08,rail_ets,rail,11536
2024-06-09,rail_ets,rail,11643
2024-06-10,rail_ets,rail,10912
2024-06-11,rail_ets,rail,9758
2024-06-12,rail_ets,rail,10343
2024-06-13,rail_ets,rail,13174
2024-06-14,rail_ets,rail,14461
2024-06-15,rail_ets,rail,13880
2024-06-16,rail_ets,rail,13089
2024-06-17,rail_ets,rail,13724
2024-06-18,rail_ets,rail,14016
2024-06-19,rail_ets,rail,11755
2024-06-20,rail_ets,rail,11266
2024-06-21,rail_ets,rail,12393
2024-06-22,rail_ets,rail,12448
2024-06-23,rail_ets,rail,12558
2024-06-24,rail_ets,rail,10911
2024-06-25,rail_ets,rail,9560
2024-06-26,rail_ets,rail,9368
2024-06-27,rail_ets,rail,10671
2024-06-28,rail_ets,rail,11892
2024-06-29,rail_ets,rail,11648
2024-06-30,rail_ets,rail,11899
2024-07-01,rail_ets,rail,10963
2024-07-02,rail_ets,rail,9019
2024-07-03,rail_ets,rail,9750
2024-07-04,rail_ets,rail,11175
2024-07-05,rail_ets,rail,13441
2024-07-06,rail_ets,rail,12845
2024-07-07,rail_ets,rail,12791
2024-07-08,rail_ets,rail,12919
2024-07-09,rail_ets,rail,11480
2024-07-10,rail_ets,rail,11005
2024-07-11,rail_ets,rail,11135
2024-07-12,rail_ets,rail,11997
2024-07-13,rail_ets,rail,11717
2024-07-14,rail_ets,rail,11880
2024-07-15,rail_ets,rail,11246
2024-07-16,rail_ets,rail,9976
2024-07-17,rail_ets,rail,9975
2024-07-18,rail_ets,rail,10930
2024-07-19,rail_ets,rail,11896
2024-07-20,rail_ets,rail,11742
2024-07-21,rail_ets,rail,11745
2024-07-22,rail_ets,rail,11219
2024-07-23,rail_ets,rail,10176
2024-07-24,rail_ets,rail,10262
2024-07-25,rail_ets,rail,11174
2024-07-26,rail_ets,rail,12049
2024-07-27,rail_ets,rail,11714
2024-07-28,rail_ets,rail,12042
2024-07-29,rail_ets,rail,11250
2024-07-30,rail_ets,rail,9939
2024-07-31,rail_ets,rail,9836
2024-08-01,rail_ets,rail,10786
2024-08-02,rail_ets,rail,11780
2024-08-03,rail_ets,rail,11737
2024-08-04,rail_ets,rail,11744
2024-08-05,rail_ets,rail,11081
2024-08-06,rail_ets,rail,9775
2024-08-07,rail_ets,rail,10050
2024-08-08,rail_ets,rail,10945
2024-08-09,rail_ets,rail,12100
2024-08-10,rail_ets,rail,11688
2024-08-11,rail_ets,rail,11989
2024-08-12,rail_ets,rail,11223
2024-08-13,rail_ets,rail,9958
2024-08-14,rail_ets,rail,9939
2024-08-15,rail_ets,rail,10815
2024-08-16,rail_ets,rail,11797
2024-08-17,rail_ets,rail,11334
2024-08-18,rail_ets,rail,11846
2024-08-19,rail_ets,rail,10995
2024-08-20,rail_ets,rail,9351
2024-08-21,rail_ets,rail,9320
2024-08-22,rail_ets,rail,10627
2024-08-23,rail_ets,rail,11802
2024-08-24,rail_ets,rail,11376
2024-08-25,rail_ets,rail,11753
2024-08-26,rail_ets,rail,10829
2024-08-27,rail_ets,rail,8897
2024-08-28,rail_ets,rail,9106
2024-08-29,rail_ets,rail,10694
2024-08-30,rail_ets,rail,12084
2024-08-31,rail_ets,rail,11304
2024-09-01,rail_ets,rail,11834
2024-09-02,rail_ets,rail,11185
2024-09-03,rail_ets,rail,9379
2024-09-04,rail_ets,rail,8918
2024-09-05,rail_ets,rail,10285
2024-09-06,rail_ets,rail,11471
2024-09-07,rail_ets,rail,11297
2024-09-08,rail_ets,rail,11558
2024-09-09,rail_ets,rail,10835
2024-09-10,rail_ets,rail,9225
2024-09-11,rail_ets,rail,10554
2024-09-12,rail_ets,rail,11312
2024-09-13,rail_ets,rail,13366
2024-09-14,rail_ets,rail,12975
2024-09-15,rail_ets,rail,12571
2024-09-16,rail_ets,rail,12767
2024-09-17,rail_ets,rail,12569
2024-09-18,rail_ets,rail,12463
2024-09-19,rail_ets,rail,12391
2024-09-20,rail_ets,rail,12619
2024-09-21,rail_ets,rail,12431
2024-09-22,rail_ets,rail,12689
2024-09-23,rail_ets,rail,11154
2024-09-24,rail_ets,rail,9143
2024-09-25,rail_ets,rail,9064
2024-09-26,rail_ets,rail,10162
2024-09-27,rail_ets,rail,11485
2024-09-28,rail_ets,rail,11466
2024-09-29,rail_ets,rail,11639
2024-09-30,rail_ets,rail,10581
2024-10-01,rail_ets,rail,8926
2024-10-02,rail_ets,rail,8949
2024-10-03,rail_ets,rail,10617
2024-10-04,rail_ets,rail,11911
2024-10-05,rail_ets,rail,11516
2024-10-06,rail_ets,rail,11807
2024-10-07,rail_ets,rail,10822
2024-10-08,rail_ets,rail,8974
2024-10-09,rail_ets,rail,9228
2024-10-10,rail_ets,rail,10414
2024-10-11,rail_ets,rail,11683
2024-10-12,rail_ets,rail,11514
2024-10-13,rail_ets,rail,12079
2024-10-14,rail_ets,rail,10474
2024-10-15,rail_ets,rail,8529
2024-10-16,rail_ets,rail,8069
2024-10-17,rail_ets,rail,9769
2024-10-18,rail_ets,rail,11685
2024-10-19,rail_ets,rail,10762
2024-10-20,rail_ets,rail,11393
2024-10-21,rail_ets,rail,10180
2024-10-22,rail_ets,rail,7801
2024-10-23,rail_ets,rail,8546
2024-10-24,rail_ets,rail,10220
2024-10-25,rail_ets,rail,11815
2024-10-26,rail_ets,rail,11754
2024-10-27,rail_ets,rail,11543
2024-10-28,rail_ets,rail,11416
2024-10-29,rail_ets,rail,12413
2024-10-30,rail_ets,rail,13821
2024-10-31,rail_ets,rail,13205
2024-11-01,rail_ets,rail,12729
2024-11-02,rail_ets,rail,12960
2024-11-03,rail_ets,rail,13750
2024-11-04,rail_ets,rail,11722
2024-11-05,rail_ets,rail,10118
2024-11-06,rail_ets,rail,8966
2024-11-07,rail_ets,rail,10064
2024-11-08,rail_ets,rail,11491
2024-11-09,rail_ets,rail,11387
2024-11-10,rail_ets,rail,11556
2024-11-11,rail_ets,rail,10743
2024-11-12,rail_ets,rail,9509
2024-11-13,rail_ets,rail,9408
2024-11-14,rail_ets,rail,10946
2024-11-15,rail_ets,rail,12496
2024-11-16,rail_ets,rail,11816
2024-11-17,rail_ets,rail,11984
2024-11-18,rail_ets,rail,11050
2024-11-19,rail_ets,rail,9160
2024-11-20,rail_ets,rail,9694
2024-11-21,rail_ets,rail,10805
2024-11-22,rail_ets,rail,11934
2024-11-23,rail_ets,rail,11829
2024-11-24,rail_ets,rail,12241
2024-11-25,rail_ets,rail,11432
2024-11-26,rail_ets,rail,9873
2024-11-27,rail_ets,rail,10199
2024-11-28,rail_ets,rail,11176
2024-11-29,rail_ets,rail,12263
2024-11-30,rail_ets,rail,11792
2024-12-01,rail_ets,rail,11899
2024-12-02,rail_ets,rail,11296
2024-12-03,rail_ets,rail,9915
2024-12-04,rail_ets,rail,10025
2024-12-05,rail_ets,rail,11125
2024-12-06,rail_ets,rail,11994
2024-12-07,rail_ets,rail,11789
2024-12-08,rail_ets,rail,12097
2024-12-09,rail_ets,rail,11286
2024-12-10,rail_ets,rail,10525
2024-12-11,rail_ets,rail,10367
2024-12-12,rail_ets,rail,10790
2024-12-13,rail_ets,rail,11727
2024-12-14,rail_ets,rail,11490
2024-12-15,rail_ets,rail,11789
2024-12-16,rail_ets,rail,11295
2024-12-17,rail_ets,rail,10590
2024-12-18,rail_ets,rail,11224
2024-12-19,rail_ets,rail,12105
2024-12-20,rail_ets,rail,13573
2024-12-21,rail_ets,rail,12912
2024-12-22,rail_ets,rail,12782
2024-12-23,rail_ets,rail,12606
2024-12-24,rail_ets,rail,12653
2024-12-25,rail_ets,rail,12657
2024-12-26,rail_ets,rail,12637
2024-12-27,rail_ets,rail,12686
2024-12-28,rail_ets,rail,12772
2024-12-29,rail_ets,rail,13099
2024-12-30,rail_ets,rail,11551
2024-12-31,rail_ets,rail,11051
2025-01-01,rail_ets,rail,11434
2025-01-02,rail_ets,rail,11010
2025-01-03,rail_ets,rail,11331
2025-01-04,rail_ets,rail,11286
2025-01-05,rail_ets,rail,11804
2025-01-06,rail_ets,rail,10101
2025-01-07,rail_ets,rail,8217
2025-01-08,rail_ets,rail,8264
2025-01-09,rail_ets,rail,9694
2025-01-10,rail_ets,rail,11239
2025-01-11,rail_ets,rail,11223
2025-01-12,rail_ets,rail,11490
2025-01-13,rail_ets,rail,10099
2025-01-14,rail_ets,rail,8103
2025-01-15,rail_ets,rail,8852
2025-01-16,rail_ets,rail,9980
2025-01-17,rail_ets,rail,12152
2025-01-18,rail_ets,rail,12042
2025-01-19,rail_ets,rail,12081
2025-01-20,rail_ets,rail,11951
2025-01-21,rail_ets,rail,11268
2025-01-22,rail_ets,rail,11566
2025-01-23,rail_ets,rail,12741
2025-01-24,rail_ets,rail,13009
2025-01-25,rail_ets,rail,12839
2025-01-26,rail_ets,rail,12761
2025-01-27,rail_ets,rail,12813
2025-01-28,rail_ets,rail,13243
2025-01-29,rail_ets,rail,12880
2025-01-30,rail_ets,rail,13724
2025-01-31,rail_ets,rail,13699
2025-02-01,rail_ets,rail,13667
2025-02-02,rail_ets,rail,14009
2025-02-03,rail_ets,rail,11957
2025-02-04,rail_ets,rail,11444
2025-02-05,rail_ets,rail,11419
2025-02-06,rail_ets,rail,11681
2025-02-07,rail_ets,rail,12894
2025-02-08,rail_ets,rail,12765
2025-02-09,rail_ets,rail,12805
2025-02-10,rail_ets,rail,11772
2025-02-11,rail_ets,rail,11614
2025-02-12,rail_ets,rail,11219
2025-02-13,rail_ets,rail,11558
2025-02-14,rail_ets,rail,12713
2025-02-15,rail_ets,rail,12458
2025-02-16,rail_ets,rail,12545
2025-02-17,rail_ets,rail,11022
2025-02-18,rail_ets,rail,9559
2025-02-19,rail_ets,rail,9622
2025-02-20,rail_ets,rail,10571
2025-02-21,rail_ets,rail,11728
2025-02-22,rail_ets,rail,11707
2025-02-23,rail_ets,rail,11990
2025-02-24,rail_ets,rail,10785
2025-02-25,rail_ets,rail,9955
2025-02-26,rail_ets,rail,9221
2025-02-27,rail_ets,rail,10288
2025-02-28,rail_ets,rail,11834
2025-03-01,rail_ets,rail,10111
2025-03-02,rail_ets,rail,11221
2025-03-03,rail_ets,rail,9712
2025-03-04,rail_ets,rail,7110
2025-03-05,rail_ets,rail,6763
2025-03-06,rail_ets,rail,8327
2025-03-07,rail_ets,rail,10980
2025-03-08,rail_ets,rail,9300
2025-03-09,rail_ets,rail,11293
2025-03-10,rail_ets,rail,9171
2025-03-11,rail_ets,rail,6883
2025-03-12,rail_ets,rail,6979
2025-03-13,rail_ets,rail,9044
2025-03-14,rail_ets,rail,11685
2025-03-15,rail_ets,rail,10730
2025-03-16,rail_ets,rail,11529
2025-03-17,rail_ets,rail,9597
2025-03-18,rail_ets,rail,9864
2025-03-19,rail_ets,rail,8097
2025-03-20,rail_ets,rail,8560
2025-03-21,rail_ets,rail,11231
2025-03-22,rail_ets,rail,10276
2025-03-23,rail_ets,rail,11142
2025-03-24,rail_ets,rail,9396
2025-03-25,rail_ets,rail,8997
2025-03-26,rail_ets,rail,10200
2025-03-27,rail_ets,rail,11162
2025-03-28,rail_ets,rail,15524
2025-03-29,rail_ets,rail,13687
2025-03-30,rail_ets,rail,13633
2025-03-31,rail_ets,rail,12774
2025-04-01,rail_ets,rail,13564
2025-04-02,rail_ets,rail,13428
2025-04-03,rail_ets,rail,13064
2025-04-04,rail_ets,rail,13480
2025-04-05,rail_ets,rail,14724
2025-04-06,rail_ets,rail,15686
2025-04-07,rail_ets,rail,10634
2025-04-08,rail_ets,rail,9578
2025-04-09,rail_ets,rail,8525
2025-04-10,rail_ets,rail,10249
2025-04-11,rail_ets,rail,11713
2025-04-12,rail_ets,rail,11479
2025-04-13,rail_ets,rail,12118
2025-04-14,rail_ets,rail,10493
2025-04-15,rail_ets,rail,8820
2025-04-16,rail_ets,rail,8925
2025-04-17,rail_ets,rail,10658
2025-04-18,rail_ets,rail,12219
2025-04-19,rail_ets,rail,11477
2025-04-20,rail_ets,rail,11993
2025-04-21,rail_ets,rail,10599
2025-04-22,rail_ets,rail,8510
2025-04-23,rail_ets,rail,8624
2025-04-24,rail_ets,rail,10402
2025-04-25,rail_ets,rail,12231
2025-04-26,rail_ets,rail,11580
2025-04-27,rail_ets,rail,12035
2025-04-28,rail_ets,rail,10721
2025-04-29,rail_ets,rail,9674
2025-04-30,rail_ets,rail,11796
2025-05-01,rail_ets,rail,12010
2025-05-02,rail_ets,rail,11800
2025-05-03,rail_ets,rail,11798
2025-05-04,rail_ets,rail,12358
2025-05-05,rail_ets,rail,11086
2025-05-06,rail_ets,rail,8475
2025-05-07,rail_ets,rail,8514
2025-05-08,rail_ets,rail,10619
2025-05-09,rail_ets,rail,12285
2025-05-10,rail_ets,rail,12276
2025-05-11,rail_ets,rail,11932
2025-05-12,rail_ets,rail,12407
2025-05-13,rail_ets,rail,10920
2025-05-14,rail_ets,rail,8722
2025-05-15,rail_ets,rail,9428
2025-05-16,rail_ets,rail,11292
2025-05-17,rail_ets,rail,10421
2025-05-18,rail_ets,rail,11562
2025-05-19,rail_ets,rail,9800
2025-05-20,rail_ets,rail,8291
2025-05-21,rail_ets,rail,8578
2025-05-22,rail_ets,rail,9874
2025-05-23,rail_ets,rail,11591
2025-05-24,rail_ets,rail,11446
2025-05-25,rail_ets,rail,11712
2025-05-26,rail_ets,rail,10436
2025-05-27,rail_ets,rail,9331
2025-05-28,rail_ets,rail,11442
2025-05-29,rail_ets,rail,13004
2025-05-30,rail_ets,rail,13366
2025-05-31,rail_ets,rail,13046
2025-06-01,rail_ets,rail,12666
2025-06-02,rail_ets,rail,12795
2025-06-03,rail_ets,rail,12470
2025-06-04,rail_ets,rail,12572
2025-06-05,rail_ets,rail,12512
2025-06-06,rail_ets,rail,13487
2025-06-07,rail_ets,rail,12958
2025-06-08,rail_ets,rail,14169
2025-06-09,rail_ets,rail,13715
2025-06-10,rail_ets,rail,10964
2025-06-11,rail_ets,rail,9743
2025-06-12,rail_ets,rail,9889
2025-06-13,rail_ets,rail,11509
2025-06-14,rail_ets,rail,11509
2025-06-15,rail_ets,rail,11651
2025-06-16,rail_ets,rail,10980
2025-06-17,rail_ets,rail,9463
2025-06-18,rail_ets,rail,9514
2025-06-19,rail_ets,rail,10727
2025-06-20,rail_ets,rail,11781
2025-06-21,rail_ets,rail,11697
2025-06-22,rail_ets,rail,11990
2025-06-23,rail_ets,rail,11064
2025-06-24,rail_ets,rail,9729
2025-06-25,rail_ets,rail,11125
2025-06-26,rail_ets,rail,12238
2025-06-27,rail_ets,rail,12235
2025-06-28,rail_ets,rail,11870
2025-06-29,rail_ets,rail,12553
2025-06-30,rail_ets,rail,11432
2025-07-01,rail_ets,rail,9803
2025-07-02,rail_ets,rail,9084
2025-07-03,rail_ets,rail,10678
2025-07-04,rail_ets,rail,12020
2025-07-05,rail_ets,rail,11916
2025-07-06,rail_ets,rail,12005
2025-07-07,rail_ets,rail,11272
2025-07-08,rail_ets,rail,9588
2025-07-09,rail_ets,rail,9720
2025-07-10,rail_ets,rail,11075
2025-07-11,rail_ets,rail,12214
2025-07-12,rail_ets,rail,11996
2025-07-13,rail_ets,rail,12131
2025-07-14,rail_ets,rail,11345
2025-07-15,rail_ets,rail,9933
2025-07-16,rail_ets,rail,9857
2025-07-17,rail_ets,rail,10986
2025-07-18,rail_ets,rail,12043
2025-07-19,rail_ets,rail,11797
2025-07-20,rail_ets,rail,12209
2025-07-21,rail_ets,rail,11325
2025-07-22,rail_ets,rail,10260
2025-07-23,rail_ets,rail,10372
2025-07-24,rail_ets,rail,11388
2025-07-25,rail_ets,rail,12325
2025-07-26,rail_ets,rail,12075
2025-07-27,rail_ets,rail,12126
2025-07-28,rail_ets,rail,11270
2025-07-29,rail_ets,rail,9890
2025-07-30,rail_ets,rail,9821
2025-07-31,rail_ets,rail,11022
2025-08-01,rail_ets,rail,12038
2025-08-02,rail_ets,rail,11821
2025-08-03,rail_ets,rail,11975
2025-08-04,rail_ets,rail,10966
2025-08-05,rail_ets,rail,9316
2025-08-06,rail_ets,rail,9686
2025-08-07,rail_ets,rail,10856
2025-08-08,rail_ets,rail,12118
2025-08-09,rail_ets,rail,11895
2025-08-10,rail_ets,rail,12013
2025-08-11,rail_ets,rail,11122
2025-08-12,rail_ets,rail,9895
2025-08-13,rail_ets,rail,9876
2025-08-14,rail_ets,rail,11049
2025-08-15,rail_ets,rail,12010
2025-08-16,rail_ets,rail,11633
2025-08-17,rail_ets,rail,11997
2025-08-18,rail_ets,rail,11017
2025-08-19,rail_ets,rail,9692
2025-08-20,rail_ets,rail,9540
2025-08-21,rail_ets,rail,10862
2025-08-22,rail_ets,rail,11929
2025-08-23,rail_ets,rail,11450
2025-08-24,rail_ets,rail,11858
2025-08-25,rail_ets,rail,10942
2025-08-26,rail_ets,rail,9061
2025-08-27,rail_ets,rail,9870
2025-08-28,rail_ets,rail,11864
2025-08-29,rail_ets,rail,13210
2025-08-30,rail_ets,rail,13410
2025-08-31,rail_ets,rail,12600
2025-09-01,rail_ets,rail,13708
2025-09-02,rail_ets,rail,11015
2025-09-03,rail_ets,rail,9894
2025-09-04,rail_ets,rail,11355
2025-09-05,rail_ets,rail,12623
2025-09-06,rail_ets,rail,12174
2025-09-07,rail_ets,rail,13326
2025-09-08,rail_ets,rail,10920
2025-09-09,rail_ets,rail,9077
2025-09-10,rail_ets,rail,10187
2025-09-11,rail_ets,rail,11659
2025-09-12,rail_ets,rail,13789
2025-09-13,rail_ets,rail,13634
2025-09-14,rail_ets,rail,13712
2025-09-15,rail_ets,rail,13411
2025-09-16,rail_ets,rail,13733
2025-09-17,rail_ets,rail,13092
2025-09-18,rail_ets,rail,12836
2025-09-19,rail_ets,rail,13064
2025-09-20,rail_ets,rail,12916
2025-09-21,rail_ets,rail,13398
2025-09-22,rail_ets,rail,11229
2025-09-23,rail_ets,rail,9294
2025-09-24,rail_ets,rail,9288
2025-09-25,rail_ets,rail,10565
2025-09-26,rail_ets,rail,12032
2025-09-27,rail_ets,rail,11867
2025-09-28,rail_ets,rail,12251
2025-09-29,rail_ets,rail,10575
2025-09-30,rail_ets,rail,9015
2025-10-01,rail_ets,rail,8819
2025-10-02,rail_ets,rail,10587
2025-10-03,rail_ets,rail,12369
2025-10-04,rail_ets,rail,11993
2025-10-05,rail_ets,rail,12446
2025-10-06,rail_ets,rail,11152
2025-10-07,rail_ets,rail,9727
2025-10-08,rail_ets,rail,9273
2025-10-09,rail_ets,rail,10620
2025-10-10,rail_ets,rail,12432
2025-10-11,rail_ets,rail,11980
2025-10-12,rail_ets,rail,12301
2025-10-13,rail_ets,rail,10685
2025-10-14,rail_ets,rail,8707
2025-10-15,rail_ets,rail,10162
2025-10-16,rail_ets,rail,12035
2025-10-17,rail_ets,rail,14708
2025-10-18,rail_ets,rail,14031
2025-10-19,rail_ets,rail,13477
2025-10-20,rail_ets,rail,13931
2025-10-21,rail_ets,rail,13339
2025-10-22,rail_ets,rail,13123
2025-10-23,rail_ets,rail,11754
2025-10-24,rail_ets,rail,12389
2025-10-25,rail_ets,rail,12324
2025-10-26,rail_ets,rail,12863
2025-10-27,rail_ets,rail,10911
2025-10-28,rail_ets,rail,9319
2025-10-29,rail_ets,rail,9064
2025-10-30,rail_ets,rail,10331
2025-10-31,rail_ets,rail,12280
2025-11-01,rail_ets,rail,11786
2025-11-02,rail_ets,rail,12311
2025-11-03,rail_ets,rail,10480
2025-11-04,rail_ets,rail,8678
2025-11-05,rail_ets,rail,9181
2025-11-06,rail_ets,rail,11749
2025-11-07,rail_ets,rail,12708
2025-11-08,rail_ets,rail,12306
2025-11-09,rail_ets,rail,13135
2025-11-10,rail_ets,rail,11533
2025-11-11,rail_ets,rail,9391
2025-11-12,rail_ets,rail,9320
2025-11-13,rail_ets,rail,10899
2025-11-14,rail_ets,rail,12750
2025-11-15,rail_ets,rail,12221
2025-11-16,rail_ets,rail,12476
2025-11-17,rail_ets,rail,10979
2025-11-18,rail_ets,rail,8960
2025-11-19,rail_ets,rail,9565
2025-11-20,rail_ets,rail,11559
2025-11-21,rail_ets,rail,13442
2025-11-22,rail_ets,rail,12848
2025-11-23,rail_ets,rail,12711
2025-11-24,rail_ets,rail,11616
2025-11-25,rail_ets,rail,10231
2025-11-26,rail_ets,rail,10265
2025-11-27,rail_ets,rail,11228
2025-11-28,rail_ets,rail,12679
2025-11-29,rail_ets,rail,12558
2025-11-30,rail_ets,rail,13243
2025-12-01,rail_ets,rail,11333
2025-12-02,rail_ets,rail,9381
2025-12-03,rail_ets,rail,9064
2025-12-04,rail_ets,rail,10885
2025-12-05,rail_ets,rail,12505
2025-12-06,rail_ets,rail,12383
2025-12-07,rail_ets,rail,12703
2025-12-08,rail_ets,rail,11430
2025-12-09,rail_ets,rail,9819
2025-12-10,rail_ets,rail,10513
2025-12-11,rail_ets,rail,11451
2025-12-12,rail_ets,rail,13445
2025-12-13,rail_ets,rail,13363
2025-12-14,rail_ets,rail,13779
2025-12-15,rail_ets,rail,12740
2025-12-16,rail_ets,rail,11529
2025-12-17,rail_ets,rail,12065
2025-12-18,rail_ets,rail,13265
2025-12-19,rail_ets,rail,15608
2025-12-20,rail_ets,rail,15338
2025-12-21,rail_ets,rail,15104
2025-12-22,rail_ets,rail,13876
2025-12-23,rail_ets,rail,14074
2025-12-24,rail_ets,rail,14656
2025-12-25,rail_ets,rail,14363
2025-12-26,rail_ets,rail,15037
2025-12-27,rail_ets,rail,15301
2025-12-28,rail_ets,rail,15683
2025-12-29,rail_ets,rail,14192
2025-12-30,rail_ets,rail,13947
2025-12-31,rail_ets,rail,14664
2026-01-01,rail_ets,rail,16467
2026-01-02,rail_ets,rail,16873
2026-01-03,rail_ets,rail,16790
2026-01-04,rail_ets,rail,17468
2026-01-05,rail_ets,rail,15043
2026-01-06,rail_ets,rail,13938
2026-01-07,rail_ets,rail,13075
2026-01-08,rail_ets,rail,14247
2026-01-09,rail_ets,rail,16425
2026-01-10,rail_ets,rail,16133
2026-01-11,rail_ets,rail,16736
2026-01-12,rail_ets,rail,12497
2026-01-13,rail_ets,rail,10130
2026-01-14,rail_ets,rail,10915
2026-01-15,rail_ets,rail,12841
2026-01-16,rail_ets,rail,15198
2026-01-17,rail_ets,rail,14573
2026-01-18,rail_ets,rail,15059
2026-01-19,rail_ets,rail,13041
2026-01-20,rail_ets,rail,11001
2026-01-21,rail_ets,rail,11319
2026-01-22,rail_ets,rail,13310
2026-01-23,rail_ets,rail,15550
2026-01-24,rail_ets,rail,15343
2026-01-25,rail_ets,rail,15758
2026-01-26,rail_ets,rail,13703
2026-01-27,rail_ets,rail,11632
2026-01-28,rail_ets,rail,12489
2026-01-29,rail_ets,rail,15378
2026-01-30,rail_ets,rail,18231
2026-01-31,rail_ets,rail,16867
2026-02-01,rail_ets,rail,16681
2026-02-02,rail_ets,rail,17273
2026-02-03,rail_ets,rail,14482
2026-02-04,rail_ets,rail,12899
2026-02-05,rail_ets,rail,13427
2026-02-06,rail_ets,rail,15938
2026-02-07,rail_ets,rail,15998
2026-02-08,rail_ets,rail,16635
2026-02-09,rail_ets,rail,14193
2026-02-10,rail_ets,rail,12887
2026-02-11,rail_ets,rail,13707
2026-02-12,rail_ets,rail,15352
2026-02-13,rail_ets,rail,22833
2026-02-14,rail_ets,rail,23014
2026-02-15,rail_ets,rail,22126
2026-02-16,rail_ets,rail,20013
2026-02-17,rail_ets,rail,20600
2026-02-18,rail_ets,rail,22879
2026-02-19,rail_ets,rail,21325
2026-02-20,rail_ets,rail,23847
2026-02-21,rail_ets,rail,24179
2026-02-22,rail_ets,rail,25781
2026-02-23,rail_ets,rail,15038
2026-02-24,rail_ets,rail,14143
2026-02-25,rail_ets,rail,13260
2026-02-26,rail_ets,rail,12897
2026-02-27,rail_ets,rail,16400
2026-02-28,rail_ets,rail,14672
2026-03-01,rail_ets,rail,17335
2026-03-02,rail_ets,rail,11911
2026-03-03,rail_ets,rail,9354
2026-03-04,rail_ets,rail,9959
2026-03-05,rail_ets,rail,11870
2026-03-06,rail_ets,rail,17187
2026-03-07,rail_ets,rail,13704
2026-03-08,rail_ets,rail,17533
2026-03-09,rail_ets,rail,13261
2026-03-10,rail_ets,rail,10108
2026-03-11,rail_ets,rail,10060
2026-03-12,rail_ets,rail,12542
2026-03-13,rail_ets,rail,17325
2026-03-14,rail_ets,rail,16009
2026-03-15,rail_ets,rail,16874
2026-03-16,rail_ets,rail,14233
2026-03-17,rail_ets,rail,19905
2026-03-18,rail_ets,rail,22146
2026-03-19,rail_ets,rail,23292
2026-03-20,rail_ets,rail,22606
2026-03-21,rail_ets,rail,19422
2026-03-22,rail_ets,rail,21218
2026-03-23,rail_ets,rail,25218
2026-03-24,rail_ets,rail,22919
2026-03-25,rail_ets,rail,21181
2026-03-26,rail_ets,rail,20644
2026-03-27,rail_ets,rail,23342
2026-03-28,rail_ets,rail,24421
2026-03-29,rail_ets,rail,25751
2026-03-30,rail_ets,rail,15791
2026-03-31,rail_ets,rail,13030
2026-04-01,rail_ets,rail,12176
2026-04-02,rail_ets,rail,14499
2026-04-03,rail_ets,rail,19808
2026-04-04,rail_ets,rail,19264
2026-04-05,rail_ets,rail,20616
2026-04-06,rail_ets,rail,15423
2026-04-07,rail_ets,rail,12774
2026-04-08,rail_ets,rail,12500
2026-04-09,rail_ets,rail,14804
2026-04-10,rail_ets,rail,19947
2026-04-11,rail_ets,rail,18715
2026-04-12,rail_ets,rail,21380
2026-04-13,rail_ets,rail,15457
2026-04-14,rail_ets,rail,12598
2026-04-15,rail_ets,rail,13101
2026-04-16,rail_ets,rail,15133
2026-04-17,rail_ets,rail,18857
2026-04-18,rail_ets,rail,18154
2026-04-19,rail_ets,rail,20963
2026-04-20,rail_ets,rail,15447
2026-04-21,rail_ets,rail,12007
2026-04-22,rail_ets,rail,11939
2026-04-23,rail_ets,rail,14790
2026-04-24,rail_ets,rail,19492
2026-04-25,rail_ets,rail,17769
2026-04-26,rail_ets,rail,20294
2026-04-27,rail_ets,rail,15984
2026-04-28,rail_ets,rail,13608
2026-04-29,rail_ets,rail,16731
2026-04-30,rail_ets,rail,21853
2026-05-01,rail_ets,rail,22198
2026-05-02,rail_ets,rail,20096
2026-05-03,rail_ets,rail,23737
2026-05-04,rail_ets,rail,17713
2026-05-05,rail_ets,rail,14224
2026-05-06,rail_ets,rail,12891
2026-05-07,rail_ets,rail,15220
2026-05-08,rail_ets,rail,20009
2026-05-09,rail_ets,rail,18815
2026-05-10,rail_ets,rail,21420
2026-05-11,rail_ets,rail,16418
2026-05-12,rail_ets,rail,12916
2026-05-13,rail_ets,rail,13377
2026-05-14,rail_ets,rail,15223
2026-05-15,rail_ets,rail,19779
2026-05-16,rail_ets,rail,17880
2026-05-17,rail_ets,rail,20067
2026-05-18,rail_ets,rail,15923
2026-05-19,rail_ets,rail,13718
2026-05-20,rail_ets,rail,15084
2026-05-21,rail_ets,rail,17991
2026-05-22,rail_ets,rail,24661
2026-05-23,rail_ets,rail,23942
2026-05-24,rail_ets,rail,23028
2026-05-25,rail_ets,rail,21332
2026-05-26,rail_ets,rail,21955
2026-05-27,rail_ets,rail,17818
2026-05-28,rail_ets,rail,18239
2026-05-29,rail_ets,rail,23085
2026-05-30,rail_ets,rail,24091
2026-05-31,rail_ets,rail,23826
2026-06-01,rail_ets,rail,22714
2026-06-02,rail_ets,rail,22329
2026-06-03,rail_ets,rail,21188
2026-06-04,rail_ets,rail,20886
2026-06-05,rail_ets,rail,22096
2026-06-06,rail_ets,rail,22138
2026-06-07,rail_ets,rail,23962
2026-06-08,rail_ets,rail,17121
2026-06-09,rail_ets,rail,14206
2026-06-10,rail_ets,rail,14324
2026-06-11,rail_ets,rail,16042
2026-06-12,rail_ets,rail,19973
2026-06-13,rail_ets,rail,18608
2026-06-14,rail_ets,rail,20218
2026-06-15,rail_ets,rail,16478
2026-06-16,rail_ets,rail,16045
2026-06-17,rail_ets,rail,16668
2026-06-18,rail_ets,rail,16447
2026-06-19,rail_ets,rail,19859
2026-06-20,rail_ets,rail,19656
2026-06-21,rail_ets,rail,20398
2026-06-22,rail_ets,rail,17032
2026-06-23,rail_ets,rail,14425
2026-06-24,rail_ets,rail,14765
2026-06-25,rail_ets,rail,17119
2026-06-26,rail_ets,rail,21358
2026-06-27,rail_ets,rail,19973
2026-06-28,rail_ets,rail,21407
2026-06-29,rail_ets,rail,16810
2026-06-30,rail_ets,rail,14216
2026-07-01,rail_ets,rail,14176
2026-07-02,rail_ets,rail,16233
2026-07-03,rail_ets,rail,20658
2026-07-04,rail_ets,rail,19333
2026-07-05,rail_ets,rail,21602
2026-07-06,rail_ets,rail,17241
2026-07-07,rail_ets,rail,14487
2026-07-08,rail_ets,rail,14816
2026-07-09,rail_ets,rail,17349
2026-07-10,rail_ets,rail,23415
2026-07-11,rail_ets,rail,22727
2026-07-12,rail_ets,rail,22794
2026-07-13,rail_ets,rail,17570
2026-07-14,rail_ets,rail,14897
2026-07-15,rail_ets,rail,15570
2026-07-16,rail_ets,rail,16976
2026-07-17,rail_ets,rail,20812
2026-07-18,rail_ets,rail,19641
2026-07-19,rail_ets,rail,21038
2026-07-20,rail_ets,rail,17588
2026-07-21,rail_ets,rail,16133
2026-07-22,rail_ets,rail,15913
2026-07-23,rail_ets,rail,17150
2026-07-24,rail_ets,rail,20654
2026-07-25,rail_ets,rail,20325
2026-07-26,rail_ets,rail,21123
2026-07-27,rail_ets,rail,17541
2026-07-28,rail_ets,rail,15246
2026-07-29,rail_ets,rail,15149
2026-07-30,rail_ets,rail,17403
2026-07-31,rail_ets,rail,22012
2020-10-15,rail_intercity,rail,807
2020-10-16,rail_intercity,rail,1176
2020-10-17,rail_intercity,rail,1720
2020-10-18,rail_intercity,rail,1048
2020-10-19,rail_intercity,rail,685
2020-10-20,rail_intercity,rail,729
2020-10-21,rail_intercity,rail,861
2020-10-22,rail_intercity,rail,913
2020-10-23,rail_intercity,rail,1663
2020-10-24,rail_intercity,rail,1698
2020-10-25,rail_intercity,rail,1148
2020-10-26,rail_intercity,rail,830
2020-10-27,rail_intercity,rail,834
2020-10-28,rail_intercity,rail,1360
2020-10-29,rail_intercity,rail,2496
2020-10-30,rail_intercity,rail,2376
2020-10-31,rail_intercity,rail,2231
2020-11-01,rail_intercity,rail,1290
2020-11-02,rail_intercity,rail,971
2020-11-03,rail_intercity,rail,827
2020-11-04,rail_intercity,rail,848
2020-11-05,rail_intercity,rail,1074
2020-11-06,rail_intercity,rail,1702
2020-11-07,rail_intercity,rail,2336
2020-11-08,rail_intercity,rail,1527
2020-11-09,rail_intercity,rail,1008
2020-11-10,rail_intercity,rail,796
2020-11-11,rail_intercity,rail,1261
2020-11-12,rail_intercity,rail,1145
2020-11-13,rail_intercity,rail,963
2020-11-14,rail_intercity,rail,1065
2020-11-15,rail_intercity,rail,1172
2020-11-16,rail_intercity,rail,763
2020-11-17,rail_intercity,rail,729
2020-11-18,rail_intercity,rail,644
2020-11-19,rail_intercity,rail,691
2020-11-20,rail_intercity,rail,673
2020-11-21,rail_intercity,rail,547
2020-11-22,rail_intercity,rail,533
2020-11-23,rail_intercity,rail,405
2020-11-24,rail_intercity,rail,322
2020-11-25,rail_intercity,rail,354
2020-11-26,rail_intercity,rail,382
2020-11-27,rail_intercity,rail,412
2020-11-28,rail_intercity,rail,458
2020-11-29,rail_intercity,rail,592
2020-11-30,rail_intercity,rail,376
2020-12-01,rail_intercity,rail,421
2020-12-02,rail_intercity,rail,401
2020-12-03,rail_intercity,rail,500
2020-12-04,rail_intercity,rail,428
2020-12-05,rail_intercity,rail,507
2020-12-06,rail_intercity,rail,665
2020-12-07,rail_intercity,rail,750
2020-12-08,rail_intercity,rail,702
2020-12-09,rail_intercity,rail,774
2020-12-10,rail_intercity,rail,894
2020-12-11,rail_intercity,rail,988
2020-12-12,rail_intercity,rail,991
2020-12-13,rail_intercity,rail,1127
2020-12-14,rail_intercity,rail,858
2020-12-15,rail_intercity,rail,908
2020-12-16,rail_intercity,rail,775
2020-12-17,rail_intercity,rail,942
2020-12-18,rail_intercity,rail,1037
2020-12-19,rail_intercity,rail,1220
2020-12-20,rail_intercity,rail,1111
2020-12-21,rail_intercity,rail,1001
2020-12-22,rail_intercity,rail,1041
2020-12-23,rail_intercity,rail,1184
2020-12-24,rail_intercity,rail,1572
2020-12-25,rail_intercity,rail,1632
2020-12-26,rail_intercity,rail,1825
2020-12-27,rail_intercity,rail,1480
2020-12-28,rail_intercity,rail,1406
2020-12-29,rail_intercity,rail,1414
2020-12-30,rail_intercity,rail,1554
2020-12-31,rail_intercity,rail,1521
2021-01-01,rail_intercity,rail,1501
2021-01-02,rail_intercity,rail,1660
2021-01-03,rail_intercity,rail,1296
2021-01-04,rail_intercity,rail,914
2021-01-05,rail_intercity,rail,863
2021-01-06,rail_intercity,rail,589
2021-01-07,rail_intercity,rail,240
2021-01-08,rail_intercity,rail,212
2021-01-09,rail_intercity,rail,295
2021-01-10,rail_intercity,rail,598
2021-01-11,rail_intercity,rail,455
2021-01-12,rail_intercity,rail,703
2021-01-13,rail_intercity,rail,217
2021-01-14,rail_intercity,rail,357
2021-01-15,rail_intercity,rail,363
2021-01-16,rail_intercity,rail,181
2021-01-17,rail_intercity,rail,164
2021-01-18,rail_intercity,rail,111
2021-01-19,rail_intercity,rail,123
2021-01-20,rail_intercity,rail,140
2021-01-21,rail_intercity,rail,154
2021-01-22,rail_intercity,rail,129
2021-01-23,rail_intercity,rail,148
2021-01-24,rail_intercity,rail,161
2021-01-25,rail_intercity,rail,148
2021-01-26,rail_intercity,rail,181
2021-01-27,rail_intercity,rail,174
2021-01-28,rail_intercity,rail,212
2021-01-29,rail_intercity,rail,121
2021-01-30,rail_intercity,rail,140
2021-01-31,rail_intercity,rail,230
2021-02-01,rail_intercity,rail,183
2021-02-02,rail_intercity,rail,118
2021-02-03,rail_intercity,rail,149
2021-02-04,rail_intercity,rail,203
2021-02-05,rail_intercity,rail,106
2021-02-06,rail_intercity,rail,141
2021-02-07,rail_intercity,rail,204
2021-02-08,rail_intercity,rail,206
2021-02-09,rail_intercity,rail,187
2021-02-10,rail_intercity,rail,219
2021-02-11,rail_intercity,rail,292
2021-02-12,rail_intercity,rail,139
2021-02-13,rail_intercity,rail,197
2021-02-14,rail_intercity,rail,186
2021-02-15,rail_intercity,rail,245
2021-02-16,rail_intercity,rail,194
2021-02-17,rail_intercity,rail,191
2021-02-18,rail_intercity,rail,260
2021-02-19,rail_intercity,rail,248
2021-02-20,rail_intercity,rail,350
2021-02-21,rail_intercity,rail,470
2021-02-22,rail_intercity,rail,349
2021-02-23,rail_intercity,rail,322
2021-02-24,rail_intercity,rail,317
2021-02-25,rail_intercity,rail,428
2021-02-26,rail_intercity,rail,363
2021-02-27,rail_intercity,rail,467
2021-02-28,rail_intercity,rail,604
2021-03-01,rail_intercity,rail,318
2021-03-02,rail_intercity,rail,319
2021-03-03,rail_intercity,rail,297
2021-03-04,rail_intercity,rail,499
2021-03-05,rail_intercity,rail,683
2021-03-06,rail_intercity,rail,1025
2021-03-07,rail_intercity,rail,952
2021-03-08,rail_intercity,rail,654
2021-03-09,rail_intercity,rail,615
2021-03-10,rail_intercity,rail,569
2021-03-11,rail_intercity,rail,714
2021-03-12,rail_intercity,rail,1256
2021-03-13,rail_intercity,rail,1300
2021-03-14,rail_intercity,rail,1029
2021-03-15,rail_intercity,rail,839
2021-03-16,rail_intercity,rail,617
2021-03-17,rail_intercity,rail,497
2021-03-18,rail_intercity,rail,829
2021-03-19,rail_intercity,rail,1515
2021-03-20,rail_intercity,rail,1861
2021-03-21,rail_intercity,rail,1073
2021-03-22,rail_intercity,rail,672
2021-03-23,rail_intercity,rail,928
2021-03-24,rail_intercity,rail,655
2021-03-25,rail_intercity,rail,1134
2021-03-26,rail_intercity,rail,1792
2021-03-27,rail_intercity,rail,1959
2021-03-28,rail_intercity,rail,1658
2021-03-29,rail_intercity,rail,1062
2021-03-30,rail_intercity,rail,1302
2021-03-31,rail_intercity,rail,1162
2021-04-01,rail_intercity,rail,1603
2021-04-02,rail_intercity,rail,2025
2021-04-03,rail_intercity,rail,1947
2021-04-04,rail_intercity,rail,1199
2021-04-05,rail_intercity,rail,765
2021-04-06,rail_intercity,rail,584
2021-04-07,rail_intercity,rail,790
2021-04-08,rail_intercity,rail,1457
2021-04-09,rail_intercity,rail,1801
2021-04-10,rail_intercity,rail,2131
2021-04-11,rail_intercity,rail,1419
2021-04-12,rail_intercity,rail,938
2021-04-13,rail_intercity,rail,506
2021-04-14,rail_intercity,rail,421
2021-04-15,rail_intercity,rail,766
2021-04-16,rail_intercity,rail,512
2021-04-17,rail_intercity,rail,747
2021-04-18,rail_intercity,rail,673
2021-04-19,rail_intercity,rail,345
2021-04-20,rail_intercity,rail,427
2021-04-21,rail_intercity,rail,309
2021-04-22,rail_intercity,rail,455
2021-04-23,rail_intercity,rail,370
2021-04-24,rail_intercity,rail,446
2021-04-25,rail_intercity,rail,505
2021-04-26,rail_intercity,rail,344
2021-04-27,rail_intercity,rail,339
2021-04-28,rail_intercity,rail,324
2021-04-29,rail_intercity,rail,469
2021-04-30,rail_intercity,rail,474
2021-05-01,rail_intercity,rail,458
2021-05-02,rail_intercity,rail,557
2021-05-03,rail_intercity,rail,417
2021-05-04,rail_intercity,rail,387
2021-05-05,rail_intercity,rail,339
2021-05-06,rail_intercity,rail,709
2021-05-07,rail_intercity,rail,581
2021-05-08,rail_intercity,rail,798
2021-05-09,rail_intercity,rail,878
2021-05-10,rail_intercity,rail,446
2021-05-11,rail_intercity,rail,519
2021-05-12,rail_intercity,rail,415
2021-05-13,rail_intercity,rail,175
2021-05-14,rail_intercity,rail,328
2021-05-15,rail_intercity,rail,494
2021-05-16,rail_intercity,rail,642
2021-05-17,rail_intercity,rail,463
2021-05-18,rail_intercity,rail,424
2021-05-19,rail_intercity,rail,273
2021-05-20,rail_intercity,rail,429
2021-05-21,rail_intercity,rail,397
2021-05-22,rail_intercity,rail,349
2021-05-23,rail_intercity,rail,343
2021-05-24,rail_intercity,rail,287
2021-05-25,rail_intercity,rail,305
2021-05-26,rail_intercity,rail,155
2021-05-27,rail_intercity,rail,293
2021-05-28,rail_intercity,rail,197
2021-05-29,rail_intercity,rail,263
2021-05-30,rail_intercity,rail,490
2021-05-31,rail_intercity,rail,367
2021-06-01,rail_intercity,rail,41
2021-06-02,rail_intercity,rail,37
2021-06-03,rail_intercity,rail,60
2021-06-04,rail_intercity,rail,28
2021-06-05,rail_intercity,rail,52
2021-06-06,rail_intercity,rail,37
2021-06-07,rail_intercity,rail,56
2021-06-08,rail_intercity,rail,80
2021-06-09,rail_intercity,rail,93
2021-06-10,rail_intercity,rail,60
2021-06-11,rail_intercity,rail,51
2021-06-12,rail_intercity,rail,55
2021-06-13,rail_intercity,rail,81
2021-06-14,rail_intercity,rail,101
2021-06-15,rail_intercity,rail,86
2021-06-16,rail_intercity,rail,96
2021-06-17,rail_intercity,rail,87
2021-06-18,rail_intercity,rail,76
2021-06-19,rail_intercity,rail,74
2021-06-20,rail_intercity,rail,103
2021-06-21,rail_intercity,rail,92
2021-06-22,rail_intercity,rail,76
2021-06-23,rail_intercity,rail,96
2021-06-24,rail_intercity,rail,65
2021-06-25,rail_intercity,rail,66
2021-06-26,rail_intercity,rail,63
2021-06-27,rail_intercity,rail,74
2021-06-28,rail_intercity,rail,77
2021-06-29,rail_intercity,rail,94
2021-06-30,rail_intercity,rail,71
2021-07-01,rail_intercity,rail,96
2021-07-02,rail_intercity,rail,94
2021-07-03,rail_intercity,rail,74
2021-07-04,rail_intercity,rail,81
2021-07-05,rail_intercity,rail,105
2021-07-06,rail_intercity,rail,109
2021-07-07,rail_intercity,rail,75
2021-07-08,rail_intercity,rail,117
2021-07-09,rail_intercity,rail,109
2021-07-10,rail_intercity,rail,100
2021-07-11,rail_intercity,rail,87
2021-07-12,rail_intercity,rail,79
2021-07-13,rail_intercity,rail,122
2021-07-14,rail_intercity,rail,107
2021-07-15,rail_intercity,rail,122
2021-07-16,rail_intercity,rail,117
2021-07-17,rail_intercity,rail,89
2021-07-18,rail_intercity,rail,157
2021-07-19,rail_intercity,rail,129
2021-07-20,rail_intercity,rail,69
2021-07-21,rail_intercity,rail,102
2021-07-22,rail_intercity,rail,148
2021-07-23,rail_intercity,rail,130
2021-07-24,rail_intercity,rail,113
2021-07-25,rail_intercity,rail,137
2021-07-26,rail_intercity,rail,94
2021-07-27,rail_intercity,rail,87
2021-07-28,rail_intercity,rail,95
2021-07-29,rail_intercity,rail,135
2021-07-30,rail_intercity,rail,110
2021-07-31,rail_intercity,rail,133
2021-08-01,rail_intercity,rail,104
2021-08-02,rail_intercity,rail,76
2021-08-03,rail_intercity,rail,117
2021-08-04,rail_intercity,rail,68
2021-08-05,rail_intercity,rail,114
2021-08-06,rail_intercity,rail,99
2021-08-07,rail_intercity,rail,114
2021-08-08,rail_intercity,rail,117
2021-08-09,rail_intercity,rail,81
2021-08-10,rail_intercity,rail,134
2021-08-11,rail_intercity,rail,116
2021-08-12,rail_intercity,rail,103
2021-08-13,rail_intercity,rail,134
2021-08-14,rail_intercity,rail,104
2021-08-15,rail_intercity,rail,104
2021-08-16,rail_intercity,rail,111
2021-08-17,rail_intercity,rail,88
2021-08-18,rail_intercity,rail,87
2021-08-19,rail_intercity,rail,129
2021-08-20,rail_intercity,rail,104
2021-08-21,rail_intercity,rail,91
2021-08-22,rail_intercity,rail,142
2021-08-23,rail_intercity,rail,177
2021-08-24,rail_intercity,rail,159
2021-08-25,rail_intercity,rail,143
2021-08-26,rail_intercity,rail,171
2021-08-27,rail_intercity,rail,173
2021-08-28,rail_intercity,rail,191
2021-08-29,rail_intercity,rail,183
2021-08-30,rail_intercity,rail,200
2021-08-31,rail_intercity,rail,200
2021-09-01,rail_intercity,rail,200
2021-09-02,rail_intercity,rail,204
2021-09-03,rail_intercity,rail,207
2021-09-04,rail_intercity,rail,238
2021-09-05,rail_intercity,rail,206
2021-09-06,rail_intercity,rail,197
2021-09-07,rail_intercity,rail,216
2021-09-08,rail_intercity,rail,221
2021-09-09,rail_intercity,rail,272
2021-09-10,rail_intercity,rail,294
2021-09-11,rail_intercity,rail,339
2021-09-12,rail_intercity,rail,283
2021-09-13,rail_intercity,rail,325
2021-09-14,rail_intercity,rail,349
2021-09-15,rail_intercity,rail,376
2021-09-16,rail_intercity,rail,490
2021-09-17,rail_intercity,rail,354
2021-09-18,rail_intercity,rail,425
2021-09-19,rail_intercity,rail,386
2021-09-20,rail_intercity,rail,325
2021-09-21,rail_intercity,rail,323
2021-09-22,rail_intercity,rail,362
2021-09-23,rail_intercity,rail,476
2021-09-24,rail_intercity,rail,761
2021-09-25,rail_intercity,rail,942
2021-09-26,rail_intercity,rail,565
2021-09-27,rail_intercity,rail,597
2021-09-28,rail_intercity,rail,604
2021-09-29,rail_intercity,rail,869
2021-09-30,rail_intercity,rail,868
2021-10-01,rail_intercity,rail,1272
2021-10-02,rail_intercity,rail,1146
2021-10-03,rail_intercity,rail,1006
2021-10-04,rail_intercity,rail,791
2021-10-05,rail_intercity,rail,939
2021-10-06,rail_intercity,rail,1249
2021-10-07,rail_intercity,rail,1175
2021-10-08,rail_intercity,rail,1991
2021-10-09,rail_intercity,rail,1924
2021-10-10,rail_intercity,rail,1532
2021-10-11,rail_intercity,rail,1211
2021-10-12,rail_intercity,rail,1106
2021-10-13,rail_intercity,rail,1260
2021-10-14,rail_intercity,rail,1577
2021-10-15,rail_intercity,rail,2712
2021-10-16,rail_intercity,rail,2556
2021-10-17,rail_intercity,rail,1986
2021-10-18,rail_intercity,rail,1833
2021-10-19,rail_intercity,rail,2784
2021-10-20,rail_intercity,rail,1518
2021-10-21,rail_intercity,rail,1808
2021-10-22,rail_intercity,rail,2560
2021-10-23,rail_intercity,rail,2982
2021-10-24,rail_intercity,rail,2143
2021-10-25,rail_intercity,rail,1747
2021-10-26,rail_intercity,rail,1852
2021-10-27,rail_intercity,rail,2005
2021-10-28,rail_intercity,rail,2308
2021-10-29,rail_intercity,rail,3287
2021-10-30,rail_intercity,rail,3909
2021-10-31,rail_intercity,rail,2221
2021-11-01,rail_intercity,rail,1773
2021-11-02,rail_intercity,rail,2044
2021-11-03,rail_intercity,rail,2825
2021-11-04,rail_intercity,rail,4047
2021-11-05,rail_intercity,rail,3683
2021-11-06,rail_intercity,rail,4105
2021-11-07,rail_intercity,rail,2745
2021-11-08,rail_intercity,rail,1775
2021-11-09,rail_intercity,rail,1680
2021-11-10,rail_intercity,rail,1818
2021-11-11,rail_intercity,rail,2720
2021-11-12,rail_intercity,rail,2864
2021-11-13,rail_intercity,rail,3182
2021-11-14,rail_intercity,rail,2061
2021-11-15,rail_intercity,rail,1333
2021-11-16,rail_intercity,rail,1185
2021-11-17,rail_intercity,rail,1295
2021-11-18,rail_intercity,rail,1710
2021-11-19,rail_intercity,rail,2768
2021-11-20,rail_intercity,rail,2880
2021-11-21,rail_intercity,rail,1780
2021-11-22,rail_intercity,rail,1373
2021-11-23,rail_intercity,rail,1325
2021-11-24,rail_intercity,rail,1375
2021-11-25,rail_intercity,rail,1493
2021-11-26,rail_intercity,rail,2696
2021-11-27,rail_intercity,rail,3131
2021-11-28,rail_intercity,rail,1607
2021-11-29,rail_intercity,rail,1261
2021-11-30,rail_intercity,rail,1110
2021-12-01,rail_intercity,rail,1176
2021-12-02,rail_intercity,rail,1531
2021-12-03,rail_intercity,rail,2077
2021-12-04,rail_intercity,rail,2469
2021-12-05,rail_intercity,rail,1654
2021-12-06,rail_intercity,rail,1431
2021-12-07,rail_intercity,rail,1303
2021-12-08,rail_intercity,rail,1447
2021-12-09,rail_intercity,rail,1980
2021-12-10,rail_intercity,rail,3034
2021-12-11,rail_intercity,rail,3440
2021-12-12,rail_intercity,rail,2863
2021-12-13,rail_intercity,rail,2398
2021-12-14,rail_intercity,rail,2627
2021-12-15,rail_intercity,rail,2688
2021-12-16,rail_intercity,rail,2812
2021-12-17,rail_intercity,rail,3163
2021-12-18,rail_intercity,rail,2081
2021-12-19,rail_intercity,rail,2051
2021-12-20,rail_intercity,rail,2016
2021-12-21,rail_intercity,rail,1577
2021-12-22,rail_intercity,rail,1474
2021-12-23,rail_intercity,rail,2092
2021-12-24,rail_intercity,rail,2592
2021-12-25,rail_intercity,rail,3927
2021-12-26,rail_intercity,rail,3226
2021-12-27,rail_intercity,rail,2490
2021-12-28,rail_intercity,rail,2630
2021-12-29,rail_intercity,rail,2217
2021-12-30,rail_intercity,rail,2119
2021-12-31,rail_intercity,rail,2003
2022-01-01,rail_intercity,rail,1668
2022-01-02,rail_intercity,rail,1516
2022-01-03,rail_intercity,rail,1344
2022-01-04,rail_intercity,rail,1407
2022-01-05,rail_intercity,rail,1437
2022-01-06,rail_intercity,rail,1988
2022-01-07,rail_intercity,rail,2181
2022-01-08,rail_intercity,rail,2210
2022-01-09,rail_intercity,rail,1275
2022-01-10,rail_intercity,rail,954
2022-01-11,rail_intercity,rail,1012
2022-01-12,rail_intercity,rail,865
2022-01-13,rail_intercity,rail,1120
2022-01-14,rail_intercity,rail,1923
2022-01-15,rail_intercity,rail,1827
2022-01-16,rail_intercity,rail,1255
2022-01-17,rail_intercity,rail,1050
2022-01-18,rail_intercity,rail,1290
2022-01-19,rail_intercity,rail,787
2022-01-20,rail_intercity,rail,1253
2022-01-21,rail_intercity,rail,2344
2022-01-22,rail_intercity,rail,2303
2022-01-23,rail_intercity,rail,1266
2022-01-24,rail_intercity,rail,861
2022-01-25,rail_intercity,rail,964
2022-01-26,rail_intercity,rail,1099
2022-01-27,rail_intercity,rail,1678
2022-01-28,rail_intercity,rail,3049
2022-01-29,rail_intercity,rail,3626
2022-01-30,rail_intercity,rail,3403
2022-01-31,rail_intercity,rail,3660
2022-02-01,rail_intercity,rail,4538
2022-02-02,rail_intercity,rail,4300
2022-02-03,rail_intercity,rail,3390
2022-02-04,rail_intercity,rail,3926
2022-02-05,rail_intercity,rail,3297
2022-02-06,rail_intercity,rail,1986
2022-02-07,rail_intercity,rail,1458
2022-02-08,rail_intercity,rail,1211
2022-02-09,rail_intercity,rail,1188
2022-02-10,rail_intercity,rail,1479
2022-02-11,rail_intercity,rail,2210
2022-02-12,rail_intercity,rail,2315
2022-02-13,rail_intercity,rail,1561
2022-02-14,rail_intercity,rail,1063
2022-02-15,rail_intercity,rail,1017
2022-02-16,rail_intercity,rail,993
2022-02-17,rail_intercity,rail,1297
2022-02-18,rail_intercity,rail,2148
2022-02-19,rail_intercity,rail,2317
2022-02-20,rail_intercity,rail,1509
2022-02-21,rail_intercity,rail,1748
2022-02-22,rail_intercity,rail,1634
2022-02-23,rail_intercity,rail,1815
2022-02-24,rail_intercity,rail,1723
2022-02-25,rail_intercity,rail,2308
2022-02-26,rail_intercity,rail,2554
2022-02-27,rail_intercity,rail,1554
2022-02-28,rail_intercity,rail,866
2022-03-01,rail_intercity,rail,1555
2022-03-02,rail_intercity,rail,1614
2022-03-03,rail_intercity,rail,2312
2022-03-04,rail_intercity,rail,2114
2022-03-05,rail_intercity,rail,2800
2022-03-06,rail_intercity,rail,2456
2022-03-07,rail_intercity,rail,1982
2022-03-08,rail_intercity,rail,1973
2022-03-09,rail_intercity,rail,2100
2022-03-10,rail_intercity,rail,2429
2022-03-11,rail_intercity,rail,2753
2022-03-12,rail_intercity,rail,3278
2022-03-13,rail_intercity,rail,2979
2022-03-14,rail_intercity,rail,1980
2022-03-15,rail_intercity,rail,2219
2022-03-16,rail_intercity,rail,2238
2022-03-17,rail_intercity,rail,2259
2022-03-18,rail_intercity,rail,2881
2022-03-19,rail_intercity,rail,3362
2022-03-20,rail_intercity,rail,2085
2022-03-21,rail_intercity,rail,1217
2022-03-22,rail_intercity,rail,1264
2022-03-23,rail_intercity,rail,1714
2022-03-24,rail_intercity,rail,1505
2022-03-25,rail_intercity,rail,3077
2022-03-26,rail_intercity,rail,4064
2022-03-27,rail_intercity,rail,2166
2022-03-28,rail_intercity,rail,1585
2022-03-29,rail_intercity,rail,1609
2022-03-30,rail_intercity,rail,1669
2022-03-31,rail_intercity,rail,2446
2022-04-01,rail_intercity,rail,3284
2022-04-02,rail_intercity,rail,2846
2022-04-03,rail_intercity,rail,1228
2022-04-04,rail_intercity,rail,980
2022-04-05,rail_intercity,rail,780
2022-04-06,rail_intercity,rail,730
2022-04-07,rail_intercity,rail,1074
2022-04-08,rail_intercity,rail,869
2022-04-09,rail_intercity,rail,1140
2022-04-10,rail_intercity,rail,1126
2022-04-11,rail_intercity,rail,654
2022-04-12,rail_intercity,rail,633
2022-04-13,rail_intercity,rail,594
2022-04-14,rail_intercity,rail,1193
2022-04-15,rail_intercity,rail,1076
2022-04-16,rail_intercity,rail,1330
2022-04-17,rail_intercity,rail,1112
2022-04-18,rail_intercity,rail,814
2022-04-19,rail_intercity,rail,808
2022-04-20,rail_intercity,rail,797
2022-04-21,rail_intercity,rail,1087
2022-04-22,rail_intercity,rail,978
2022-04-23,rail_intercity,rail,1331
2022-04-24,rail_intercity,rail,1205
2022-04-25,rail_intercity,rail,1112
2022-04-26,rail_intercity,rail,1234
2022-04-27,rail_intercity,rail,1611
2022-04-28,rail_intercity,rail,2523
2022-04-29,rail_intercity,rail,3167
2022-04-30,rail_intercity,rail,3437
2022-05-01,rail_intercity,rail,3338
2022-05-02,rail_intercity,rail,2182
2022-05-03,rail_intercity,rail,2861
2022-05-04,rail_intercity,rail,4266
2022-05-05,rail_intercity,rail,4676
2022-05-06,rail_intercity,rail,4507
2022-05-07,rail_intercity,rail,4952
2022-05-08,rail_intercity,rail,3768
2022-05-09,rail_intercity,rail,1964
2022-05-10,rail_intercity,rail,1790
2022-05-11,rail_intercity,rail,1765
2022-05-12,rail_intercity,rail,2307
2022-05-13,rail_intercity,rail,3077
2022-05-14,rail_intercity,rail,4352
2022-05-15,rail_intercity,rail,4442
2022-05-16,rail_intercity,rail,2841
2022-05-17,rail_intercity,rail,1476
2022-05-18,rail_intercity,rail,1366
2022-05-19,rail_intercity,rail,1915
2022-05-20,rail_intercity,rail,3106
2022-05-21,rail_intercity,rail,4024
2022-05-22,rail_intercity,rail,3132
2022-05-23,rail_intercity,rail,2607
2022-05-24,rail_intercity,rail,1414
2022-05-25,rail_intercity,rail,1358
2022-05-26,rail_intercity,rail,2266
2022-05-27,rail_intercity,rail,3563
2022-05-28,rail_intercity,rail,4225
2022-05-29,rail_intercity,rail,3222
2022-05-30,rail_intercity,rail,1603
2022-05-31,rail_intercity,rail,1459
2022-06-01,rail_intercity,rail,1851
2022-06-02,rail_intercity,rail,2754
2022-06-03,rail_intercity,rail,4440
2022-06-04,rail_intercity,rail,5992
2022-06-05,rail_intercity,rail,6064
2022-06-06,rail_intercity,rail,6904
2022-06-07,rail_intercity,rail,5729
2022-06-08,rail_intercity,rail,5540
2022-06-09,rail_intercity,rail,5850
2022-06-10,rail_intercity,rail,6374
2022-06-11,rail_intercity,rail,6515
2022-06-12,rail_intercity,rail,3500
2022-06-13,rail_intercity,rail,1954
2022-06-14,rail_intercity,rail,1852
2022-06-15,rail_intercity,rail,2439
2022-06-16,rail_intercity,rail,2489
2022-06-17,rail_intercity,rail,3877
2022-06-18,rail_intercity,rail,5584
2022-06-19,rail_intercity,rail,3817
2022-06-20,rail_intercity,rail,1995
2022-06-21,rail_intercity,rail,1805
2022-06-22,rail_intercity,rail,2190
2022-06-23,rail_intercity,rail,3197
2022-06-24,rail_intercity,rail,4465
2022-06-25,rail_intercity,rail,6175
2022-06-26,rail_intercity,rail,3773
2022-06-27,rail_intercity,rail,2274
2022-06-28,rail_intercity,rail,2244
2022-06-29,rail_intercity,rail,1931
2022-06-30,rail_intercity,rail,3152
2022-07-01,rail_intercity,rail,4438
2022-07-02,rail_intercity,rail,5878
2022-07-03,rail_intercity,rail,3863
2022-07-04,rail_intercity,rail,2681
2022-07-05,rail_intercity,rail,2291
2022-07-06,rail_intercity,rail,2160
2022-07-07,rail_intercity,rail,3751
2022-07-08,rail_intercity,rail,5529
2022-07-09,rail_intercity,rail,4328
2022-07-10,rail_intercity,rail,2780
2022-07-11,rail_intercity,rail,5219
2022-07-12,rail_intercity,rail,4998
2022-07-13,rail_intercity,rail,3542
2022-07-14,rail_intercity,rail,3907
2022-07-15,rail_intercity,rail,4489
2022-07-16,rail_intercity,rail,5769
2022-07-17,rail_intercity,rail,3824
2022-07-18,rail_intercity,rail,2362
2022-07-19,rail_intercity,rail,2090
2022-07-20,rail_intercity,rail,2389
2022-07-21,rail_intercity,rail,3194
2022-07-22,rail_intercity,rail,4361
2022-07-23,rail_intercity,rail,5638
2022-07-24,rail_intercity,rail,3949
2022-07-25,rail_intercity,rail,2562
2022-07-26,rail_intercity,rail,2156
2022-07-27,rail_intercity,rail,2581
2022-07-28,rail_intercity,rail,3424
2022-07-29,rail_intercity,rail,4714
2022-07-30,rail_intercity,rail,6443
2022-07-31,rail_intercity,rail,6296
2022-08-01,rail_intercity,rail,3312
2022-08-02,rail_intercity,rail,2093
2022-08-03,rail_intercity,rail,2751
2022-08-04,rail_intercity,rail,2947
2022-08-05,rail_intercity,rail,4336
2022-08-06,rail_intercity,rail,5930
2022-08-07,rail_intercity,rail,4094
2022-08-08,rail_intercity,rail,2266
2022-08-09,rail_intercity,rail,2202
2022-08-10,rail_intercity,rail,2257
2022-08-11,rail_intercity,rail,2920
2022-08-12,rail_intercity,rail,4333
2022-08-13,rail_intercity,rail,6147
2022-08-14,rail_intercity,rail,4233
2022-08-15,rail_intercity,rail,1886
2022-08-16,rail_intercity,rail,1954
2022-08-17,rail_intercity,rail,2107
2022-08-18,rail_intercity,rail,2642
2022-08-19,rail_intercity,rail,4182
2022-08-20,rail_intercity,rail,5786
2022-08-21,rail_intercity,rail,3791
2022-08-22,rail_intercity,rail,2416
2022-08-23,rail_intercity,rail,1912
2022-08-24,rail_intercity,rail,2345
2022-08-25,rail_intercity,rail,3441
2022-08-26,rail_intercity,rail,4047
2022-08-27,rail_intercity,rail,5856
2022-08-28,rail_intercity,rail,3663
2022-08-29,rail_intercity,rail,2508
2022-08-30,rail_intercity,rail,3550
2022-08-31,rail_intercity,rail,6002
2022-09-01,rail_intercity,rail,5239
2022-09-02,rail_intercity,rail,5180
2022-09-03,rail_intercity,rail,6477
2022-09-04,rail_intercity,rail,6130
2022-09-05,rail_intercity,rail,6412
2022-09-06,rail_intercity,rail,6219
2022-09-07,rail_intercity,rail,6745
2022-09-08,rail_intercity,rail,6589
2022-09-09,rail_intercity,rail,7136
2022-09-10,rail_intercity,rail,6768
2022-09-11,rail_intercity,rail,4960
2022-09-12,rail_intercity,rail,2984
2022-09-13,rail_intercity,rail,2455
2022-09-14,rail_intercity,rail,2978
2022-09-15,rail_intercity,rail,4401
2022-09-16,rail_intercity,rail,6312
2022-09-17,rail_intercity,rail,6694
2022-09-18,rail_intercity,rail,5746
2022-09-19,rail_intercity,rail,2618
2022-09-20,rail_intercity,rail,2480
2022-09-21,rail_intercity,rail,2969
2022-09-22,rail_intercity,rail,4075
2022-09-23,rail_intercity,rail,4610
2022-09-24,rail_intercity,rail,6488
2022-09-25,rail_intercity,rail,4234
2022-09-26,rail_intercity,rail,2591
2022-09-27,rail_intercity,rail,2420
2022-09-28,rail_intercity,rail,2505
2022-09-29,rail_intercity,rail,3275
2022-09-30,rail_intercity,rail,4658
2022-10-01,rail_intercity,rail,6221
2022-10-02,rail_intercity,rail,4578
2022-10-03,rail_intercity,rail,2806
2022-10-04,rail_intercity,rail,2396
2022-10-05,rail_intercity,rail,2969
2022-10-06,rail_intercity,rail,4106
2022-10-07,rail_intercity,rail,5203
2022-10-08,rail_intercity,rail,6690
2022-10-09,rail_intercity,rail,7108
2022-10-10,rail_intercity,rail,4271
2022-10-11,rail_intercity,rail,2186
2022-10-12,rail_intercity,rail,2767
2022-10-13,rail_intercity,rail,3388
2022-10-14,rail_intercity,rail,4460
2022-10-15,rail_intercity,rail,5511
2022-10-16,rail_intercity,rail,4180
2022-10-17,rail_intercity,rail,2357
2022-10-18,rail_intercity,rail,2540
2022-10-19,rail_intercity,rail,2976
2022-10-20,rail_intercity,rail,4202
2022-10-21,rail_intercity,rail,6370
2022-10-22,rail_intercity,rail,6499
2022-10-23,rail_intercity,rail,6435
2022-10-24,rail_intercity,rail,7648
2022-10-25,rail_intercity,rail,5830
2022-10-26,rail_intercity,rail,3651
2022-10-27,rail_intercity,rail,4008
2022-10-28,rail_intercity,rail,4359
2022-10-29,rail_intercity,rail,6046
2022-10-30,rail_intercity,rail,3698
2022-10-31,rail_intercity,rail,1951
2022-11-01,rail_intercity,rail,1786
2022-11-02,rail_intercity,rail,1785
2022-11-03,rail_intercity,rail,3090
2022-11-04,rail_intercity,rail,4106
2022-11-05,rail_intercity,rail,5070
2022-11-06,rail_intercity,rail,3775
2022-11-07,rail_intercity,rail,1955
2022-11-08,rail_intercity,rail,1662
2022-11-09,rail_intercity,rail,2431
2022-11-10,rail_intercity,rail,3611
2022-11-11,rail_intercity,rail,4213
2022-11-12,rail_intercity,rail,5230
2022-11-13,rail_intercity,rail,4109
2022-11-14,rail_intercity,rail,2223
2022-11-15,rail_intercity,rail,2123
2022-11-16,rail_intercity,rail,3202
2022-11-17,rail_intercity,rail,4817
2022-11-18,rail_intercity,rail,6553
2022-11-19,rail_intercity,rail,3896
2022-11-20,rail_intercity,rail,6937
2022-11-21,rail_intercity,rail,3748
2022-11-22,rail_intercity,rail,2460
2022-11-23,rail_intercity,rail,2145
2022-11-24,rail_intercity,rail,3121
2022-11-25,rail_intercity,rail,3657
2022-11-26,rail_intercity,rail,5619
2022-11-27,rail_intercity,rail,4608
2022-11-28,rail_intercity,rail,4831
2022-11-29,rail_intercity,rail,1994
2022-11-30,rail_intercity,rail,1859
2022-12-01,rail_intercity,rail,3413
2022-12-02,rail_intercity,rail,3748
2022-12-03,rail_intercity,rail,5210
2022-12-04,rail_intercity,rail,4056
2022-12-05,rail_intercity,rail,2513
2022-12-06,rail_intercity,rail,2198
2022-12-07,rail_intercity,rail,2603
2022-12-08,rail_intercity,rail,3653
2022-12-09,rail_intercity,rail,5088
2022-12-10,rail_intercity,rail,5581
2022-12-11,rail_intercity,rail,5177
2022-12-12,rail_intercity,rail,4838
2022-12-13,rail_intercity,rail,4256
2022-12-14,rail_intercity,rail,3915
2022-12-15,rail_intercity,rail,4927
2022-12-16,rail_intercity,rail,4630
2022-12-17,rail_intercity,rail,5526
2022-12-18,rail_intercity,rail,5712
2022-12-19,rail_intercity,rail,3732
2022-12-20,rail_intercity,rail,3583
2022-12-21,rail_intercity,rail,3934
2022-12-22,rail_intercity,rail,4620
2022-12-23,rail_intercity,rail,5156
2022-12-24,rail_intercity,rail,5699
2022-12-25,rail_intercity,rail,6016
2022-12-26,rail_intercity,rail,6630
2022-12-27,rail_intercity,rail,5187
2022-12-28,rail_intercity,rail,5351
2022-12-29,rail_intercity,rail,5836
2022-12-30,rail_intercity,rail,6099
2022-12-31,rail_intercity,rail,5914
2023-01-01,rail_intercity,rail,3994
2023-01-02,rail_intercity,rail,4221
2023-01-03,rail_intercity,rail,1906
2023-01-04,rail_intercity,rail,1824
2023-01-05,rail_intercity,rail,2622
2023-01-06,rail_intercity,rail,3071
2023-01-07,rail_intercity,rail,4427
2023-01-08,rail_intercity,rail,3181
2023-01-09,rail_intercity,rail,1589
2023-01-10,rail_intercity,rail,1651
2023-01-11,rail_intercity,rail,1780
2023-01-12,rail_intercity,rail,2612
2023-01-13,rail_intercity,rail,2932
2023-01-14,rail_intercity,rail,4541
2023-01-15,rail_intercity,rail,3216
2023-01-16,rail_intercity,rail,1763
2023-01-17,rail_intercity,rail,1704
2023-01-18,rail_intercity,rail,2616
2023-01-19,rail_intercity,rail,4828
2023-01-20,rail_intercity,rail,5615
2023-01-21,rail_intercity,rail,6528
2023-01-22,rail_intercity,rail,7214
2023-01-23,rail_intercity,rail,7248
2023-01-24,rail_intercity,rail,6216
2023-01-25,rail_intercity,rail,4264
2023-01-26,rail_intercity,rail,4112
2023-01-27,rail_intercity,rail,4285
2023-01-28,rail_intercity,rail,5052
2023-01-29,rail_intercity,rail,4053
2023-01-30,rail_intercity,rail,2373
2023-01-31,rail_intercity,rail,2600
2023-02-01,rail_intercity,rail,2138
2023-02-02,rail_intercity,rail,3870
2023-02-03,rail_intercity,rail,4174
2023-02-04,rail_intercity,rail,5979
2023-02-05,rail_intercity,rail,4980
2023-02-06,rail_intercity,rail,2815
2023-02-07,rail_intercity,rail,2150
2023-02-08,rail_intercity,rail,2349
2023-02-09,rail_intercity,rail,3251
2023-02-10,rail_intercity,rail,4134
2023-02-11,rail_intercity,rail,5379
2023-02-12,rail_intercity,rail,4168
2023-02-13,rail_intercity,rail,2386
2023-02-14,rail_intercity,rail,2320
2023-02-15,rail_intercity,rail,2417
2023-02-16,rail_intercity,rail,3035
2023-02-17,rail_intercity,rail,4992
2023-02-18,rail_intercity,rail,5717
2023-02-19,rail_intercity,rail,5432
2023-02-20,rail_intercity,rail,3947
2023-02-21,rail_intercity,rail,4417
2023-02-22,rail_intercity,rail,3812
2023-02-23,rail_intercity,rail,4797
2023-02-24,rail_intercity,rail,5646
2023-02-25,rail_intercity,rail,6386
2023-02-26,rail_intercity,rail,5968
2023-02-27,rail_intercity,rail,4704
2023-02-28,rail_intercity,rail,4699
2023-03-01,rail_intercity,rail,4867
2023-03-02,rail_intercity,rail,4893
2023-03-03,rail_intercity,rail,5371
2023-03-04,rail_intercity,rail,6679
2023-03-05,rail_intercity,rail,5644
2023-03-06,rail_intercity,rail,4889
2023-03-07,rail_intercity,rail,4579
2023-03-08,rail_intercity,rail,5084
2023-03-09,rail_intercity,rail,4907
2023-03-10,rail_intercity,rail,6068
2023-03-11,rail_intercity,rail,6628
2023-03-12,rail_intercity,rail,6513
2023-03-13,rail_intercity,rail,5281
2023-03-14,rail_intercity,rail,5219
2023-03-15,rail_intercity,rail,4948
2023-03-16,rail_intercity,rail,4827
2023-03-17,rail_intercity,rail,5571
2023-03-18,rail_intercity,rail,5700
2023-03-19,rail_intercity,rail,3733
2023-03-20,rail_intercity,rail,2547
2023-03-21,rail_intercity,rail,2432
2023-03-22,rail_intercity,rail,2657
2023-03-23,rail_intercity,rail,3283
2023-03-24,rail_intercity,rail,2505
2023-03-25,rail_intercity,rail,2892
2023-03-26,rail_intercity,rail,3458
2023-03-27,rail_intercity,rail,1700
2023-03-28,rail_intercity,rail,1368
2023-03-29,rail_intercity,rail,1184
2023-03-30,rail_intercity,rail,2172
2023-03-31,rail_intercity,rail,2339
2023-04-01,rail_intercity,rail,2980
2023-04-02,rail_intercity,rail,2426
2023-04-03,rail_intercity,rail,1615
2023-04-04,rail_intercity,rail,1283
2023-04-05,rail_intercity,rail,1375
2023-04-06,rail_intercity,rail,3442
2023-04-07,rail_intercity,rail,2722
2023-04-08,rail_intercity,rail,2742
2023-04-09,rail_intercity,rail,3697
2023-04-10,rail_intercity,rail,1792
2023-04-11,rail_intercity,rail,1345
2023-04-12,rail_intercity,rail,1441
2023-04-13,rail_intercity,rail,2670
2023-04-14,rail_intercity,rail,3019
2023-04-15,rail_intercity,rail,2903
2023-04-16,rail_intercity,rail,2557
2023-04-17,rail_intercity,rail,2193
2023-04-18,rail_intercity,rail,3752
2023-04-19,rail_intercity,rail,4607
2023-04-20,rail_intercity,rail,5185
2023-04-21,rail_intercity,rail,3091
2023-04-22,rail_intercity,rail,2869
2023-04-23,rail_intercity,rail,4434
2023-04-24,rail_intercity,rail,5442
2023-04-25,rail_intercity,rail,5800
2023-04-26,rail_intercity,rail,5403
2023-04-27,rail_intercity,rail,5411
2023-04-28,rail_intercity,rail,5362
2023-04-29,rail_intercity,rail,5247
2023-04-30,rail_intercity,rail,5203
2023-05-01,rail_intercity,rail,6375
2023-05-02,rail_intercity,rail,2735
2023-05-03,rail_intercity,rail,3181
2023-05-04,rail_intercity,rail,4912
2023-05-05,rail_intercity,rail,3939
2023-05-06,rail_intercity,rail,4641
2023-05-07,rail_intercity,rail,3613
2023-05-08,rail_intercity,rail,2475
2023-05-09,rail_intercity,rail,1964
2023-05-10,rail_intercity,rail,2117
2023-05-11,rail_intercity,rail,2864
2023-05-12,rail_intercity,rail,4186
2023-05-13,rail_intercity,rail,4294
2023-05-14,rail_intercity,rail,3216
2023-05-15,rail_intercity,rail,2119
2023-05-16,rail_intercity,rail,1853
2023-05-17,rail_intercity,rail,1967
2023-05-18,rail_intercity,rail,2764
2023-05-19,rail_intercity,rail,4096
2023-05-20,rail_intercity,rail,4614
2023-05-21,rail_intercity,rail,3997
2023-05-22,rail_intercity,rail,2916
2023-05-23,rail_intercity,rail,1731
2023-05-24,rail_intercity,rail,1936
2023-05-25,rail_intercity,rail,3658
2023-05-26,rail_intercity,rail,6015
2023-05-27,rail_intercity,rail,6462
2023-05-28,rail_intercity,rail,6025
2023-05-29,rail_intercity,rail,5964
2023-05-30,rail_intercity,rail,5815
2023-05-31,rail_intercity,rail,5327
2023-06-01,rail_intercity,rail,5906
2023-06-02,rail_intercity,rail,6986
2023-06-03,rail_intercity,rail,6987
2023-06-04,rail_intercity,rail,5930
2023-06-05,rail_intercity,rail,6923
2023-06-06,rail_intercity,rail,2371
2023-06-07,rail_intercity,rail,2122
2023-06-08,rail_intercity,rail,2778
2023-06-09,rail_intercity,rail,4491
2023-06-10,rail_intercity,rail,5360
2023-06-11,rail_intercity,rail,3900
2023-06-12,rail_intercity,rail,2212
2023-06-13,rail_intercity,rail,1753
2023-06-14,rail_intercity,rail,2188
2023-06-15,rail_intercity,rail,2938
2023-06-16,rail_intercity,rail,4510
2023-06-17,rail_intercity,rail,5323
2023-06-18,rail_intercity,rail,3545
2023-06-19,rail_intercity,rail,2249
2023-06-20,rail_intercity,rail,2308
2023-06-21,rail_intercity,rail,1978
2023-06-22,rail_intercity,rail,3011
2023-06-23,rail_intercity,rail,4752
2023-06-24,rail_intercity,rail,5145
2023-06-25,rail_intercity,rail,3750
2023-06-26,rail_intercity,rail,2891
2023-06-27,rail_intercity,rail,5196
2023-06-28,rail_intercity,rail,5299
2023-06-29,rail_intercity,rail,3294
2023-06-30,rail_intercity,rail,5435
2023-07-01,rail_intercity,rail,6850
2023-07-02,rail_intercity,rail,5692
2023-07-03,rail_intercity,rail,3132
2023-07-04,rail_intercity,rail,2584
2023-07-05,rail_intercity,rail,2381
2023-07-06,rail_intercity,rail,3021
2023-07-07,rail_intercity,rail,5091
2023-07-08,rail_intercity,rail,5393
2023-07-09,rail_intercity,rail,3916
2023-07-10,rail_intercity,rail,2422
2023-07-11,rail_intercity,rail,2172
2023-07-12,rail_intercity,rail,2233
2023-07-13,rail_intercity,rail,3056
2023-07-14,rail_intercity,rail,4906
2023-07-15,rail_intercity,rail,6053
2023-07-16,rail_intercity,rail,4111
2023-07-17,rail_intercity,rail,2364
2023-07-18,rail_intercity,rail,2741
2023-07-19,rail_intercity,rail,4970
2023-07-20,rail_intercity,rail,3151
2023-07-21,rail_intercity,rail,4693
2023-07-22,rail_intercity,rail,5186
2023-07-23,rail_intercity,rail,4274
2023-07-24,rail_intercity,rail,2063
2023-07-25,rail_intercity,rail,2608
2023-07-26,rail_intercity,rail,2140
2023-07-27,rail_intercity,rail,3744
2023-07-28,rail_intercity,rail,4990
2023-07-29,rail_intercity,rail,5756
2023-07-30,rail_intercity,rail,4793
2023-07-31,rail_intercity,rail,2902
2023-08-01,rail_intercity,rail,1975
2023-08-02,rail_intercity,rail,2438
2023-08-03,rail_intercity,rail,3028
2023-08-04,rail_intercity,rail,4434
2023-08-05,rail_intercity,rail,5461
2023-08-06,rail_intercity,rail,4103
2023-08-07,rail_intercity,rail,2261
2023-08-08,rail_intercity,rail,2304
2023-08-09,rail_intercity,rail,2553
2023-08-10,rail_intercity,rail,3980
2023-08-11,rail_intercity,rail,4631
2023-08-12,rail_intercity,rail,5396
2023-08-13,rail_intercity,rail,5468
2023-08-14,rail_intercity,rail,2700
2023-08-15,rail_intercity,rail,2198
2023-08-16,rail_intercity,rail,2058
2023-08-17,rail_intercity,rail,3262
2023-08-18,rail_intercity,rail,4376
2023-08-19,rail_intercity,rail,5743
2023-08-20,rail_intercity,rail,3727
2023-08-21,rail_intercity,rail,2163
2023-08-22,rail_intercity,rail,2293
2023-08-23,rail_intercity,rail,3754
2023-08-24,rail_intercity,rail,4551
2023-08-25,rail_intercity,rail,5561
2023-08-26,rail_intercity,rail,6591
2023-08-27,rail_intercity,rail,6267
2023-08-28,rail_intercity,rail,6041
2023-08-29,rail_intercity,rail,6221
2023-08-30,rail_intercity,rail,6970
2023-08-31,rail_intercity,rail,7586
2023-09-01,rail_intercity,rail,7027
2023-09-02,rail_intercity,rail,7291
2023-09-03,rail_intercity,rail,5193
2023-09-04,rail_intercity,rail,2712
2023-09-05,rail_intercity,rail,2271
2023-09-06,rail_intercity,rail,2274
2023-09-07,rail_intercity,rail,3468
2023-09-08,rail_intercity,rail,5232
2023-09-09,rail_intercity,rail,5771
2023-09-10,rail_intercity,rail,4407
2023-09-11,rail_intercity,rail,2582
2023-09-12,rail_intercity,rail,2354
2023-09-13,rail_intercity,rail,2240
2023-09-14,rail_intercity,rail,4070
2023-09-15,rail_intercity,rail,5692
2023-09-16,rail_intercity,rail,6833
2023-09-17,rail_intercity,rail,5676
2023-09-18,rail_intercity,rail,2497
2023-09-19,rail_intercity,rail,2372
2023-09-20,rail_intercity,rail,2259
2023-09-21,rail_intercity,rail,3264
2023-09-22,rail_intercity,rail,4686
2023-09-23,rail_intercity,rail,5627
2023-09-24,rail_intercity,rail,4323
2023-09-25,rail_intercity,rail,2441
2023-09-26,rail_intercity,rail,2703
2023-09-27,rail_intercity,rail,4988
2023-09-28,rail_intercity,rail,6752
2023-09-29,rail_intercity,rail,6187
2023-09-30,rail_intercity,rail,6844
2023-10-01,rail_intercity,rail,6145
2023-10-02,rail_intercity,rail,2919
2023-10-03,rail_intercity,rail,2417
2023-10-04,rail_intercity,rail,2273
2023-10-05,rail_intercity,rail,3720
2023-10-06,rail_intercity,rail,5217
2023-10-07,rail_intercity,rail,6350
2023-10-08,rail_intercity,rail,5047
2023-10-09,rail_intercity,rail,2635
2023-10-10,rail_intercity,rail,2811
2023-10-11,rail_intercity,rail,2684
2023-10-12,rail_intercity,rail,4503
2023-10-13,rail_intercity,rail,5091
2023-10-14,rail_intercity,rail,6368
2023-10-15,rail_intercity,rail,4246
2023-10-16,rail_intercity,rail,2451
2023-10-17,rail_intercity,rail,2219
2023-10-18,rail_intercity,rail,2397
2023-10-19,rail_intercity,rail,3579
2023-10-20,rail_intercity,rail,4912
2023-10-21,rail_intercity,rail,6357
2023-10-22,rail_intercity,rail,4221
2023-10-23,rail_intercity,rail,2330
2023-10-24,rail_intercity,rail,2003
2023-10-25,rail_intercity,rail,2157
2023-10-26,rail_intercity,rail,5392
2023-10-27,rail_intercity,rail,5437
2023-10-28,rail_intercity,rail,6632
2023-10-29,rail_intercity,rail,4622
2023-10-30,rail_intercity,rail,2174
2023-10-31,rail_intercity,rail,1998
2023-11-01,rail_intercity,rail,2152
2023-11-02,rail_intercity,rail,3326
2023-11-03,rail_intercity,rail,5203
2023-11-04,rail_intercity,rail,6512
2023-11-05,rail_intercity,rail,4178
2023-11-06,rail_intercity,rail,2238
2023-11-07,rail_intercity,rail,2359
2023-11-08,rail_intercity,rail,2948
2023-11-09,rail_intercity,rail,5272
2023-11-10,rail_intercity,rail,7146
2023-11-11,rail_intercity,rail,7541
2023-11-12,rail_intercity,rail,7846
2023-11-13,rail_intercity,rail,7495
2023-11-14,rail_intercity,rail,4201
2023-11-15,rail_intercity,rail,2916
2023-11-16,rail_intercity,rail,4196
2023-11-17,rail_intercity,rail,5024
2023-11-18,rail_intercity,rail,6007
2023-11-19,rail_intercity,rail,4572
2023-11-20,rail_intercity,rail,2505
2023-11-21,rail_intercity,rail,2115
2023-11-22,rail_intercity,rail,2267
2023-11-23,rail_intercity,rail,3841
2023-11-24,rail_intercity,rail,4061
2023-11-25,rail_intercity,rail,5053
2023-11-26,rail_intercity,rail,4030
2023-11-27,rail_intercity,rail,2539
2023-11-28,rail_intercity,rail,2483
2023-11-29,rail_intercity,rail,2644
2023-11-30,rail_intercity,rail,3768
2023-12-01,rail_intercity,rail,4194
2023-12-02,rail_intercity,rail,5176
2023-12-03,rail_intercity,rail,4031
2023-12-04,rail_intercity,rail,2220
2023-12-05,rail_intercity,rail,2205
2023-12-06,rail_intercity,rail,2509
2023-12-07,rail_intercity,rail,3609
2023-12-08,rail_intercity,rail,4416
2023-12-09,rail_intercity,rail,5148
2023-12-10,rail_intercity,rail,4253
2023-12-11,rail_intercity,rail,3136
2023-12-12,rail_intercity,rail,2348
2023-12-13,rail_intercity,rail,2841
2023-12-14,rail_intercity,rail,4116
2023-12-15,rail_intercity,rail,4844
2023-12-16,rail_intercity,rail,5348
2023-12-17,rail_intercity,rail,5466
2023-12-18,rail_intercity,rail,5256
2023-12-19,rail_intercity,rail,4829
2023-12-20,rail_intercity,rail,5368
2023-12-21,rail_intercity,rail,6083
2023-12-22,rail_intercity,rail,6187
2023-12-23,rail_intercity,rail,6415
2023-12-24,rail_intercity,rail,6555
2023-12-25,rail_intercity,rail,6569
2023-12-26,rail_intercity,rail,5088
2023-12-27,rail_intercity,rail,4869
2023-12-28,rail_intercity,rail,5269
2023-12-29,rail_intercity,rail,5308
2023-12-30,rail_intercity,rail,5371
2023-12-31,rail_intercity,rail,5312
2024-01-01,rail_intercity,rail,5484
2024-01-02,rail_intercity,rail,2428
2024-01-03,rail_intercity,rail,1876
2024-01-04,rail_intercity,rail,2584
2024-01-05,rail_intercity,rail,3450
2024-01-06,rail_intercity,rail,4283
2024-01-07,rail_intercity,rail,3597
2024-01-08,rail_intercity,rail,1981
2024-01-09,rail_intercity,rail,1806
2024-01-10,rail_intercity,rail,1886
2024-01-11,rail_intercity,rail,2971
2024-01-12,rail_intercity,rail,3683
2024-01-13,rail_intercity,rail,4623
2024-01-14,rail_intercity,rail,3435
2024-01-15,rail_intercity,rail,2226
2024-01-16,rail_intercity,rail,1870
2024-01-17,rail_intercity,rail,2106
2024-01-18,rail_intercity,rail,3076
2024-01-19,rail_intercity,rail,3895
2024-01-20,rail_intercity,rail,4875
2024-01-21,rail_intercity,rail,3837
2024-01-22,rail_intercity,rail,2294
2024-01-23,rail_intercity,rail,2027
2024-01-24,rail_intercity,rail,3584
2024-01-25,rail_intercity,rail,4426
2024-01-26,rail_intercity,rail,4300
2024-01-27,rail_intercity,rail,5352
2024-01-28,rail_intercity,rail,4265
2024-01-29,rail_intercity,rail,2636
2024-01-30,rail_intercity,rail,2019
2024-01-31,rail_intercity,rail,2610
2024-02-01,rail_intercity,rail,3600
2024-02-02,rail_intercity,rail,3875
2024-02-03,rail_intercity,rail,4999
2024-02-04,rail_intercity,rail,4198
2024-02-05,rail_intercity,rail,2328
2024-02-06,rail_intercity,rail,2924
2024-02-07,rail_intercity,rail,3661
2024-02-08,rail_intercity,rail,5525
2024-02-09,rail_intercity,rail,6319
2024-02-10,rail_intercity,rail,7044
2024-02-11,rail_intercity,rail,6924
2024-02-12,rail_intercity,rail,7065
2024-02-13,rail_intercity,rail,5465
2024-02-14,rail_intercity,rail,5210
2024-02-15,rail_intercity,rail,5396
2024-02-16,rail_intercity,rail,5947
2024-02-17,rail_intercity,rail,6230
2024-02-18,rail_intercity,rail,5742
2024-02-19,rail_intercity,rail,4574
2024-02-20,rail_intercity,rail,4794
2024-02-21,rail_intercity,rail,4805
2024-02-22,rail_intercity,rail,5160
2024-02-23,rail_intercity,rail,6117
2024-02-24,rail_intercity,rail,6558
2024-02-25,rail_intercity,rail,6295
2024-02-26,rail_intercity,rail,5325
2024-02-27,rail_intercity,rail,4935
2024-02-28,rail_intercity,rail,5150
2024-02-29,rail_intercity,rail,5987
2024-03-01,rail_intercity,rail,6444
2024-03-02,rail_intercity,rail,6776
2024-03-03,rail_intercity,rail,6357
2024-03-04,rail_intercity,rail,4866
2024-03-05,rail_intercity,rail,4820
2024-03-06,rail_intercity,rail,4573
2024-03-07,rail_intercity,rail,5035
2024-03-08,rail_intercity,rail,5752
2024-03-09,rail_intercity,rail,5973
2024-03-10,rail_intercity,rail,4571
2024-03-11,rail_intercity,rail,2643
2024-03-12,rail_intercity,rail,2108
2024-03-13,rail_intercity,rail,1723
2024-03-14,rail_intercity,rail,2596
2024-03-15,rail_intercity,rail,2825
2024-03-16,rail_intercity,rail,3118
2024-03-17,rail_intercity,rail,3009
2024-03-18,rail_intercity,rail,1628
2024-03-19,rail_intercity,rail,1515
2024-03-20,rail_intercity,rail,1420
2024-03-21,rail_intercity,rail,2601
2024-03-22,rail_intercity,rail,2613
2024-03-23,rail_intercity,rail,2916
2024-03-24,rail_intercity,rail,2768
2024-03-25,rail_intercity,rail,1698
2024-03-26,rail_intercity,rail,1542
2024-03-27,rail_intercity,rail,2805
2024-03-28,rail_intercity,rail,2919
2024-03-29,rail_intercity,rail,2696
2024-03-30,rail_intercity,rail,3609
2024-03-31,rail_intercity,rail,3085
2024-04-01,rail_intercity,rail,2319
2024-04-02,rail_intercity,rail,1808
2024-04-03,rail_intercity,rail,1899
2024-04-04,rail_intercity,rail,3865
2024-04-05,rail_intercity,rail,4119
2024-04-06,rail_intercity,rail,4146
2024-04-07,rail_intercity,rail,4953
2024-04-08,rail_intercity,rail,4771
2024-04-09,rail_intercity,rail,4054
2024-04-10,rail_intercity,rail,3195
2024-04-11,rail_intercity,rail,5361
2024-04-12,rail_intercity,rail,5759
2024-04-13,rail_intercity,rail,6172
2024-04-14,rail_intercity,rail,6032
2024-04-15,rail_intercity,rail,3425
2024-04-16,rail_intercity,rail,2823
2024-04-17,rail_intercity,rail,2410
2024-04-18,rail_intercity,rail,3211
2024-04-19,rail_intercity,rail,3719
2024-04-20,rail_intercity,rail,4369
2024-04-21,rail_intercity,rail,3530
2024-04-22,rail_intercity,rail,2286
2024-04-23,rail_intercity,rail,2184
2024-04-24,rail_intercity,rail,2276
2024-04-25,rail_intercity,rail,3557
2024-04-26,rail_intercity,rail,4370
2024-04-27,rail_intercity,rail,4761
2024-04-28,rail_intercity,rail,3961
2024-04-29,rail_intercity,rail,2092
2024-04-30,rail_intercity,rail,3632
2024-05-01,rail_intercity,rail,5165
2024-05-02,rail_intercity,rail,3078
2024-05-03,rail_intercity,rail,4105
2024-05-04,rail_intercity,rail,4833
2024-05-05,rail_intercity,rail,3545
2024-05-06,rail_intercity,rail,2187
2024-05-07,rail_intercity,rail,1998
2024-05-08,rail_intercity,rail,2136
2024-05-09,rail_intercity,rail,3195
2024-05-10,rail_intercity,rail,4523
2024-05-11,rail_intercity,rail,5465
2024-05-12,rail_intercity,rail,4151
2024-05-13,rail_intercity,rail,2237
2024-05-14,rail_intercity,rail,1929
2024-05-15,rail_intercity,rail,2041
2024-05-16,rail_intercity,rail,2789
2024-05-17,rail_intercity,rail,4319
2024-05-18,rail_intercity,rail,5299
2024-05-19,rail_intercity,rail,3928
2024-05-20,rail_intercity,rail,2188
2024-05-21,rail_intercity,rail,2744
2024-05-22,rail_intercity,rail,5262
2024-05-23,rail_intercity,rail,4292
2024-05-24,rail_intercity,rail,5555
2024-05-25,rail_intercity,rail,6407
2024-05-26,rail_intercity,rail,6481
2024-05-27,rail_intercity,rail,5413
2024-05-28,rail_intercity,rail,5898
2024-05-29,rail_intercity,rail,5985
2024-05-30,rail_intercity,rail,6660
2024-05-31,rail_intercity,rail,6692
2024-06-01,rail_intercity,rail,7151
2024-06-02,rail_intercity,rail,7281
2024-06-03,rail_intercity,rail,7169
2024-06-04,rail_intercity,rail,2405
2024-06-05,rail_intercity,rail,2211
2024-06-06,rail_intercity,rail,2910
2024-06-07,rail_intercity,rail,4623
2024-06-08,rail_intercity,rail,5362
2024-06-09,rail_intercity,rail,3991
2024-06-10,rail_intercity,rail,2672
2024-06-11,rail_intercity,rail,2337
2024-06-12,rail_intercity,rail,2825
2024-06-13,rail_intercity,rail,4624
2024-06-14,rail_intercity,rail,6127
2024-06-15,rail_intercity,rail,6488
2024-06-16,rail_intercity,rail,5042
2024-06-17,rail_intercity,rail,4127
2024-06-18,rail_intercity,rail,5867
2024-06-19,rail_intercity,rail,4231
2024-06-20,rail_intercity,rail,3729
2024-06-21,rail_intercity,rail,4827
2024-06-22,rail_intercity,rail,5564
2024-06-23,rail_intercity,rail,4503
2024-06-24,rail_intercity,rail,2569
2024-06-25,rail_intercity,rail,2556
2024-06-26,rail_intercity,rail,2342
2024-06-27,rail_intercity,rail,3724
2024-06-28,rail_intercity,rail,5080
2024-06-29,rail_intercity,rail,5499
2024-06-30,rail_intercity,rail,4363
2024-07-01,rail_intercity,rail,2444
2024-07-02,rail_intercity,rail,2259
2024-07-03,rail_intercity,rail,2236
2024-07-04,rail_intercity,rail,3932
2024-07-05,rail_intercity,rail,5605
2024-07-06,rail_intercity,rail,7094
2024-07-07,rail_intercity,rail,6866
2024-07-08,rail_intercity,rail,4855
2024-07-09,rail_intercity,rail,2779
2024-07-10,rail_intercity,rail,2307
2024-07-11,rail_intercity,rail,3610
2024-07-12,rail_intercity,rail,4595
2024-07-13,rail_intercity,rail,5563
2024-07-14,rail_intercity,rail,4100
2024-07-15,rail_intercity,rail,2525
2024-07-16,rail_intercity,rail,2240
2024-07-17,rail_intercity,rail,2785
2024-07-18,rail_intercity,rail,3611
2024-07-19,rail_intercity,rail,5261
2024-07-20,rail_intercity,rail,5943
2024-07-21,rail_intercity,rail,4775
2024-07-22,rail_intercity,rail,2797
2024-07-23,rail_intercity,rail,2637
2024-07-24,rail_intercity,rail,2562
2024-07-25,rail_intercity,rail,3957
2024-07-26,rail_intercity,rail,4804
2024-07-27,rail_intercity,rail,5919
2024-07-28,rail_intercity,rail,4733
2024-07-29,rail_intercity,rail,2862
2024-07-30,rail_intercity,rail,3523
2024-07-31,rail_intercity,rail,2168
2024-08-01,rail_intercity,rail,4029
2024-08-02,rail_intercity,rail,4985
2024-08-03,rail_intercity,rail,6146
2024-08-04,rail_intercity,rail,4795
2024-08-05,rail_intercity,rail,2581
2024-08-06,rail_intercity,rail,2264
2024-08-07,rail_intercity,rail,2696
2024-08-08,rail_intercity,rail,4359
2024-08-09,rail_intercity,rail,5377
2024-08-10,rail_intercity,rail,6059
2024-08-11,rail_intercity,rail,5480
2024-08-12,rail_intercity,rail,3180
2024-08-13,rail_intercity,rail,2646
2024-08-14,rail_intercity,rail,2406
2024-08-15,rail_intercity,rail,4174
2024-08-16,rail_intercity,rail,5320
2024-08-17,rail_intercity,rail,5706
2024-08-18,rail_intercity,rail,4415
2024-08-19,rail_intercity,rail,2633
2024-08-20,rail_intercity,rail,2577
2024-08-21,rail_intercity,rail,2460
2024-08-22,rail_intercity,rail,3738
2024-08-23,rail_intercity,rail,5148
2024-08-24,rail_intercity,rail,6161
2024-08-25,rail_intercity,rail,5130
2024-08-26,rail_intercity,rail,2801
2024-08-27,rail_intercity,rail,2243
2024-08-28,rail_intercity,rail,2489
2024-08-29,rail_intercity,rail,4625
2024-08-30,rail_intercity,rail,5487
2024-08-31,rail_intercity,rail,6475
2024-09-01,rail_intercity,rail,5835
2024-09-02,rail_intercity,rail,2817
2024-09-03,rail_intercity,rail,2889
2024-09-04,rail_intercity,rail,2720
2024-09-05,rail_intercity,rail,3295
2024-09-06,rail_intercity,rail,5141
2024-09-07,rail_intercity,rail,5897
2024-09-08,rail_intercity,rail,5225
2024-09-09,rail_intercity,rail,2493
2024-09-10,rail_intercity,rail,2926
2024-09-11,rail_intercity,rail,3067
2024-09-12,rail_intercity,rail,4762
2024-09-13,rail_intercity,rail,5821
2024-09-14,rail_intercity,rail,6918
2024-09-15,rail_intercity,rail,7107
2024-09-16,rail_intercity,rail,7519
2024-09-17,rail_intercity,rail,6349
2024-09-18,rail_intercity,rail,6454
2024-09-19,rail_intercity,rail,6599
2024-09-20,rail_intercity,rail,6395
2024-09-21,rail_intercity,rail,6474
2024-09-22,rail_intercity,rail,4741
2024-09-23,rail_intercity,rail,2956
2024-09-24,rail_intercity,rail,2539
2024-09-25,rail_intercity,rail,2724
2024-09-26,rail_intercity,rail,4473
2024-09-27,rail_intercity,rail,5256
2024-09-28,rail_intercity,rail,6172
2024-09-29,rail_intercity,rail,5830
2024-09-30,rail_intercity,rail,4455
2024-10-01,rail_intercity,rail,2586
2024-10-02,rail_intercity,rail,2858
2024-10-03,rail_intercity,rail,3932
2024-10-04,rail_intercity,rail,4993
2024-10-05,rail_intercity,rail,6154
2024-10-06,rail_intercity,rail,4991
2024-10-07,rail_intercity,rail,2673
2024-10-08,rail_intercity,rail,2352
2024-10-09,rail_intercity,rail,2569
2024-10-10,rail_intercity,rail,4051
2024-10-11,rail_intercity,rail,5145
2024-10-12,rail_intercity,rail,6206
2024-10-13,rail_intercity,rail,4572
2024-10-14,rail_intercity,rail,2494
2024-10-15,rail_intercity,rail,2385
2024-10-16,rail_intercity,rail,2445
2024-10-17,rail_intercity,rail,4149
2024-10-18,rail_intercity,rail,4908
2024-10-19,rail_intercity,rail,6155
2024-10-20,rail_intercity,rail,4208
2024-10-21,rail_intercity,rail,2203
2024-10-22,rail_intercity,rail,2595
2024-10-23,rail_intercity,rail,2622
2024-10-24,rail_intercity,rail,3730
2024-10-25,rail_intercity,rail,5230
2024-10-26,rail_intercity,rail,6035
2024-10-27,rail_intercity,rail,4949
2024-10-28,rail_intercity,rail,3111
2024-10-29,rail_intercity,rail,4980
2024-10-30,rail_intercity,rail,6489
2024-10-31,rail_intercity,rail,7143
2024-11-01,rail_intercity,rail,6917
2024-11-02,rail_intercity,rail,7226
2024-11-03,rail_intercity,rail,5952
2024-11-04,rail_intercity,rail,2889
2024-11-05,rail_intercity,rail,2302
2024-11-06,rail_intercity,rail,2721
2024-11-07,rail_intercity,rail,4783
2024-11-08,rail_intercity,rail,4755
2024-11-09,rail_intercity,rail,6493
2024-11-10,rail_intercity,rail,4901
2024-11-11,rail_intercity,rail,2401
2024-11-12,rail_intercity,rail,2163
2024-11-13,rail_intercity,rail,2430
2024-11-14,rail_intercity,rail,4510
2024-11-15,rail_intercity,rail,5489
2024-11-16,rail_intercity,rail,6313
2024-11-17,rail_intercity,rail,4699
2024-11-18,rail_intercity,rail,2386
2024-11-19,rail_intercity,rail,2206
2024-11-20,rail_intercity,rail,2301
2024-11-21,rail_intercity,rail,4226
2024-11-22,rail_intercity,rail,4559
2024-11-23,rail_intercity,rail,5352
2024-11-24,rail_intercity,rail,4153
2024-11-25,rail_intercity,rail,2951
2024-11-26,rail_intercity,rail,2187
2024-11-27,rail_intercity,rail,2493
2024-11-28,rail_intercity,rail,2368
2024-11-29,rail_intercity,rail,2150
2024-11-30,rail_intercity,rail,3465
2024-12-01,rail_intercity,rail,2329
2024-12-02,rail_intercity,rail,1191
2024-12-03,rail_intercity,rail,1203
2024-12-04,rail_intercity,rail,1504
2024-12-05,rail_intercity,rail,2923
2024-12-06,rail_intercity,rail,3780
2024-12-07,rail_intercity,rail,4656
2024-12-08,rail_intercity,rail,3715
2024-12-09,rail_intercity,rail,2793
2024-12-10,rail_intercity,rail,2180
2024-12-11,rail_intercity,rail,2227
2024-12-12,rail_intercity,rail,3123
2024-12-13,rail_intercity,rail,4069
2024-12-14,rail_intercity,rail,3943
2024-12-15,rail_intercity,rail,3768
2024-12-16,rail_intercity,rail,3055
2024-12-17,rail_intercity,rail,2432
2024-12-18,rail_intercity,rail,2973
2024-12-19,rail_intercity,rail,4550
2024-12-20,rail_intercity,rail,5098
2024-12-21,rail_intercity,rail,5573
2024-12-22,rail_intercity,rail,5511
2024-12-23,rail_intercity,rail,5474
2024-12-24,rail_intercity,rail,5354
2024-12-25,rail_intercity,rail,6367
2024-12-26,rail_intercity,rail,6469
2024-12-27,rail_intercity,rail,5883
2024-12-28,rail_intercity,rail,6108
2024-12-29,rail_intercity,rail,4935
2024-12-30,rail_intercity,rail,2929
2024-12-31,rail_intercity,rail,2825
2025-01-01,rail_intercity,rail,3400
2025-01-02,rail_intercity,rail,2784
2025-01-03,rail_intercity,rail,3282
2025-01-04,rail_intercity,rail,4925
2025-01-05,rail_intercity,rail,4346
2025-01-06,rail_intercity,rail,2865
2025-01-07,rail_intercity,rail,2331
2025-01-08,rail_intercity,rail,2334
2025-01-09,rail_intercity,rail,3143
2025-01-10,rail_intercity,rail,3675
2025-01-11,rail_intercity,rail,4441
2025-01-12,rail_intercity,rail,4588
2025-01-13,rail_intercity,rail,2226
2025-01-14,rail_intercity,rail,2264
2025-01-15,rail_intercity,rail,2248
2025-01-16,rail_intercity,rail,3448
2025-01-17,rail_intercity,rail,4182
2025-01-18,rail_intercity,rail,5352
2025-01-19,rail_intercity,rail,5152
2025-01-20,rail_intercity,rail,3891
2025-01-21,rail_intercity,rail,3684
2025-01-22,rail_intercity,rail,4354
2025-01-23,rail_intercity,rail,5098
2025-01-24,rail_intercity,rail,5081
2025-01-25,rail_intercity,rail,5811
2025-01-26,rail_intercity,rail,5835
2025-01-27,rail_intercity,rail,5541
2025-01-28,rail_intercity,rail,6507
2025-01-29,rail_intercity,rail,6745
2025-01-30,rail_intercity,rail,7363
2025-01-31,rail_intercity,rail,6537
2025-02-01,rail_intercity,rail,6559
2025-02-02,rail_intercity,rail,6603
2025-02-03,rail_intercity,rail,4811
2025-02-04,rail_intercity,rail,4597
2025-02-05,rail_intercity,rail,4790
2025-02-06,rail_intercity,rail,5234
2025-02-07,rail_intercity,rail,6051
2025-02-08,rail_intercity,rail,6307
2025-02-09,rail_intercity,rail,6067
2025-02-10,rail_intercity,rail,5058
2025-02-11,rail_intercity,rail,4923
2025-02-12,rail_intercity,rail,4524
2025-02-13,rail_intercity,rail,4483
2025-02-14,rail_intercity,rail,5085
2025-02-15,rail_intercity,rail,5059
2025-02-16,rail_intercity,rail,3969
2025-02-17,rail_intercity,rail,2643
2025-02-18,rail_intercity,rail,2171
2025-02-19,rail_intercity,rail,2308
2025-02-20,rail_intercity,rail,2983
2025-02-21,rail_intercity,rail,4183
2025-02-22,rail_intercity,rail,4617
2025-02-23,rail_intercity,rail,4407
2025-02-24,rail_intercity,rail,2442
2025-02-25,rail_intercity,rail,2263
2025-02-26,rail_intercity,rail,2329
2025-02-27,rail_intercity,rail,3206
2025-02-28,rail_intercity,rail,4398
2025-03-01,rail_intercity,rail,3755
2025-03-02,rail_intercity,rail,2810
2025-03-03,rail_intercity,rail,2441
2025-03-04,rail_intercity,rail,1671
2025-03-05,rail_intercity,rail,1520
2025-03-06,rail_intercity,rail,2500
2025-03-07,rail_intercity,rail,2876
2025-03-08,rail_intercity,rail,3010
2025-03-09,rail_intercity,rail,3072
2025-03-10,rail_intercity,rail,1830
2025-03-11,rail_intercity,rail,1404
2025-03-12,rail_intercity,rail,1372
2025-03-13,rail_intercity,rail,2590
2025-03-14,rail_intercity,rail,2998
2025-03-15,rail_intercity,rail,3333
2025-03-16,rail_intercity,rail,3234
2025-03-17,rail_intercity,rail,2069
2025-03-18,rail_intercity,rail,2048
2025-03-19,rail_intercity,rail,1647
2025-03-20,rail_intercity,rail,2775
2025-03-21,rail_intercity,rail,3025
2025-03-22,rail_intercity,rail,3611
2025-03-23,rail_intercity,rail,2887
2025-03-24,rail_intercity,rail,2924
2025-03-25,rail_intercity,rail,2092
2025-03-26,rail_intercity,rail,2570
2025-03-27,rail_intercity,rail,4901
2025-03-28,rail_intercity,rail,5444
2025-03-29,rail_intercity,rail,5270
2025-03-30,rail_intercity,rail,4417
2025-03-31,rail_intercity,rail,3237
2025-04-01,rail_intercity,rail,4879
2025-04-02,rail_intercity,rail,5191
2025-04-03,rail_intercity,rail,5853
2025-04-04,rail_intercity,rail,6132
2025-04-05,rail_intercity,rail,6107
2025-04-06,rail_intercity,rail,5001
2025-04-07,rail_intercity,rail,2979
2025-04-08,rail_intercity,rail,2705
2025-04-09,rail_intercity,rail,2264
2025-04-10,rail_intercity,rail,2995
2025-04-11,rail_intercity,rail,3943
2025-04-12,rail_intercity,rail,4166
2025-04-13,rail_intercity,rail,3797
2025-04-14,rail_intercity,rail,2690
2025-04-15,rail_intercity,rail,2064
2025-04-16,rail_intercity,rail,2000
2025-04-17,rail_intercity,rail,3520
2025-04-18,rail_intercity,rail,4298
2025-04-19,rail_intercity,rail,4614
2025-04-20,rail_intercity,rail,4190
2025-04-21,rail_intercity,rail,2512
2025-04-22,rail_intercity,rail,1910
2025-04-23,rail_intercity,rail,2239
2025-04-24,rail_intercity,rail,2954
2025-04-25,rail_intercity,rail,4251
2025-04-26,rail_intercity,rail,4993
2025-04-27,rail_intercity,rail,3822
2025-04-28,rail_intercity,rail,2772
2025-04-29,rail_intercity,rail,2498
2025-04-30,rail_intercity,rail,4801
2025-05-01,rail_intercity,rail,5935
2025-05-02,rail_intercity,rail,4846
2025-05-03,rail_intercity,rail,5747
2025-05-04,rail_intercity,rail,4813
2025-05-05,rail_intercity,rail,2580
2025-05-06,rail_intercity,rail,2282
2025-05-07,rail_intercity,rail,2454
2025-05-08,rail_intercity,rail,3381
2025-05-09,rail_intercity,rail,5366
2025-05-10,rail_intercity,rail,5756
2025-05-11,rail_intercity,rail,5429
2025-05-12,rail_intercity,rail,5697
2025-05-13,rail_intercity,rail,2443
2025-05-14,rail_intercity,rail,2055
2025-05-15,rail_intercity,rail,2888
2025-05-16,rail_intercity,rail,4047
2025-05-17,rail_intercity,rail,4629
2025-05-18,rail_intercity,rail,3843
2025-05-19,rail_intercity,rail,2330
2025-05-20,rail_intercity,rail,1898
2025-05-21,rail_intercity,rail,2038
2025-05-22,rail_intercity,rail,4284
2025-05-23,rail_intercity,rail,4214
2025-05-24,rail_intercity,rail,5011
2025-05-25,rail_intercity,rail,4101
2025-05-26,rail_intercity,rail,2361
2025-05-27,rail_intercity,rail,2436
2025-05-28,rail_intercity,rail,3328
2025-05-29,rail_intercity,rail,5027
2025-05-30,rail_intercity,rail,5560
2025-05-31,rail_intercity,rail,6471
2025-06-01,rail_intercity,rail,6738
2025-06-02,rail_intercity,rail,6986
2025-06-03,rail_intercity,rail,5962
2025-06-04,rail_intercity,rail,5964
2025-06-05,rail_intercity,rail,6366
2025-06-06,rail_intercity,rail,5777
2025-06-07,rail_intercity,rail,3950
2025-06-08,rail_intercity,rail,6633
2025-06-09,rail_intercity,rail,6216
2025-06-10,rail_intercity,rail,3461
2025-06-11,rail_intercity,rail,2880
2025-06-12,rail_intercity,rail,3372
2025-06-13,rail_intercity,rail,4368
2025-06-14,rail_intercity,rail,4774
2025-06-15,rail_intercity,rail,4169
2025-06-16,rail_intercity,rail,2477
2025-06-17,rail_intercity,rail,2366
2025-06-18,rail_intercity,rail,2433
2025-06-19,rail_intercity,rail,3453
2025-06-20,rail_intercity,rail,4735
2025-06-21,rail_intercity,rail,5120
2025-06-22,rail_intercity,rail,4743
2025-06-23,rail_intercity,rail,2568
2025-06-24,rail_intercity,rail,2121
2025-06-25,rail_intercity,rail,2999
2025-06-26,rail_intercity,rail,4702
2025-06-27,rail_intercity,rail,6059
2025-06-28,rail_intercity,rail,5911
2025-06-29,rail_intercity,rail,5259
2025-06-30,rail_intercity,rail,3040
2025-07-01,rail_intercity,rail,2053
2025-07-02,rail_intercity,rail,2286
2025-07-03,rail_intercity,rail,3398
2025-07-04,rail_intercity,rail,4477
2025-07-05,rail_intercity,rail,5347
2025-07-06,rail_intercity,rail,4369
2025-07-07,rail_intercity,rail,2515
2025-07-08,rail_intercity,rail,2632
2025-07-09,rail_intercity,rail,2522
2025-07-10,rail_intercity,rail,3582
2025-07-11,rail_intercity,rail,4816
2025-07-12,rail_intercity,rail,5735
2025-07-13,rail_intercity,rail,4633
2025-07-14,rail_intercity,rail,2454
2025-07-15,rail_intercity,rail,2199
2025-07-16,rail_intercity,rail,2573
2025-07-17,rail_intercity,rail,3881
2025-07-18,rail_intercity,rail,5094
2025-07-19,rail_intercity,rail,5965
2025-07-20,rail_intercity,rail,4907
2025-07-21,rail_intercity,rail,2656
2025-07-22,rail_intercity,rail,2554
2025-07-23,rail_intercity,rail,2464
2025-07-24,rail_intercity,rail,4216
2025-07-25,rail_intercity,rail,5755
2025-07-26,rail_intercity,rail,6236
2025-07-27,rail_intercity,rail,4722
2025-07-28,rail_intercity,rail,2587
2025-07-29,rail_intercity,rail,2671
2025-07-30,rail_intercity,rail,2996
2025-07-31,rail_intercity,rail,4003
2025-08-01,rail_intercity,rail,4697
2025-08-02,rail_intercity,rail,5934
2025-08-03,rail_intercity,rail,4713
2025-08-04,rail_intercity,rail,2553
2025-08-05,rail_intercity,rail,2434
2025-08-06,rail_intercity,rail,2941
2025-08-07,rail_intercity,rail,3983
2025-08-08,rail_intercity,rail,4833
2025-08-09,rail_intercity,rail,5824
2025-08-10,rail_intercity,rail,4648
2025-08-11,rail_intercity,rail,2833
2025-08-12,rail_intercity,rail,2441
2025-08-13,rail_intercity,rail,2395
2025-08-14,rail_intercity,rail,3810
2025-08-15,rail_intercity,rail,5263
2025-08-16,rail_intercity,rail,5833
2025-08-17,rail_intercity,rail,4419
2025-08-18,rail_intercity,rail,3154
2025-08-19,rail_intercity,rail,2414
2025-08-20,rail_intercity,rail,2515
2025-08-21,rail_intercity,rail,3793
2025-08-22,rail_intercity,rail,4681
2025-08-23,rail_intercity,rail,5542
2025-08-24,rail_intercity,rail,4455
2025-08-25,rail_intercity,rail,2903
2025-08-26,rail_intercity,rail,2115
2025-08-27,rail_intercity,rail,2895
2025-08-28,rail_intercity,rail,3921
2025-08-29,rail_intercity,rail,5410
2025-08-30,rail_intercity,rail,6048
2025-08-31,rail_intercity,rail,6477
2025-09-01,rail_intercity,rail,5371
2025-09-02,rail_intercity,rail,2331
2025-09-03,rail_intercity,rail,2345
2025-09-04,rail_intercity,rail,4176
2025-09-05,rail_intercity,rail,5633
2025-09-06,rail_intercity,rail,5767
2025-09-07,rail_intercity,rail,4736
2025-09-08,rail_intercity,rail,2801
2025-09-09,rail_intercity,rail,2735
2025-09-10,rail_intercity,rail,2989
2025-09-11,rail_intercity,rail,4434
2025-09-12,rail_intercity,rail,6086
2025-09-13,rail_intercity,rail,7294
2025-09-14,rail_intercity,rail,7049
2025-09-15,rail_intercity,rail,7954
2025-09-16,rail_intercity,rail,7374
2025-09-17,rail_intercity,rail,6614
2025-09-18,rail_intercity,rail,6515
2025-09-19,rail_intercity,rail,6355
2025-09-20,rail_intercity,rail,6399
2025-09-21,rail_intercity,rail,5175
2025-09-22,rail_intercity,rail,2607
2025-09-23,rail_intercity,rail,2497
2025-09-24,rail_intercity,rail,2802
2025-09-25,rail_intercity,rail,4240
2025-09-26,rail_intercity,rail,4705
2025-09-27,rail_intercity,rail,5642
2025-09-28,rail_intercity,rail,6210
2025-09-29,rail_intercity,rail,4025
2025-09-30,rail_intercity,rail,3971
2025-10-01,rail_intercity,rail,2453
2025-10-02,rail_intercity,rail,3532
2025-10-03,rail_intercity,rail,4620
2025-10-04,rail_intercity,rail,6005
2025-10-05,rail_intercity,rail,5247
2025-10-06,rail_intercity,rail,3143
2025-10-07,rail_intercity,rail,2831
2025-10-08,rail_intercity,rail,2611
2025-10-09,rail_intercity,rail,3727
2025-10-10,rail_intercity,rail,5008
2025-10-11,rail_intercity,rail,5620
2025-10-12,rail_intercity,rail,4963
2025-10-13,rail_intercity,rail,2866
2025-10-14,rail_intercity,rail,2467
2025-10-15,rail_intercity,rail,2681
2025-10-16,rail_intercity,rail,4329
2025-10-17,rail_intercity,rail,6076
2025-10-18,rail_intercity,rail,6649
2025-10-19,rail_intercity,rail,6716
2025-10-20,rail_intercity,rail,7330
2025-10-21,rail_intercity,rail,6046
2025-10-22,rail_intercity,rail,4381
2025-10-23,rail_intercity,rail,3648
2025-10-24,rail_intercity,rail,5082
2025-10-25,rail_intercity,rail,5627
2025-10-26,rail_intercity,rail,4788
2025-10-27,rail_intercity,rail,3012
2025-10-28,rail_intercity,rail,2756
2025-10-29,rail_intercity,rail,2281
2025-10-30,rail_intercity,rail,4181
2025-10-31,rail_intercity,rail,4374
2025-11-01,rail_intercity,rail,5613
2025-11-02,rail_intercity,rail,4576
2025-11-03,rail_intercity,rail,2476
2025-11-04,rail_intercity,rail,2333
2025-11-05,rail_intercity,rail,2441
2025-11-06,rail_intercity,rail,3938
2025-11-07,rail_intercity,rail,5096
2025-11-08,rail_intercity,rail,5808
2025-11-09,rail_intercity,rail,5000
2025-11-10,rail_intercity,rail,2759
2025-11-11,rail_intercity,rail,2385
2025-11-12,rail_intercity,rail,2495
2025-11-13,rail_intercity,rail,3860
2025-11-14,rail_intercity,rail,5370
2025-11-15,rail_intercity,rail,5479
2025-11-16,rail_intercity,rail,4519
2025-11-17,rail_intercity,rail,2675
2025-11-18,rail_intercity,rail,2363
2025-11-19,rail_intercity,rail,2435
2025-11-20,rail_intercity,rail,3810
2025-11-21,rail_intercity,rail,4761
2025-11-22,rail_intercity,rail,6061
2025-11-23,rail_intercity,rail,5280
2025-11-24,rail_intercity,rail,2740
2025-11-25,rail_intercity,rail,2293
2025-11-26,rail_intercity,rail,2420
2025-11-27,rail_intercity,rail,3391
2025-11-28,rail_intercity,rail,3764
2025-11-29,rail_intercity,rail,4796
2025-11-30,rail_intercity,rail,4394
2025-12-01,rail_intercity,rail,2822
2025-12-02,rail_intercity,rail,2278
2025-12-03,rail_intercity,rail,2494
2025-12-04,rail_intercity,rail,3241
2025-12-05,rail_intercity,rail,3852
2025-12-06,rail_intercity,rail,4833
2025-12-07,rail_intercity,rail,4908
2025-12-08,rail_intercity,rail,2674
2025-12-09,rail_intercity,rail,2659
2025-12-10,rail_intercity,rail,2443
2025-12-11,rail_intercity,rail,3845
2025-12-12,rail_intercity,rail,3624
2025-12-13,rail_intercity,rail,4796
2025-12-14,rail_intercity,rail,4340
2025-12-15,rail_intercity,rail,2839
2025-12-16,rail_intercity,rail,2609
2025-12-17,rail_intercity,rail,2800
2025-12-18,rail_intercity,rail,3824
2025-12-19,rail_intercity,rail,4640
2025-12-20,rail_intercity,rail,4836
2025-12-21,rail_intercity,rail,4882
2025-12-22,rail_intercity,rail,4240
2025-12-23,rail_intercity,rail,4829
2025-12-24,rail_intercity,rail,5604
2025-12-25,rail_intercity,rail,6230
2025-12-26,rail_intercity,rail,5493
2025-12-27,rail_intercity,rail,5992
2025-12-28,rail_intercity,rail,5874
2025-12-29,rail_intercity,rail,5033
2025-12-30,rail_intercity,rail,5172
2025-12-31,rail_intercity,rail,5392
2026-01-01,rail_intercity,rail,4512
2026-01-02,rail_intercity,rail,3796
2026-01-03,rail_intercity,rail,4772
2026-01-04,rail_intercity,rail,4336
2026-01-05,rail_intercity,rail,3376
2026-01-06,rail_intercity,rail,3059
2026-01-07,rail_intercity,rail,3287
2026-01-08,rail_intercity,rail,3067
2026-01-09,rail_intercity,rail,3614
2026-01-10,rail_intercity,rail,3544
2026-01-11,rail_intercity,rail,2983
2026-01-12,rail_intercity,rail,1543
2026-01-13,rail_intercity,rail,1416
2026-01-14,rail_intercity,rail,1384
2026-01-15,rail_intercity,rail,1980
2026-01-16,rail_intercity,rail,2602
2026-01-17,rail_intercity,rail,3272
2026-01-18,rail_intercity,rail,2930
2026-01-19,rail_intercity,rail,1418
2026-01-20,rail_intercity,rail,1551
2026-01-21,rail_intercity,rail,1332
2026-01-22,rail_intercity,rail,2351
2026-01-23,rail_intercity,rail,3156
2026-01-24,rail_intercity,rail,4266
2026-01-25,rail_intercity,rail,3199
2026-01-26,rail_intercity,rail,1368
2026-01-27,rail_intercity,rail,1319
2026-01-28,rail_intercity,rail,1501
2026-01-29,rail_intercity,rail,2361
2026-01-30,rail_intercity,rail,3478
2026-01-31,rail_intercity,rail,3900
2026-02-01,rail_intercity,rail,3199
2026-02-02,rail_intercity,rail,2578
2026-02-03,rail_intercity,rail,1386
2026-02-04,rail_intercity,rail,1457
2026-02-05,rail_intercity,rail,2594
2026-02-06,rail_intercity,rail,3282
2026-02-07,rail_intercity,rail,4052
2026-02-08,rail_intercity,rail,3691
2026-02-09,rail_intercity,rail,1732
2026-02-10,rail_intercity,rail,1715
2026-02-11,rail_intercity,rail,1952
2026-02-12,rail_intercity,rail,3010
2026-02-13,rail_intercity,rail,4443
2026-02-14,rail_intercity,rail,4900
2026-02-15,rail_intercity,rail,4594
2026-02-16,rail_intercity,rail,5080
2026-02-17,rail_intercity,rail,5588
2026-02-18,rail_intercity,rail,4311
2026-02-19,rail_intercity,rail,2056
2026-02-20,rail_intercity,rail,2610
2026-02-21,rail_intercity,rail,3382
2026-02-22,rail_intercity,rail,2760
2026-02-23,rail_intercity,rail,1482
2026-02-24,rail_intercity,rail,1058
2026-02-25,rail_intercity,rail,1152
2026-02-26,rail_intercity,rail,1904
2026-02-27,rail_intercity,rail,1678
2026-02-28,rail_intercity,rail,1748
2026-03-01,rail_intercity,rail,1752
2026-03-02,rail_intercity,rail,1041
2026-03-03,rail_intercity,rail,954
2026-03-04,rail_intercity,rail,967
2026-03-05,rail_intercity,rail,2080
2026-03-06,rail_intercity,rail,2261
2026-03-07,rail_intercity,rail,1739
2026-03-08,rail_intercity,rail,2772
2026-03-09,rail_intercity,rail,1337
2026-03-10,rail_intercity,rail,1118
2026-03-11,rail_intercity,rail,1142
2026-03-12,rail_intercity,rail,2019
2026-03-13,rail_intercity,rail,2183
2026-03-14,rail_intercity,rail,2349
2026-03-15,rail_intercity,rail,2036
2026-03-16,rail_intercity,rail,1768
2026-03-17,rail_intercity,rail,3636
2026-03-18,rail_intercity,rail,4649
2026-03-19,rail_intercity,rail,4078
2026-03-20,rail_intercity,rail,2433
2026-03-21,rail_intercity,rail,2325
2026-03-22,rail_intercity,rail,4181
2026-03-23,rail_intercity,rail,4886
2026-03-24,rail_intercity,rail,4097
2026-03-25,rail_intercity,rail,4241
2026-03-26,rail_intercity,rail,4206
2026-03-27,rail_intercity,rail,4355
2026-03-28,rail_intercity,rail,4467
2026-03-29,rail_intercity,rail,3347
2026-03-30,rail_intercity,rail,2139
2026-03-31,rail_intercity,rail,1572
2026-04-01,rail_intercity,rail,1872
2026-04-02,rail_intercity,rail,2657
2026-04-03,rail_intercity,rail,2642
2026-04-04,rail_intercity,rail,3322
2026-04-05,rail_intercity,rail,2646
2026-04-06,rail_intercity,rail,1744
2026-04-07,rail_intercity,rail,1713
2026-04-08,rail_intercity,rail,1712
2026-04-09,rail_intercity,rail,2463
2026-04-10,rail_intercity,rail,3697
2026-04-11,rail_intercity,rail,3159
2026-04-12,rail_intercity,rail,2742
2026-04-13,rail_intercity,rail,1853
2026-04-14,rail_intercity,rail,1376
2026-04-15,rail_intercity,rail,1301
2026-04-16,rail_intercity,rail,2320
2026-04-17,rail_intercity,rail,3237
2026-04-18,rail_intercity,rail,3480
2026-04-19,rail_intercity,rail,3185
2026-04-20,rail_intercity,rail,1685
2026-04-21,rail_intercity,rail,1843
2026-04-22,rail_intercity,rail,1742
2026-04-23,rail_intercity,rail,2926
2026-04-24,rail_intercity,rail,3709
2026-04-25,rail_intercity,rail,4032
2026-04-26,rail_intercity,rail,3572
2026-04-27,rail_intercity,rail,1728
2026-04-28,rail_intercity,rail,1894
2026-04-29,rail_intercity,rail,2340
2026-04-30,rail_intercity,rail,4279
2026-05-01,rail_intercity,rail,4789
2026-05-02,rail_intercity,rail,4380
2026-05-03,rail_intercity,rail,4293
2026-05-04,rail_intercity,rail,2176
2026-05-05,rail_intercity,rail,1826
2026-05-06,rail_intercity,rail,1689
2026-05-07,rail_intercity,rail,2940
2026-05-08,rail_intercity,rail,3750
2026-05-09,rail_intercity,rail,3893
2026-05-10,rail_intercity,rail,3119
2026-05-11,rail_intercity,rail,1555
2026-05-12,rail_intercity,rail,1441
2026-05-13,rail_intercity,rail,1468
2026-05-14,rail_intercity,rail,2112
2026-05-15,rail_intercity,rail,3519
2026-05-16,rail_intercity,rail,4182
2026-05-17,rail_intercity,rail,3022
2026-05-18,rail_intercity,rail,1852
2026-05-19,rail_intercity,rail,1949
2026-05-20,rail_intercity,rail,2049
2026-05-21,rail_intercity,rail,3362
2026-05-22,rail_intercity,rail,4261
2026-05-23,rail_intercity,rail,4248
2026-05-24,rail_intercity,rail,4620
2026-05-25,rail_intercity,rail,4530
2026-05-26,rail_intercity,rail,3929
2026-05-27,rail_intercity,rail,2493
2026-05-28,rail_intercity,rail,4014
2026-05-29,rail_intercity,rail,5234
2026-05-30,rail_intercity,rail,5308
2026-05-31,rail_intercity,rail,5870
2026-06-01,rail_intercity,rail,6008
2026-06-02,rail_intercity,rail,4770
2026-06-03,rail_intercity,rail,4890
2026-06-04,rail_intercity,rail,4682
2026-06-05,rail_intercity,rail,4603
2026-06-06,rail_intercity,rail,4281
2026-06-07,rail_intercity,rail,3744
2026-06-08,rail_intercity,rail,1823
2026-06-09,rail_intercity,rail,1693
2026-06-10,rail_intercity,rail,1893
2026-06-11,rail_intercity,rail,2771
2026-06-12,rail_intercity,rail,3728
2026-06-13,rail_intercity,rail,4126
2026-06-14,rail_intercity,rail,3540
2026-06-15,rail_intercity,rail,1958
2026-06-16,rail_intercity,rail,2075
2026-06-17,rail_intercity,rail,4018
2026-06-18,rail_intercity,rail,3009
2026-06-19,rail_intercity,rail,3744
2026-06-20,rail_intercity,rail,4262
2026-06-21,rail_intercity,rail,3247
2026-06-22,rail_intercity,rail,1875
2026-06-23,rail_intercity,rail,1798
2026-06-24,rail_intercity,rail,1755
2026-06-25,rail_intercity,rail,3108
2026-06-26,rail_intercity,rail,3807
2026-06-27,rail_intercity,rail,3895
2026-06-28,rail_intercity,rail,3636
2026-06-29,rail_intercity,rail,1965
2026-06-30,rail_intercity,rail,1927
2026-07-01,rail_intercity,rail,1857
2026-07-02,rail_intercity,rail,2762
2026-07-03,rail_intercity,rail,3806
2026-07-04,rail_intercity,rail,4367
2026-07-05,rail_intercity,rail,3230
2026-07-06,rail_intercity,rail,2054
2026-07-07,rail_intercity,rail,1815
2026-07-08,rail_intercity,rail,2319
2026-07-09,rail_intercity,rail,2902
2026-07-10,rail_intercity,rail,4398
2026-07-11,rail_intercity,rail,4232
2026-07-12,rail_intercity,rail,3805
2026-07-13,rail_intercity,rail,1925
2026-07-14,rail_intercity,rail,1498
2026-07-15,rail_intercity,rail,2093
2026-07-16,rail_intercity,rail,2753
2026-07-17,rail_intercity,rail,3746
2026-07-18,rail_intercity,rail,4493
2026-07-19,rail_intercity,rail,3396
2026-07-20,rail_intercity,rail,1782
2026-07-21,rail_intercity,rail,1911
2026-07-22,rail_intercity,rail,2211
2026-07-23,rail_intercity,rail,2614
2026-07-24,rail_intercity,rail,4139
2026-07-25,rail_intercity,rail,4213
2026-07-26,rail_intercity,rail,3394
2026-07-27,rail_intercity,rail,2011
2026-07-28,rail_intercity,rail,1854
2026-07-29,rail_intercity,rail,2111
2026-07-30,rail_intercity,rail,3754
2026-07-31,rail_intercity,rail,4923
2023-09-10,rail_komuter,rail,14090
2023-09-11,rail_komuter,rail,3289
2023-09-12,rail_komuter,rail,2979
2023-09-13,rail_komuter,rail,3235
2023-09-14,rail_komuter,rail,3751
2023-09-15,rail_komuter,rail,4884
2023-09-16,rail_komuter,rail,6210
2023-09-17,rail_komuter,rail,4497
2023-09-18,rail_komuter,rail,4366
2023-09-19,rail_komuter,rail,3923
2023-09-20,rail_komuter,rail,4399
2023-09-21,rail_komuter,rail,4537
2023-09-22,rail_komuter,rail,5037
2023-09-23,rail_komuter,rail,4502
2023-09-24,rail_komuter,rail,4719
2023-09-25,rail_komuter,rail,4890
2023-09-26,rail_komuter,rail,4962
2023-09-27,rail_komuter,rail,6082
2023-09-28,rail_komuter,rail,5066
2023-09-29,rail_komuter,rail,6490
2023-09-30,rail_komuter,rail,5976
2023-10-01,rail_komuter,rail,18262
2023-10-02,rail_komuter,rail,25561
2023-10-03,rail_komuter,rail,27267
2023-10-04,rail_komuter,rail,28452
2023-10-05,rail_komuter,rail,30035
2023-10-06,rail_komuter,rail,33455
2023-10-07,rail_komuter,rail,25285
2023-10-08,rail_komuter,rail,26369
2023-10-09,rail_komuter,rail,36828
2023-10-10,rail_komuter,rail,36856
2023-10-11,rail_komuter,rail,37317
2023-10-12,rail_komuter,rail,37895
2023-10-13,rail_komuter,rail,44988
2023-10-14,rail_komuter,rail,24921
2023-10-15,rail_komuter,rail,24758
2023-10-16,rail_komuter,rail,36733
2023-10-17,rail_komuter,rail,38776
2023-10-18,rail_komuter,rail,37769
2023-10-19,rail_komuter,rail,37661
2023-10-20,rail_komuter,rail,41922
2023-10-21,rail_komuter,rail,24058
2023-10-22,rail_komuter,rail,25665
2023-10-23,rail_komuter,rail,36749
2023-10-24,rail_komuter,rail,37037
2023-10-25,rail_komuter,rail,37270
2023-10-26,rail_komuter,rail,38168
2023-10-27,rail_komuter,rail,43381
2023-10-28,rail_komuter,rail,27274
2023-10-29,rail_komuter,rail,25195
2023-10-30,rail_komuter,rail,36646
2023-10-31,rail_komuter,rail,36121
2023-11-01,rail_komuter,rail,36856
2023-11-02,rail_komuter,rail,37921
2023-11-03,rail_komuter,rail,41594
2023-11-04,rail_komuter,rail,25570
2023-11-05,rail_komuter,rail,24153
2023-11-06,rail_komuter,rail,36545
2023-11-07,rail_komuter,rail,37343
2023-11-08,rail_komuter,rail,38477
2023-11-09,rail_komuter,rail,43229
2023-11-10,rail_komuter,rail,53486
2023-11-11,rail_komuter,rail,32896
2023-11-12,rail_komuter,rail,36503
2023-11-13,rail_komuter,rail,32718
2023-11-14,rail_komuter,rail,38163
2023-11-15,rail_komuter,rail,36907
2023-11-16,rail_komuter,rail,35585
2023-11-17,rail_komuter,rail,37663
2023-11-18,rail_komuter,rail,23774
2023-11-19,rail_komuter,rail,26195
2023-11-20,rail_komuter,rail,36882
2023-11-21,rail_komuter,rail,37537
2023-11-22,rail_komuter,rail,37553
2023-11-23,rail_komuter,rail,39279
2023-11-24,rail_komuter,rail,43242
2023-11-25,rail_komuter,rail,26814
2023-11-26,rail_komuter,rail,25762
2023-11-27,rail_komuter,rail,37635
2023-11-28,rail_komuter,rail,37531
2023-11-29,rail_komuter,rail,36747
2023-11-30,rail_komuter,rail,37149
2023-12-01,rail_komuter,rail,40889
2023-12-02,rail_komuter,rail,27262
2023-12-03,rail_komuter,rail,26823
2023-12-04,rail_komuter,rail,36828
2023-12-05,rail_komuter,rail,36220
2023-12-06,rail_komuter,rail,36564
2023-12-07,rail_komuter,rail,38344
2023-12-08,rail_komuter,rail,43076
2023-12-09,rail_komuter,rail,27802
2023-12-10,rail_komuter,rail,27875
2023-12-11,rail_komuter,rail,36401
2023-12-12,rail_komuter,rail,35918
2023-12-13,rail_komuter,rail,32801
2023-12-14,rail_komuter,rail,34868
2023-12-15,rail_komuter,rail,37314
2023-12-16,rail_komuter,rail,24661
2023-12-17,rail_komuter,rail,25232
2023-12-18,rail_komuter,rail,36118
2023-12-19,rail_komuter,rail,35344
2023-12-20,rail_komuter,rail,37250
2023-12-21,rail_komuter,rail,38097
2023-12-22,rail_komuter,rail,41332
2023-12-23,rail_komuter,rail,29573
2023-12-24,rail_komuter,rail,29439
2023-12-25,rail_komuter,rail,27572
2023-12-26,rail_komuter,rail,33355
2023-12-27,rail_komuter,rail,33196
2023-12-28,rail_komuter,rail,33260
2023-12-29,rail_komuter,rail,35202
2023-12-30,rail_komuter,rail,27081
2023-12-31,rail_komuter,rail,29350
2024-01-01,rail_komuter,rail,34988
2024-01-02,rail_komuter,rail,36078
2024-01-03,rail_komuter,rail,34433
2024-01-04,rail_komuter,rail,33851
2024-01-05,rail_komuter,rail,35228
2024-01-06,rail_komuter,rail,20458
2024-01-07,rail_komuter,rail,20445
2024-01-08,rail_komuter,rail,35114
2024-01-09,rail_komuter,rail,35024
2024-01-10,rail_komuter,rail,35044
2024-01-11,rail_komuter,rail,35674
2024-01-12,rail_komuter,rail,39453
2024-01-13,rail_komuter,rail,22522
2024-01-14,rail_komuter,rail,22453
2024-01-15,rail_komuter,rail,35750
2024-01-16,rail_komuter,rail,37858
2024-01-17,rail_komuter,rail,36039
2024-01-18,rail_komuter,rail,36258
2024-01-19,rail_komuter,rail,38650
2024-01-20,rail_komuter,rail,24982
2024-01-21,rail_komuter,rail,23963
2024-01-22,rail_komuter,rail,37809
2024-01-23,rail_komuter,rail,41494
2024-01-24,rail_komuter,rail,75203
2024-01-25,rail_komuter,rail,87676
2024-01-26,rail_komuter,rail,43024
2024-01-27,rail_komuter,rail,26720
2024-01-28,rail_komuter,rail,26961
2024-01-29,rail_komuter,rail,37343
2024-01-30,rail_komuter,rail,37177
2024-01-31,rail_komuter,rail,37312
2024-02-01,rail_komuter,rail,24528
2024-02-02,rail_komuter,rail,37243
2024-02-03,rail_komuter,rail,25916
2024-02-04,rail_komuter,rail,25383
2024-02-05,rail_komuter,rail,37371
2024-02-06,rail_komuter,rail,37917
2024-02-07,rail_komuter,rail,42587
2024-02-08,rail_komuter,rail,42291
2024-02-09,rail_komuter,rail,40791
2024-02-10,rail_komuter,rail,42316
2024-02-11,rail_komuter,rail,41047
2024-02-12,rail_komuter,rail,33700
2024-02-13,rail_komuter,rail,36502
2024-02-14,rail_komuter,rail,36154
2024-02-15,rail_komuter,rail,36251
2024-02-16,rail_komuter,rail,35149
2024-02-17,rail_komuter,rail,22221
2024-02-18,rail_komuter,rail,21918
2024-02-19,rail_komuter,rail,36426
2024-02-20,rail_komuter,rail,37926
2024-02-21,rail_komuter,rail,37940
2024-02-22,rail_komuter,rail,38098
2024-02-23,rail_komuter,rail,39386
2024-02-24,rail_komuter,rail,23670
2024-02-25,rail_komuter,rail,24088
2024-02-26,rail_komuter,rail,36826
2024-02-27,rail_komuter,rail,37064
2024-02-28,rail_komuter,rail,37905
2024-02-29,rail_komuter,rail,38573
2024-03-01,rail_komuter,rail,41041
2024-03-02,rail_komuter,rail,27472
2024-03-03,rail_komuter,rail,26841
2024-03-04,rail_komuter,rail,39106
2024-03-05,rail_komuter,rail,38955
2024-03-06,rail_komuter,rail,40035
2024-03-07,rail_komuter,rail,40181
2024-03-08,rail_komuter,rail,41371
2024-03-09,rail_komuter,rail,26489
2024-03-10,rail_komuter,rail,28332
2024-03-11,rail_komuter,rail,37004
2024-03-12,rail_komuter,rail,33486
2024-03-13,rail_komuter,rail,34623
2024-03-14,rail_komuter,rail,36408
2024-03-15,rail_komuter,rail,38566
2024-03-16,rail_komuter,rail,19529
2024-03-17,rail_komuter,rail,19311
2024-03-18,rail_komuter,rail,34857
2024-03-19,rail_komuter,rail,34219
2024-03-20,rail_komuter,rail,34153
2024-03-21,rail_komuter,rail,34085
2024-03-22,rail_komuter,rail,39440
2024-03-23,rail_komuter,rail,19227
2024-03-24,rail_komuter,rail,20600
2024-03-25,rail_komuter,rail,34594
2024-03-26,rail_komuter,rail,34383
2024-03-27,rail_komuter,rail,36155
2024-03-28,rail_komuter,rail,18698
2024-03-29,rail_komuter,rail,35378
2024-03-30,rail_komuter,rail,21794
2024-03-31,rail_komuter,rail,20319
2024-04-01,rail_komuter,rail,34659
2024-04-02,rail_komuter,rail,34672
2024-04-03,rail_komuter,rail,35893
2024-04-04,rail_komuter,rail,36598
2024-04-05,rail_komuter,rail,40197
2024-04-06,rail_komuter,rail,22455
2024-04-07,rail_komuter,rail,20043
2024-04-08,rail_komuter,rail,29330
2024-04-09,rail_komuter,rail,29376
2024-04-10,rail_komuter,rail,36527
2024-04-11,rail_komuter,rail,40924
2024-04-12,rail_komuter,rail,30960
2024-04-13,rail_komuter,rail,23925
2024-04-14,rail_komuter,rail,27623
2024-04-15,rail_komuter,rail,34804
2024-04-16,rail_komuter,rail,36220
2024-04-17,rail_komuter,rail,35694
2024-04-18,rail_komuter,rail,36941
2024-04-19,rail_komuter,rail,39803
2024-04-20,rail_komuter,rail,24505
2024-04-21,rail_komuter,rail,25411
2024-04-22,rail_komuter,rail,35791
2024-04-23,rail_komuter,rail,34845
2024-04-24,rail_komuter,rail,34595
2024-04-25,rail_komuter,rail,35981
2024-04-26,rail_komuter,rail,41253
2024-04-27,rail_komuter,rail,27535
2024-04-28,rail_komuter,rail,25912
2024-04-29,rail_komuter,rail,36506
2024-04-30,rail_komuter,rail,36874
2024-05-01,rail_komuter,rail,25261
2024-05-02,rail_komuter,rail,37180
2024-05-03,rail_komuter,rail,40174
2024-05-04,rail_komuter,rail,26807
2024-05-05,rail_komuter,rail,26645
2024-05-06,rail_komuter,rail,36384
2024-05-07,rail_komuter,rail,36179
2024-05-08,rail_komuter,rail,36008
2024-05-09,rail_komuter,rail,36321
2024-05-10,rail_komuter,rail,41117
2024-05-11,rail_komuter,rail,26162
2024-05-12,rail_komuter,rail,27025
2024-05-13,rail_komuter,rail,36130
2024-05-14,rail_komuter,rail,35236
2024-05-15,rail_komuter,rail,35323
2024-05-16,rail_komuter,rail,35551
2024-05-17,rail_komuter,rail,37370
2024-05-18,rail_komuter,rail,23769
2024-05-19,rail_komuter,rail,24413
2024-05-20,rail_komuter,rail,35095
2024-05-21,rail_komuter,rail,35923
2024-05-22,rail_komuter,rail,20620
2024-05-23,rail_komuter,rail,37121
2024-05-24,rail_komuter,rail,41567
2024-05-25,rail_komuter,rail,30648
2024-05-26,rail_komuter,rail,29347
2024-05-27,rail_komuter,rail,39589
2024-05-28,rail_komuter,rail,40144
2024-05-29,rail_komuter,rail,42924
2024-05-30,rail_komuter,rail,42957
2024-05-31,rail_komuter,rail,41565
2024-06-01,rail_komuter,rail,35761
2024-06-02,rail_komuter,rail,32746
2024-06-03,rail_komuter,rail,28463
2024-06-04,rail_komuter,rail,37473
2024-06-05,rail_komuter,rail,34822
2024-06-06,rail_komuter,rail,33736
2024-06-07,rail_komuter,rail,35309
2024-06-08,rail_komuter,rail,23991
2024-06-09,rail_komuter,rail,24642
2024-06-10,rail_komuter,rail,35125
2024-06-11,rail_komuter,rail,35114
2024-06-12,rail_komuter,rail,36534
2024-06-13,rail_komuter,rail,39719
2024-06-14,rail_komuter,rail,46039
2024-06-15,rail_komuter,rail,29940
2024-06-16,rail_komuter,rail,28151
2024-06-17,rail_komuter,rail,32155
2024-06-18,rail_komuter,rail,41650
2024-06-19,rail_komuter,rail,38775
2024-06-20,rail_komuter,rail,35464
2024-06-21,rail_komuter,rail,35417
2024-06-22,rail_komuter,rail,23276
2024-06-23,rail_komuter,rail,24169
2024-06-24,rail_komuter,rail,34459
2024-06-25,rail_komuter,rail,34558
2024-06-26,rail_komuter,rail,34703
2024-06-27,rail_komuter,rail,34975
2024-06-28,rail_komuter,rail,36016
2024-06-29,rail_komuter,rail,24978
2024-06-30,rail_komuter,rail,24205
2024-07-01,rail_komuter,rail,35332
2024-07-02,rail_komuter,rail,35327
2024-07-03,rail_komuter,rail,35601
2024-07-04,rail_komuter,rail,36225
2024-07-05,rail_komuter,rail,43327
2024-07-06,rail_komuter,rail,29916
2024-07-07,rail_komuter,rail,28447
2024-07-08,rail_komuter,rail,26568
2024-07-09,rail_komuter,rail,37839
2024-07-10,rail_komuter,rail,36612
2024-07-11,rail_komuter,rail,36971
2024-07-12,rail_komuter,rail,37194
2024-07-13,rail_komuter,rail,26261
2024-07-14,rail_komuter,rail,26194
2024-07-15,rail_komuter,rail,36153
2024-07-16,rail_komuter,rail,36540
2024-07-17,rail_komuter,rail,36372
2024-07-18,rail_komuter,rail,35545
2024-07-19,rail_komuter,rail,37244
2024-07-20,rail_komuter,rail,25282
2024-07-21,rail_komuter,rail,22770
2024-07-22,rail_komuter,rail,35421
2024-07-23,rail_komuter,rail,35182
2024-07-24,rail_komuter,rail,34667
2024-07-25,rail_komuter,rail,35021
2024-07-26,rail_komuter,rail,37808
2024-07-27,rail_komuter,rail,25084
2024-07-28,rail_komuter,rail,24195
2024-07-29,rail_komuter,rail,34981
2024-07-30,rail_komuter,rail,35081
2024-07-31,rail_komuter,rail,35178
2024-08-01,rail_komuter,rail,35905
2024-08-02,rail_komuter,rail,38141
2024-08-03,rail_komuter,rail,25463
2024-08-04,rail_komuter,rail,24803
2024-08-05,rail_komuter,rail,35650
2024-08-06,rail_komuter,rail,35423
2024-08-07,rail_komuter,rail,35801
2024-08-08,rail_komuter,rail,36776
2024-08-09,rail_komuter,rail,39065
2024-08-10,rail_komuter,rail,26184
2024-08-11,rail_komuter,rail,24757
2024-08-12,rail_komuter,rail,37079
2024-08-13,rail_komuter,rail,35702
2024-08-14,rail_komuter,rail,35578
2024-08-15,rail_komuter,rail,35132
2024-08-16,rail_komuter,rail,37572
2024-08-17,rail_komuter,rail,24493
2024-08-18,rail_komuter,rail,23912
2024-08-19,rail_komuter,rail,34633
2024-08-20,rail_komuter,rail,34288
2024-08-21,rail_komuter,rail,34442
2024-08-22,rail_komuter,rail,33709
2024-08-23,rail_komuter,rail,36567
2024-08-24,rail_komuter,rail,24160
2024-08-25,rail_komuter,rail,23124
2024-08-26,rail_komuter,rail,33975
2024-08-27,rail_komuter,rail,33358
2024-08-28,rail_komuter,rail,33500
2024-08-29,rail_komuter,rail,33830
2024-08-30,rail_komuter,rail,39751
2024-08-31,rail_komuter,rail,29795
2024-09-01,rail_komuter,rail,25319
2024-09-02,rail_komuter,rail,34078
2024-09-03,rail_komuter,rail,34201
2024-09-04,rail_komuter,rail,33992
2024-09-05,rail_komuter,rail,33678
2024-09-06,rail_komuter,rail,35649
2024-09-07,rail_komuter,rail,23273
2024-09-08,rail_komuter,rail,24171
2024-09-09,rail_komuter,rail,34756
2024-09-10,rail_komuter,rail,34384
2024-09-11,rail_komuter,rail,34657
2024-09-12,rail_komuter,rail,35577
2024-09-13,rail_komuter,rail,42637
2024-09-14,rail_komuter,rail,31136
2024-09-15,rail_komuter,rail,29446
2024-09-16,rail_komuter,rail,29856
2024-09-17,rail_komuter,rail,28518
2024-09-18,rail_komuter,rail,38463
2024-09-19,rail_komuter,rail,37280
2024-09-20,rail_komuter,rail,35939
2024-09-21,rail_komuter,rail,22993
2024-09-22,rail_komuter,rail,22611
2024-09-23,rail_komuter,rail,33720
2024-09-24,rail_komuter,rail,34215
2024-09-25,rail_komuter,rail,34631
2024-09-26,rail_komuter,rail,34757
2024-09-27,rail_komuter,rail,36407
2024-09-28,rail_komuter,rail,23748
2024-09-29,rail_komuter,rail,22269
2024-09-30,rail_komuter,rail,34155
2024-10-01,rail_komuter,rail,34761
2024-10-02,rail_komuter,rail,35562
2024-10-03,rail_komuter,rail,36383
2024-10-04,rail_komuter,rail,40793
2024-10-05,rail_komuter,rail,27236
2024-10-06,rail_komuter,rail,27368
2024-10-07,rail_komuter,rail,35321
2024-10-08,rail_komuter,rail,35635
2024-10-09,rail_komuter,rail,35027
2024-10-10,rail_komuter,rail,35995
2024-10-11,rail_komuter,rail,40408
2024-10-12,rail_komuter,rail,26953
2024-10-13,rail_komuter,rail,27148
2024-10-14,rail_komuter,rail,35225
2024-10-15,rail_komuter,rail,33057
2024-10-16,rail_komuter,rail,34836
2024-10-17,rail_komuter,rail,36142
2024-10-18,rail_komuter,rail,40012
2024-10-19,rail_komuter,rail,25024
2024-10-20,rail_komuter,rail,23976
2024-10-21,rail_komuter,rail,33908
2024-10-22,rail_komuter,rail,33533
2024-10-23,rail_komuter,rail,33765
2024-10-24,rail_komuter,rail,34339
2024-10-25,rail_komuter,rail,36794
2024-10-26,rail_komuter,rail,25018
2024-10-27,rail_komuter,rail,24796
2024-10-28,rail_komuter,rail,34366
2024-10-29,rail_komuter,rail,38326
2024-10-30,rail_komuter,rail,41762
2024-10-31,rail_komuter,rail,34286
2024-11-01,rail_komuter,rail,32498
2024-11-02,rail_komuter,rail,26696
2024-11-03,rail_komuter,rail,34197
2024-11-04,rail_komuter,rail,34114
2024-11-05,rail_komuter,rail,34655
2024-11-06,rail_komuter,rail,33141
2024-11-07,rail_komuter,rail,34334
2024-11-08,rail_komuter,rail,37061
2024-11-09,rail_komuter,rail,25376
2024-11-10,rail_komuter,rail,24627
2024-11-11,rail_komuter,rail,34679
2024-11-12,rail_komuter,rail,33208
2024-11-13,rail_komuter,rail,34022
2024-11-14,rail_komuter,rail,37508
2024-11-15,rail_komuter,rail,40896
2024-11-16,rail_komuter,rail,25873
2024-11-17,rail_komuter,rail,23945
2024-11-18,rail_komuter,rail,34327
2024-11-19,rail_komuter,rail,33800
2024-11-20,rail_komuter,rail,35905
2024-11-21,rail_komuter,rail,35181
2024-11-22,rail_komuter,rail,39810
2024-11-23,rail_komuter,rail,26226
2024-11-24,rail_komuter,rail,25845
2024-11-25,rail_komuter,rail,35918
2024-11-26,rail_komuter,rail,35248
2024-11-27,rail_komuter,rail,35382
2024-11-28,rail_komuter,rail,36383
2024-11-29,rail_komuter,rail,39887
2024-11-30,rail_komuter,rail,27800
2024-12-01,rail_komuter,rail,25501
2024-12-02,rail_komuter,rail,35063
2024-12-03,rail_komuter,rail,34454
2024-12-04,rail_komuter,rail,37918
2024-12-05,rail_komuter,rail,34940
2024-12-06,rail_komuter,rail,37045
2024-12-07,rail_komuter,rail,26507
2024-12-08,rail_komuter,rail,27402
2024-12-09,rail_komuter,rail,35299
2024-12-10,rail_komuter,rail,35071
2024-12-11,rail_komuter,rail,33322
2024-12-12,rail_komuter,rail,34310
2024-12-13,rail_komuter,rail,35244
2024-12-14,rail_komuter,rail,24253
2024-12-15,rail_komuter,rail,22896
2024-12-16,rail_komuter,rail,35090
2024-12-17,rail_komuter,rail,33447
2024-12-18,rail_komuter,rail,34263
2024-12-19,rail_komuter,rail,35459
2024-12-20,rail_komuter,rail,41385
2024-12-21,rail_komuter,rail,28849
2024-12-22,rail_komuter,rail,27031
2024-12-23,rail_komuter,rail,36101
2024-12-24,rail_komuter,rail,35414
2024-12-25,rail_komuter,rail,26343
2024-12-26,rail_komuter,rail,32935
2024-12-27,rail_komuter,rail,33111
2024-12-28,rail_komuter,rail,25074
2024-12-29,rail_komuter,rail,25685
2024-12-30,rail_komuter,rail,31477
2024-12-31,rail_komuter,rail,34476
2025-01-01,rail_komuter,rail,31969
2025-01-02,rail_komuter,rail,33463
2025-01-03,rail_komuter,rail,33436
2025-01-04,rail_komuter,rail,20173
2025-01-05,rail_komuter,rail,20334
2025-01-06,rail_komuter,rail,33743
2025-01-07,rail_komuter,rail,32423
2025-01-08,rail_komuter,rail,33513
2025-01-09,rail_komuter,rail,34460
2025-01-10,rail_komuter,rail,36280
2025-01-11,rail_komuter,rail,22722
2025-01-12,rail_komuter,rail,22942
2025-01-13,rail_komuter,rail,34487
2025-01-14,rail_komuter,rail,33911
2025-01-15,rail_komuter,rail,33897
2025-01-16,rail_komuter,rail,34334
2025-01-17,rail_komuter,rail,37414
2025-01-18,rail_komuter,rail,23694
2025-01-19,rail_komuter,rail,22712
2025-01-20,rail_komuter,rail,31924
2025-01-21,rail_komuter,rail,31378
2025-01-22,rail_komuter,rail,31744
2025-01-23,rail_komuter,rail,32690
2025-01-24,rail_komuter,rail,35686
2025-01-25,rail_komuter,rail,21512
2025-01-26,rail_komuter,rail,19577
2025-01-27,rail_komuter,rail,32655
2025-01-28,rail_komuter,rail,33527
2025-01-29,rail_komuter,rail,35107
2025-01-30,rail_komuter,rail,29419
2025-01-31,rail_komuter,rail,27128
2025-02-01,rail_komuter,rail,21452
2025-02-02,rail_komuter,rail,23781
2025-02-03,rail_komuter,rail,31372
2025-02-04,rail_komuter,rail,31168
2025-02-05,rail_komuter,rail,31375
2025-02-06,rail_komuter,rail,32412
2025-02-07,rail_komuter,rail,33270
2025-02-08,rail_komuter,rail,25528
2025-02-09,rail_komuter,rail,33451
2025-02-10,rail_komuter,rail,77124
2025-02-11,rail_komuter,rail,92398
2025-02-12,rail_komuter,rail,41181
2025-02-13,rail_komuter,rail,34267
2025-02-14,rail_komuter,rail,35927
2025-02-15,rail_komuter,rail,25658
2025-02-16,rail_komuter,rail,23846
2025-02-17,rail_komuter,rail,30229
2025-02-18,rail_komuter,rail,30510
2025-02-19,rail_komuter,rail,31691
2025-02-20,rail_komuter,rail,31535
2025-02-21,rail_komuter,rail,31960
2025-02-22,rail_komuter,rail,20733
2025-02-23,rail_komuter,rail,20119
2025-02-24,rail_komuter,rail,30404
2025-02-25,rail_komuter,rail,29985
2025-02-26,rail_komuter,rail,29340
2025-02-27,rail_komuter,rail,30709
2025-02-28,rail_komuter,rail,34954
2025-03-01,rail_komuter,rail,19039
2025-03-02,rail_komuter,rail,15293
2025-03-03,rail_komuter,rail,28664
2025-03-04,rail_komuter,rail,28189
2025-03-05,rail_komuter,rail,28106
2025-03-06,rail_komuter,rail,28020
2025-03-07,rail_komuter,rail,31660
2025-03-08,rail_komuter,rail,14080
2025-03-09,rail_komuter,rail,15691
2025-03-10,rail_komuter,rail,27966
2025-03-11,rail_komuter,rail,27554
2025-03-12,rail_komuter,rail,25976
2025-03-13,rail_komuter,rail,27025
2025-03-14,rail_komuter,rail,34598
2025-03-15,rail_komuter,rail,16752
2025-03-16,rail_komuter,rail,16199
2025-03-17,rail_komuter,rail,26186
2025-03-18,rail_komuter,rail,13671
2025-03-19,rail_komuter,rail,28303
2025-03-20,rail_komuter,rail,28195
2025-03-21,rail_komuter,rail,29768
2025-03-22,rail_komuter,rail,16534
2025-03-23,rail_komuter,rail,14820
2025-03-24,rail_komuter,rail,27836
2025-03-25,rail_komuter,rail,28080
2025-03-26,rail_komuter,rail,28769
2025-03-27,rail_komuter,rail,27875
2025-03-28,rail_komuter,rail,30057
2025-03-29,rail_komuter,rail,19132
2025-03-30,rail_komuter,rail,18366
2025-03-31,rail_komuter,rail,24968
2025-04-01,rail_komuter,rail,25373
2025-04-02,rail_komuter,rail,24365
2025-04-03,rail_komuter,rail,21937
2025-04-04,rail_komuter,rail,22804
2025-04-05,rail_komuter,rail,18638
2025-04-06,rail_komuter,rail,22518
2025-04-07,rail_komuter,rail,29882
2025-04-08,rail_komuter,rail,30186
2025-04-09,rail_komuter,rail,30050
2025-04-10,rail_komuter,rail,30563
2025-04-11,rail_komuter,rail,32841
2025-04-12,rail_komuter,rail,20979
2025-04-13,rail_komuter,rail,21518
2025-04-14,rail_komuter,rail,29927
2025-04-15,rail_komuter,rail,29935
2025-04-16,rail_komuter,rail,30300
2025-04-17,rail_komuter,rail,30656
2025-04-18,rail_komuter,rail,34983
2025-04-19,rail_komuter,rail,22840
2025-04-20,rail_komuter,rail,22455
2025-04-21,rail_komuter,rail,28209
2025-04-22,rail_komuter,rail,28584
2025-04-23,rail_komuter,rail,28199
2025-04-24,rail_komuter,rail,29391
2025-04-25,rail_komuter,rail,34007
2025-04-26,rail_komuter,rail,21246
2025-04-27,rail_komuter,rail,20743
2025-04-28,rail_komuter,rail,30151
2025-04-29,rail_komuter,rail,29445
2025-04-30,rail_komuter,rail,34575
2025-05-01,rail_komuter,rail,23050
2025-05-02,rail_komuter,rail,30916
2025-05-03,rail_komuter,rail,21852
2025-05-04,rail_komuter,rail,21138
2025-05-05,rail_komuter,rail,30884
2025-05-06,rail_komuter,rail,30031
2025-05-07,rail_komuter,rail,29821
2025-05-08,rail_komuter,rail,30639
2025-05-09,rail_komuter,rail,35671
2025-05-10,rail_komuter,rail,21846
2025-05-11,rail_komuter,rail,21517
2025-05-12,rail_komuter,rail,22131
2025-05-13,rail_komuter,rail,30862
2025-05-14,rail_komuter,rail,29142
2025-05-15,rail_komuter,rail,28800
2025-05-16,rail_komuter,rail,29352
2025-05-17,rail_komuter,rail,16755
2025-05-18,rail_komuter,rail,17102
2025-05-19,rail_komuter,rail,28705
2025-05-20,rail_komuter,rail,29359
2025-05-21,rail_komuter,rail,28656
2025-05-22,rail_komuter,rail,29776
2025-05-23,rail_komuter,rail,32058
2025-05-24,rail_komuter,rail,22545
2025-05-25,rail_komuter,rail,21224
2025-05-26,rail_komuter,rail,27665
2025-05-27,rail_komuter,rail,26925
2025-05-28,rail_komuter,rail,30194
2025-05-29,rail_komuter,rail,36565
2025-05-30,rail_komuter,rail,38203
2025-05-31,rail_komuter,rail,26589
2025-06-01,rail_komuter,rail,19933
2025-06-02,rail_komuter,rail,19770
2025-06-03,rail_komuter,rail,30302
2025-06-04,rail_komuter,rail,33036
2025-06-05,rail_komuter,rail,33732
2025-06-06,rail_komuter,rail,30614
2025-06-07,rail_komuter,rail,20529
2025-06-08,rail_komuter,rail,26216
2025-06-09,rail_komuter,rail,31238
2025-06-10,rail_komuter,rail,29710
2025-06-11,rail_komuter,rail,29636
2025-06-12,rail_komuter,rail,28709
2025-06-13,rail_komuter,rail,28980
2025-06-14,rail_komuter,rail,17140
2025-06-15,rail_komuter,rail,17117
2025-06-16,rail_komuter,rail,28501
2025-06-17,rail_komuter,rail,29337
2025-06-18,rail_komuter,rail,28634
2025-06-19,rail_komuter,rail,29090
2025-06-20,rail_komuter,rail,29423
2025-06-21,rail_komuter,rail,17312
2025-06-22,rail_komuter,rail,19530
2025-06-23,rail_komuter,rail,29144
2025-06-24,rail_komuter,rail,28472
2025-06-25,rail_komuter,rail,29300
2025-06-26,rail_komuter,rail,35225
2025-06-27,rail_komuter,rail,20358
2025-06-28,rail_komuter,rail,18319
2025-06-29,rail_komuter,rail,19823
2025-06-30,rail_komuter,rail,28901
2025-07-01,rail_komuter,rail,29435
2025-07-02,rail_komuter,rail,30177
2025-07-03,rail_komuter,rail,30264
2025-07-04,rail_komuter,rail,31464
2025-07-05,rail_komuter,rail,19377
2025-07-06,rail_komuter,rail,19220
2025-07-07,rail_komuter,rail,31261
2025-07-08,rail_komuter,rail,30511
2025-07-09,rail_komuter,rail,31211
2025-07-10,rail_komuter,rail,31526
2025-07-11,rail_komuter,rail,33285
2025-07-12,rail_komuter,rail,21060
2025-07-13,rail_komuter,rail,20322
2025-07-14,rail_komuter,rail,30691
2025-07-15,rail_komuter,rail,31350
2025-07-16,rail_komuter,rail,31292
2025-07-17,rail_komuter,rail,30885
2025-07-18,rail_komuter,rail,32321
2025-07-19,rail_komuter,rail,18699
2025-07-20,rail_komuter,rail,18626
2025-07-21,rail_komuter,rail,30319
2025-07-22,rail_komuter,rail,30087
2025-07-23,rail_komuter,rail,30966
2025-07-24,rail_komuter,rail,30964
2025-07-25,rail_komuter,rail,32880
2025-07-26,rail_komuter,rail,22662
2025-07-27,rail_komuter,rail,19386
2025-07-28,rail_komuter,rail,29828
2025-07-29,rail_komuter,rail,29867
2025-07-30,rail_komuter,rail,29879
2025-07-31,rail_komuter,rail,29796
2025-08-01,rail_komuter,rail,31477
2025-08-02,rail_komuter,rail,18595
2025-08-03,rail_komuter,rail,17876
2025-08-04,rail_komuter,rail,29893
2025-08-05,rail_komuter,rail,30173
2025-08-06,rail_komuter,rail,30477
2025-08-07,rail_komuter,rail,30679
2025-08-08,rail_komuter,rail,32740
2025-08-09,rail_komuter,rail,20045
2025-08-10,rail_komuter,rail,19807
2025-08-11,rail_komuter,rail,31033
2025-08-12,rail_komuter,rail,31117
2025-08-13,rail_komuter,rail,31034
2025-08-14,rail_komuter,rail,31167
2025-08-15,rail_komuter,rail,32905
2025-08-16,rail_komuter,rail,19107
2025-08-17,rail_komuter,rail,18559
2025-08-18,rail_komuter,rail,30330
2025-08-19,rail_komuter,rail,30029
2025-08-20,rail_komuter,rail,29866
2025-08-21,rail_komuter,rail,29445
2025-08-22,rail_komuter,rail,31390
2025-08-23,rail_komuter,rail,17962
2025-08-24,rail_komuter,rail,16851
2025-08-25,rail_komuter,rail,29566
2025-08-26,rail_komuter,rail,28864
2025-08-27,rail_komuter,rail,28506
2025-08-28,rail_komuter,rail,28425
2025-08-29,rail_komuter,rail,34772
2025-08-30,rail_komuter,rail,21164
2025-08-31,rail_komuter,rail,20590
2025-09-01,rail_komuter,rail,20801
2025-09-02,rail_komuter,rail,29056
2025-09-03,rail_komuter,rail,28782
2025-09-04,rail_komuter,rail,31950
2025-09-05,rail_komuter,rail,18511
2025-09-06,rail_komuter,rail,16833
2025-09-07,rail_komuter,rail,18783
2025-09-08,rail_komuter,rail,29013
2025-09-09,rail_komuter,rail,29168
2025-09-10,rail_komuter,rail,29581
2025-09-11,rail_komuter,rail,29757
2025-09-12,rail_komuter,rail,36339
2025-09-13,rail_komuter,rail,23340
2025-09-14,rail_komuter,rail,21022
2025-09-15,rail_komuter,rail,22029
2025-09-16,rail_komuter,rail,21962
2025-09-17,rail_komuter,rail,31822
2025-09-18,rail_komuter,rail,30555
2025-09-19,rail_komuter,rail,28988
2025-09-20,rail_komuter,rail,17769
2025-09-21,rail_komuter,rail,16667
2025-09-22,rail_komuter,rail,27726
2025-09-23,rail_komuter,rail,28285
2025-09-24,rail_komuter,rail,28614
2025-09-25,rail_komuter,rail,29092
2025-09-26,rail_komuter,rail,29900
2025-09-27,rail_komuter,rail,18147
2025-09-28,rail_komuter,rail,16730
2025-09-29,rail_komuter,rail,28476
2025-09-30,rail_komuter,rail,28167
2025-10-01,rail_komuter,rail,28858
2025-10-02,rail_komuter,rail,30040
2025-10-03,rail_komuter,rail,32597
2025-10-04,rail_komuter,rail,21355
2025-10-05,rail_komuter,rail,20641
2025-10-06,rail_komuter,rail,29375
2025-10-07,rail_komuter,rail,30087
2025-10-08,rail_komuter,rail,29840
2025-10-09,rail_komuter,rail,31926
2025-10-10,rail_komuter,rail,32326
2025-10-11,rail_komuter,rail,20241
2025-10-12,rail_komuter,rail,19294
2025-10-13,rail_komuter,rail,29545
2025-10-14,rail_komuter,rail,28708
2025-10-15,rail_komuter,rail,29088
2025-10-16,rail_komuter,rail,33015
2025-10-17,rail_komuter,rail,40014
2025-10-18,rail_komuter,rail,24921
2025-10-19,rail_komuter,rail,22371
2025-10-20,rail_komuter,rail,27034
2025-10-21,rail_komuter,rail,30290
2025-10-22,rail_komuter,rail,29581
2025-10-23,rail_komuter,rail,27027
2025-10-24,rail_komuter,rail,28116
2025-10-25,rail_komuter,rail,19562
2025-10-26,rail_komuter,rail,19656
2025-10-27,rail_komuter,rail,26992
2025-10-28,rail_komuter,rail,25535
2025-10-29,rail_komuter,rail,28387
2025-10-30,rail_komuter,rail,29029
2025-10-31,rail_komuter,rail,31787
2025-11-01,rail_komuter,rail,19395
2025-11-02,rail_komuter,rail,18884
2025-11-03,rail_komuter,rail,29019
2025-11-04,rail_komuter,rail,27591
2025-11-05,rail_komuter,rail,28281
2025-11-06,rail_komuter,rail,30225
2025-11-07,rail_komuter,rail,33592
2025-11-08,rail_komuter,rail,19622
2025-11-09,rail_komuter,rail,21988
2025-11-10,rail_komuter,rail,29562
2025-11-11,rail_komuter,rail,29512
2025-11-12,rail_komuter,rail,29793
2025-11-13,rail_komuter,rail,30809
2025-11-14,rail_komuter,rail,34595
2025-11-15,rail_komuter,rail,20443
2025-11-16,rail_komuter,rail,19723
2025-11-17,rail_komuter,rail,29905
2025-11-18,rail_komuter,rail,28787
2025-11-19,rail_komuter,rail,29271
2025-11-20,rail_komuter,rail,30253
2025-11-21,rail_komuter,rail,33063
2025-11-22,rail_komuter,rail,20173
2025-11-23,rail_komuter,rail,19327
2025-11-24,rail_komuter,rail,28882
2025-11-25,rail_komuter,rail,29848
2025-11-26,rail_komuter,rail,30557
2025-11-27,rail_komuter,rail,30774
2025-11-28,rail_komuter,rail,30310
2025-11-29,rail_komuter,rail,19162
2025-11-30,rail_komuter,rail,17051
2025-12-01,rail_komuter,rail,28673
2025-12-02,rail_komuter,rail,28864
2025-12-03,rail_komuter,rail,28995
2025-12-04,rail_komuter,rail,28774
2025-12-05,rail_komuter,rail,31571
2025-12-06,rail_komuter,rail,19989
2025-12-07,rail_komuter,rail,20957
2025-12-08,rail_komuter,rail,29819
2025-12-09,rail_komuter,rail,28812
2025-12-10,rail_komuter,rail,29726
2025-12-11,rail_komuter,rail,26506
2025-12-12,rail_komuter,rail,29842
2025-12-13,rail_komuter,rail,18450
2025-12-14,rail_komuter,rail,19068
2025-12-15,rail_komuter,rail,28780
2025-12-16,rail_komuter,rail,27761
2025-12-17,rail_komuter,rail,28134
2025-12-18,rail_komuter,rail,29296
2025-12-19,rail_komuter,rail,32458
2025-12-20,rail_komuter,rail,21748
2025-12-21,rail_komuter,rail,19822
2025-12-22,rail_komuter,rail,29412
2025-12-23,rail_komuter,rail,30922
2025-12-24,rail_komuter,rail,32742
2025-12-25,rail_komuter,rail,21692
2025-12-26,rail_komuter,rail,25907
2025-12-27,rail_komuter,rail,19525
2025-12-28,rail_komuter,rail,22723
2025-12-29,rail_komuter,rail,28596
2025-12-30,rail_komuter,rail,27854
2025-12-31,rail_komuter,rail,30925
2026-01-01,rail_komuter,rail,27907
2026-01-02,rail_komuter,rail,28496
2026-01-03,rail_komuter,rail,18387
2026-01-04,rail_komuter,rail,19463
2026-01-05,rail_komuter,rail,30520
2026-01-06,rail_komuter,rail,29744
2026-01-07,rail_komuter,rail,29811
2026-01-08,rail_komuter,rail,30106
2026-01-09,rail_komuter,rail,30607
2026-01-10,rail_komuter,rail,19070
2026-01-11,rail_komuter,rail,19060
2026-01-12,rail_komuter,rail,28897
2026-01-13,rail_komuter,rail,28788
2026-01-14,rail_komuter,rail,30455
2026-01-15,rail_komuter,rail,29560
2026-01-16,rail_komuter,rail,33428
2026-01-17,rail_komuter,rail,19095
2026-01-18,rail_komuter,rail,18319
2026-01-19,rail_komuter,rail,30105
2026-01-20,rail_komuter,rail,29990
2026-01-21,rail_komuter,rail,29077
2026-01-22,rail_komuter,rail,29524
2026-01-23,rail_komuter,rail,31748
2026-01-24,rail_komuter,rail,20942
2026-01-25,rail_komuter,rail,19463
2026-01-26,rail_komuter,rail,29730
2026-01-27,rail_komuter,rail,30341
2026-01-28,rail_komuter,rail,37573
2026-01-29,rail_komuter,rail,31414
2026-01-30,rail_komuter,rail,42774
2026-01-31,rail_komuter,rail,72501
2026-02-01,rail_komuter,rail,87165
2026-02-02,rail_komuter,rail,30563
2026-02-03,rail_komuter,rail,22254
2026-02-04,rail_komuter,rail,31799
2026-02-05,rail_komuter,rail,31428
2026-02-06,rail_komuter,rail,32741
2026-02-07,rail_komuter,rail,25269
2026-02-08,rail_komuter,rail,28520
2026-02-09,rail_komuter,rail,33171
2026-02-10,rail_komuter,rail,32819
2026-02-11,rail_komuter,rail,32929
2026-02-12,rail_komuter,rail,33143
2026-02-13,rail_komuter,rail,38348
2026-02-14,rail_komuter,rail,25459
2026-02-15,rail_komuter,rail,23936
2026-02-16,rail_komuter,rail,31785
2026-02-17,rail_komuter,rail,25759
2026-02-18,rail_komuter,rail,21697
2026-02-19,rail_komuter,rail,23228
2026-02-20,rail_komuter,rail,23524
2026-02-21,rail_komuter,rail,13851
2026-02-22,rail_komuter,rail,15330
2026-02-23,rail_komuter,rail,28064
2026-02-24,rail_komuter,rail,27491
2026-02-25,rail_komuter,rail,28287
2026-02-26,rail_komuter,rail,27551
2026-02-27,rail_komuter,rail,29298
2026-02-28,rail_komuter,rail,15191
2026-03-01,rail_komuter,rail,14567
2026-03-02,rail_komuter,rail,27523
2026-03-03,rail_komuter,rail,28375
2026-03-04,rail_komuter,rail,31445
2026-03-05,rail_komuter,rail,28492
2026-03-06,rail_komuter,rail,30366
2026-03-07,rail_komuter,rail,16826
2026-03-08,rail_komuter,rail,16626
2026-03-09,rail_komuter,rail,28941
2026-03-10,rail_komuter,rail,29040
2026-03-11,rail_komuter,rail,28846
2026-03-12,rail_komuter,rail,28974
2026-03-13,rail_komuter,rail,30645
2026-03-14,rail_komuter,rail,17592
2026-03-15,rail_komuter,rail,15428
2026-03-16,rail_komuter,rail,28653
2026-03-17,rail_komuter,rail,31043
2026-03-18,rail_komuter,rail,29694
2026-03-19,rail_komuter,rail,25770
2026-03-20,rail_komuter,rail,16549
2026-03-21,rail_komuter,rail,22448
2026-03-22,rail_komuter,rail,25842
2026-03-23,rail_komuter,rail,19698
2026-03-24,rail_komuter,rail,22612
2026-03-25,rail_komuter,rail,24267
2026-03-26,rail_komuter,rail,26069
2026-03-27,rail_komuter,rail,26201
2026-03-28,rail_komuter,rail,17676
2026-03-29,rail_komuter,rail,18512
2026-03-30,rail_komuter,rail,29038
2026-03-31,rail_komuter,rail,29692
2026-04-01,rail_komuter,rail,30726
2026-04-02,rail_komuter,rail,30320
2026-04-03,rail_komuter,rail,33676
2026-04-04,rail_komuter,rail,21378
2026-04-05,rail_komuter,rail,20157
2026-04-06,rail_komuter,rail,30621
2026-04-07,rail_komuter,rail,30579
2026-04-08,rail_komuter,rail,30733
2026-04-09,rail_komuter,rail,30903
2026-04-10,rail_komuter,rail,34721
2026-04-11,rail_komuter,rail,20967
2026-04-12,rail_komuter,rail,21437
2026-04-13,rail_komuter,rail,31440
2026-04-14,rail_komuter,rail,30171
2026-04-15,rail_komuter,rail,30535
2026-04-16,rail_komuter,rail,31080
2026-04-17,rail_komuter,rail,33424
2026-04-18,rail_komuter,rail,15306
2026-04-19,rail_komuter,rail,13503
2026-04-20,rail_komuter,rail,27120
2026-04-21,rail_komuter,rail,26349
2026-04-22,rail_komuter,rail,26495
2026-04-23,rail_komuter,rail,25771
2026-04-24,rail_komuter,rail,25754
2026-04-25,rail_komuter,rail,12285
2026-04-26,rail_komuter,rail,11817
2026-04-27,rail_komuter,rail,25026
2026-04-28,rail_komuter,rail,24477
2026-04-29,rail_komuter,rail,25005
2026-04-30,rail_komuter,rail,28734
2026-05-01,rail_komuter,rail,16550
2026-05-02,rail_komuter,rail,12888
2026-05-03,rail_komuter,rail,25688
2026-05-04,rail_komuter,rail,26715
2026-05-05,rail_komuter,rail,26678
2026-05-06,rail_komuter,rail,26668
2026-05-07,rail_komuter,rail,26511
2026-05-08,rail_komuter,rail,26374
2026-05-09,rail_komuter,rail,13339
2026-05-10,rail_komuter,rail,13224
2026-05-11,rail_komuter,rail,26870
2026-05-12,rail_komuter,rail,27439
2026-05-13,rail_komuter,rail,26959
2026-05-14,rail_komuter,rail,26264
2026-05-15,rail_komuter,rail,26905
2026-05-16,rail_komuter,rail,13612
2026-05-17,rail_komuter,rail,11688
2026-05-18,rail_komuter,rail,26537
2026-05-19,rail_komuter,rail,26755
2026-05-20,rail_komuter,rail,26923
2026-05-21,rail_komuter,rail,26827
2026-05-22,rail_komuter,rail,28510
2026-05-23,rail_komuter,rail,14538
2026-05-24,rail_komuter,rail,12521
2026-05-25,rail_komuter,rail,27006
2026-05-26,rail_komuter,rail,26259
2026-05-27,rail_komuter,rail,13474
2026-05-28,rail_komuter,rail,21534
2026-05-29,rail_komuter,rail,22315
2026-05-30,rail_komuter,rail,14907
2026-05-31,rail_komuter,rail,15549
2026-06-01,rail_komuter,rail,16564
2026-06-02,rail_komuter,rail,15444
2026-06-03,rail_komuter,rail,27854
2026-06-04,rail_komuter,rail,27210
2026-06-05,rail_komuter,rail,26119
2026-06-06,rail_komuter,rail,14176
2026-06-07,rail_komuter,rail,12598
2026-06-08,rail_komuter,rail,26114
2026-06-09,rail_komuter,rail,26388
2026-06-10,rail_komuter,rail,26651
2026-06-11,rail_komuter,rail,26389
2026-06-12,rail_komuter,rail,26104
2026-06-13,rail_komuter,rail,12010
2026-06-14,rail_komuter,rail,11278
2026-06-15,rail_komuter,rail,26473
2026-06-16,rail_komuter,rail,27189
2026-06-17,rail_komuter,rail,10526
2026-06-18,rail_komuter,rail,25626
2026-06-19,rail_komuter,rail,26481
2026-06-20,rail_komuter,rail,12304
2026-06-21,rail_komuter,rail,11183
2026-06-22,rail_komuter,rail,25738
2026-06-23,rail_komuter,rail,27159
2026-06-24,rail_komuter,rail,26471
2026-06-25,rail_komuter,rail,26287
2026-06-26,rail_komuter,rail,25854
2026-06-27,rail_komuter,rail,13000
2026-06-28,rail_komuter,rail,11618
2026-06-29,rail_komuter,rail,23827
2026-06-30,rail_komuter,rail,23894
2026-07-01,rail_komuter,rail,24205
2026-07-02,rail_komuter,rail,23798
2026-07-03,rail_komuter,rail,24127
2026-07-04,rail_komuter,rail,12322
2026-07-05,rail_komuter,rail,11951
2026-07-06,rail_komuter,rail,23531
2026-07-07,rail_komuter,rail,23938
2026-07-08,rail_komuter,rail,24087
2026-07-09,rail_komuter,rail,23755
2026-07-10,rail_komuter,rail,24291
2026-07-11,rail_komuter,rail,12078
2026-07-12,rail_komuter,rail,11932
2026-07-13,rail_komuter,rail,23653
2026-07-14,rail_komuter,rail,24288
2026-07-15,rail_komuter,rail,24050
2026-07-16,rail_komuter,rail,22751
2026-07-17,rail_komuter,rail,23575
2026-07-18,rail_komuter,rail,12023
2026-07-19,rail_komuter,rail,10910
2026-07-20,rail_komuter,rail,23083
2026-07-21,rail_komuter,rail,23946
2026-07-22,rail_komuter,rail,24069
2026-07-23,rail_komuter,rail,21118
2026-07-24,rail_komuter,rail,22998
2026-07-25,rail_komuter,rail,12230
2026-07-26,rail_komuter,rail,10571
2026-07-27,rail_komuter,rail,23035
2026-07-28,rail_komuter,rail,23179
2026-07-29,rail_komuter,rail,22126
2026-07-30,rail_komuter,rail,23089
2026-07-31,rail_komuter,rail,25518
2020-10-15,rail_komuter_utara,rail,3776
2020-10-16,rail_komuter_utara,rail,4045
2020-10-17,rail_komuter_utara,rail,3300
2020-10-18,rail_komuter_utara,rail,4037
2020-10-19,rail_komuter_utara,rail,3817
2020-10-20,rail_komuter_utara,rail,3304
2020-10-21,rail_komuter_utara,rail,3314
2020-10-22,rail_komuter_utara,rail,3728
2020-10-23,rail_komuter_utara,rail,4259
2020-10-24,rail_komuter_utara,rail,3500
2020-10-25,rail_komuter_utara,rail,4282
2020-10-26,rail_komuter_utara,rail,3821
2020-10-27,rail_komuter_utara,rail,3630
2020-10-28,rail_komuter_utara,rail,5157
2020-10-29,rail_komuter_utara,rail,3630
2020-10-30,rail_komuter_utara,rail,4509
2020-10-31,rail_komuter_utara,rail,4288
2020-11-01,rail_komuter_utara,rail,5073
2020-11-02,rail_komuter_utara,rail,4385
2020-11-03,rail_komuter_utara,rail,3633
2020-11-04,rail_komuter_utara,rail,3612
2020-11-05,rail_komuter_utara,rail,4470
2020-11-06,rail_komuter_utara,rail,4582
2020-11-07,rail_komuter_utara,rail,3667
2020-11-08,rail_komuter_utara,rail,6437
2020-11-09,rail_komuter_utara,rail,1882
2020-11-10,rail_komuter_utara,rail,1876
2020-11-11,rail_komuter_utara,rail,1874
2020-11-12,rail_komuter_utara,rail,1954
2020-11-13,rail_komuter_utara,rail,1849
2020-11-14,rail_komuter_utara,rail,941
2020-11-15,rail_komuter_utara,rail,1327
2020-11-16,rail_komuter_utara,rail,2221
2020-11-17,rail_komuter_utara,rail,2196
2020-11-18,rail_komuter_utara,rail,1957
2020-11-19,rail_komuter_utara,rail,2004
2020-11-20,rail_komuter_utara,rail,2053
2020-11-21,rail_komuter_utara,rail,1538
2020-11-22,rail_komuter_utara,rail,2164
2020-11-23,rail_komuter_utara,rail,2960
2020-11-24,rail_komuter_utara,rail,2696
2020-11-25,rail_komuter_utara,rail,2727
2020-11-26,rail_komuter_utara,rail,2840
2020-11-27,rail_komuter_utara,rail,2830
2020-11-28,rail_komuter_utara,rail,2426
2020-11-29,rail_komuter_utara,rail,2703
2020-11-30,rail_komuter_utara,rail,3327
2020-12-01,rail_komuter_utara,rail,2839
2020-12-02,rail_komuter_utara,rail,2878
2020-12-03,rail_komuter_utara,rail,3117
2020-12-04,rail_komuter_utara,rail,3136
2020-12-05,rail_komuter_utara,rail,2795
2020-12-06,rail_komuter_utara,rail,3291
2020-12-07,rail_komuter_utara,rail,4583
2020-12-08,rail_komuter_utara,rail,4080
2020-12-09,rail_komuter_utara,rail,4258
2020-12-10,rail_komuter_utara,rail,4629
2020-12-11,rail_komuter_utara,rail,5165
2020-12-12,rail_komuter_utara,rail,4438
2020-12-13,rail_komuter_utara,rail,5045
2020-12-14,rail_komuter_utara,rail,4906
2020-12-15,rail_komuter_utara,rail,4252
2020-12-16,rail_komuter_utara,rail,4408
2020-12-17,rail_komuter_utara,rail,4579
2020-12-18,rail_komuter_utara,rail,5221
2020-12-19,rail_komuter_utara,rail,4842
2020-12-20,rail_komuter_utara,rail,5368
2020-12-21,rail_komuter_utara,rail,5305
2020-12-22,rail_komuter_utara,rail,4809
2020-12-23,rail_komuter_utara,rail,4790
2020-12-24,rail_komuter_utara,rail,6483
2020-12-25,rail_komuter_utara,rail,5227
2020-12-26,rail_komuter_utara,rail,5100
2020-12-27,rail_komuter_utara,rail,6214
2020-12-28,rail_komuter_utara,rail,5450
2020-12-29,rail_komuter_utara,rail,5237
2020-12-30,rail_komuter_utara,rail,5560
2020-12-31,rail_komuter_utara,rail,6783
2021-01-01,rail_komuter_utara,rail,5632
2021-01-02,rail_komuter_utara,rail,5105
2021-01-03,rail_komuter_utara,rail,6051
2021-01-04,rail_komuter_utara,rail,5581
2021-01-05,rail_komuter_utara,rail,4549
2021-01-06,rail_komuter_utara,rail,4221
2021-01-07,rail_komuter_utara,rail,4774
2021-01-08,rail_komuter_utara,rail,5131
2021-01-09,rail_komuter_utara,rail,4268
2021-01-10,rail_komuter_utara,rail,5171
2021-01-11,rail_komuter_utara,rail,4735
2021-01-12,rail_komuter_utara,rail,5066
2021-01-13,rail_komuter_utara,rail,1857
2021-01-14,rail_komuter_utara,rail,1964
2021-01-15,rail_komuter_utara,rail,1837
2021-01-16,rail_komuter_utara,rail,1112
2021-01-17,rail_komuter_utara,rail,1357
2021-01-18,rail_komuter_utara,rail,2209
2021-01-19,rail_komuter_utara,rail,2092
2021-01-20,rail_komuter_utara,rail,2049
2021-01-21,rail_komuter_utara,rail,2325
2021-01-22,rail_komuter_utara,rail,1415
2021-01-23,rail_komuter_utara,rail,829
2021-01-24,rail_komuter_utara,rail,993
2021-01-25,rail_komuter_utara,rail,1883
2021-01-26,rail_komuter_utara,rail,1781
2021-01-27,rail_komuter_utara,rail,1837
2021-01-28,rail_komuter_utara,rail,1357
2021-01-29,rail_komuter_utara,rail,1733
2021-01-30,rail_komuter_utara,rail,1233
2021-01-31,rail_komuter_utara,rail,1350
2021-02-01,rail_komuter_utara,rail,1995
2021-02-02,rail_komuter_utara,rail,1844
2021-02-03,rail_komuter_utara,rail,1898
2021-02-04,rail_komuter_utara,rail,1970
2021-02-05,rail_komuter_utara,rail,1897
2021-02-06,rail_komuter_utara,rail,1222
2021-02-07,rail_komuter_utara,rail,1412
2021-02-08,rail_komuter_utara,rail,2237
2021-02-09,rail_komuter_utara,rail,2141
2021-02-10,rail_komuter_utara,rail,2424
2021-02-11,rail_komuter_utara,rail,2442
2021-02-12,rail_komuter_utara,rail,1069
2021-02-13,rail_komuter_utara,rail,881
2021-02-14,rail_komuter_utara,rail,1519
2021-02-15,rail_komuter_utara,rail,2476
2021-02-16,rail_komuter_utara,rail,2159
2021-02-17,rail_komuter_utara,rail,2186
2021-02-18,rail_komuter_utara,rail,2306
2021-02-19,rail_komuter_utara,rail,2466
2021-02-20,rail_komuter_utara,rail,1659
2021-02-21,rail_komuter_utara,rail,2022
2021-02-22,rail_komuter_utara,rail,2800
2021-02-23,rail_komuter_utara,rail,2455
2021-02-24,rail_komuter_utara,rail,2554
2021-02-25,rail_komuter_utara,rail,2690
2021-02-26,rail_komuter_utara,rail,2825
2021-02-27,rail_komuter_utara,rail,1952
2021-02-28,rail_komuter_utara,rail,2293
2021-03-01,rail_komuter_utara,rail,2957
2021-03-02,rail_komuter_utara,rail,2606
2021-03-03,rail_komuter_utara,rail,2615
2021-03-04,rail_komuter_utara,rail,2845
2021-03-05,rail_komuter_utara,rail,3439
2021-03-06,rail_komuter_utara,rail,2527
2021-03-07,rail_komuter_utara,rail,3137
2021-03-08,rail_komuter_utara,rail,3425
2021-03-09,rail_komuter_utara,rail,3136
2021-03-10,rail_komuter_utara,rail,3400
2021-03-11,rail_komuter_utara,rail,2810
2021-03-12,rail_komuter_utara,rail,3609
2021-03-13,rail_komuter_utara,rail,2761
2021-03-14,rail_komuter_utara,rail,3392
2021-03-15,rail_komuter_utara,rail,3721
2021-03-16,rail_komuter_utara,rail,3191
2021-03-17,rail_komuter_utara,rail,3287
2021-03-18,rail_komuter_utara,rail,3581
2021-03-19,rail_komuter_utara,rail,3733
2021-03-20,rail_komuter_utara,rail,3046
2021-03-21,rail_komuter_utara,rail,3398
2021-03-22,rail_komuter_utara,rail,3888
2021-03-23,rail_komuter_utara,rail,3552
2021-03-24,rail_komuter_utara,rail,3601
2021-03-25,rail_komuter_utara,rail,3892
2021-03-26,rail_komuter_utara,rail,4303
2021-03-27,rail_komuter_utara,rail,3513
2021-03-28,rail_komuter_utara,rail,3992
2021-03-29,rail_komuter_utara,rail,4374
2021-03-30,rail_komuter_utara,rail,4271
2021-03-31,rail_komuter_utara,rail,3885
2021-04-01,rail_komuter_utara,rail,4220
2021-04-02,rail_komuter_utara,rail,4488
2021-04-03,rail_komuter_utara,rail,3727
2021-04-04,rail_komuter_utara,rail,4148
2021-04-05,rail_komuter_utara,rail,4279
2021-04-06,rail_komuter_utara,rail,3779
2021-04-07,rail_komuter_utara,rail,3815
2021-04-08,rail_komuter_utara,rail,4231
2021-04-09,rail_komuter_utara,rail,4693
2021-04-10,rail_komuter_utara,rail,3915
2021-04-11,rail_komuter_utara,rail,4407
2021-04-12,rail_komuter_utara,rail,4672
2021-04-13,rail_komuter_utara,rail,2664
2021-04-14,rail_komuter_utara,rail,3683
2021-04-15,rail_komuter_utara,rail,3767
2021-04-16,rail_komuter_utara,rail,3892
2021-04-17,rail_komuter_utara,rail,3022
2021-04-18,rail_komuter_utara,rail,3540
2021-04-19,rail_komuter_utara,rail,3976
2021-04-20,rail_komuter_utara,rail,3291
2021-04-21,rail_komuter_utara,rail,3399
2021-04-22,rail_komuter_utara,rail,3705
2021-04-23,rail_komuter_utara,rail,3667
2021-04-24,rail_komuter_utara,rail,2581
2021-04-25,rail_komuter_utara,rail,3115
2021-04-26,rail_komuter_utara,rail,3993
2021-04-27,rail_komuter_utara,rail,3387
2021-04-28,rail_komuter_utara,rail,3515
2021-04-29,rail_komuter_utara,rail,3139
2021-04-30,rail_komuter_utara,rail,3865
2021-05-01,rail_komuter_utara,rail,1858
2021-05-02,rail_komuter_utara,rail,2888
2021-05-03,rail_komuter_utara,rail,3568
2021-05-04,rail_komuter_utara,rail,3039
2021-05-05,rail_komuter_utara,rail,2909
2021-05-06,rail_komuter_utara,rail,3150
2021-05-07,rail_komuter_utara,rail,3238
2021-05-08,rail_komuter_utara,rail,2000
2021-05-09,rail_komuter_utara,rail,2522
2021-05-10,rail_komuter_utara,rail,2939
2021-05-11,rail_komuter_utara,rail,3182
2021-05-12,rail_komuter_utara,rail,2201
2021-05-13,rail_komuter_utara,rail,557
2021-05-14,rail_komuter_utara,rail,758
2021-05-15,rail_komuter_utara,rail,1184
2021-05-16,rail_komuter_utara,rail,2076
2021-05-17,rail_komuter_utara,rail,2787
2021-05-18,rail_komuter_utara,rail,2370
2021-05-19,rail_komuter_utara,rail,1675
2021-05-20,rail_komuter_utara,rail,1470
2021-05-21,rail_komuter_utara,rail,1534
2021-05-22,rail_komuter_utara,rail,921
2021-05-23,rail_komuter_utara,rail,965
2021-05-24,rail_komuter_utara,rail,1700
2021-05-25,rail_komuter_utara,rail,1309
2021-05-26,rail_komuter_utara,rail,699
2021-05-27,rail_komuter_utara,rail,1244
2021-05-28,rail_komuter_utara,rail,1181
2021-05-29,rail_komuter_utara,rail,860
2021-05-30,rail_komuter_utara,rail,1004
2021-05-31,rail_komuter_utara,rail,1801
2021-06-01,rail_komuter_utara,rail,732
2021-06-02,rail_komuter_utara,rail,794
2021-06-03,rail_komuter_utara,rail,781
2021-06-04,rail_komuter_utara,rail,779
2021-06-05,rail_komuter_utara,rail,527
2021-06-06,rail_komuter_utara,rail,465
2021-06-07,rail_komuter_utara,rail,436
2021-06-08,rail_komuter_utara,rail,946
2021-06-09,rail_komuter_utara,rail,931
2021-06-10,rail_komuter_utara,rail,893
2021-06-11,rail_komuter_utara,rail,835
2021-06-12,rail_komuter_utara,rail,612
2021-06-13,rail_komuter_utara,rail,647
2021-06-14,rail_komuter_utara,rail,1094
2021-06-15,rail_komuter_utara,rail,1069
2021-06-16,rail_komuter_utara,rail,1106
2021-06-17,rail_komuter_utara,rail,1137
2021-06-18,rail_komuter_utara,rail,1065
2021-06-19,rail_komuter_utara,rail,676
2021-06-20,rail_komuter_utara,rail,653
2021-06-21,rail_komuter_utara,rail,1213
2021-06-22,rail_komuter_utara,rail,1160
2021-06-23,rail_komuter_utara,rail,1138
2021-06-24,rail_komuter_utara,rail,1174
2021-06-25,rail_komuter_utara,rail,1174
2021-06-26,rail_komuter_utara,rail,746
2021-06-27,rail_komuter_utara,rail,843
2021-06-28,rail_komuter_utara,rail,1377
2021-06-29,rail_komuter_utara,rail,1216
2021-06-30,rail_komuter_utara,rail,1323
2021-07-01,rail_komuter_utara,rail,1322
2021-07-02,rail_komuter_utara,rail,1392
2021-07-03,rail_komuter_utara,rail,970
2021-07-04,rail_komuter_utara,rail,1021
2021-07-05,rail_komuter_utara,rail,1552
2021-07-06,rail_komuter_utara,rail,1385
2021-07-07,rail_komuter_utara,rail,1217
2021-07-08,rail_komuter_utara,rail,1410
2021-07-09,rail_komuter_utara,rail,1512
2021-07-10,rail_komuter_utara,rail,874
2021-07-11,rail_komuter_utara,rail,1018
2021-07-12,rail_komuter_utara,rail,1628
2021-07-13,rail_komuter_utara,rail,1488
2021-07-14,rail_komuter_utara,rail,1456
2021-07-15,rail_komuter_utara,rail,1536
2021-07-16,rail_komuter_utara,rail,1583
2021-07-17,rail_komuter_utara,rail,1070
2021-07-18,rail_komuter_utara,rail,1120
2021-07-19,rail_komuter_utara,rail,1423
2021-07-20,rail_komuter_utara,rail,515
2021-07-21,rail_komuter_utara,rail,1257
2021-07-22,rail_komuter_utara,rail,1541
2021-07-23,rail_komuter_utara,rail,1399
2021-07-24,rail_komuter_utara,rail,1015
2021-07-25,rail_komuter_utara,rail,1152
2021-07-26,rail_komuter_utara,rail,1595
2021-07-27,rail_komuter_utara,rail,1463
2021-07-28,rail_komuter_utara,rail,1404
2021-07-29,rail_komuter_utara,rail,1593
2021-07-30,rail_komuter_utara,rail,1363
2021-07-31,rail_komuter_utara,rail,939
2021-08-01,rail_komuter_utara,rail,1050
2021-08-02,rail_komuter_utara,rail,1584
2021-08-03,rail_komuter_utara,rail,1464
2021-08-04,rail_komuter_utara,rail,1549
2021-08-05,rail_komuter_utara,rail,1431
2021-08-06,rail_komuter_utara,rail,1416
2021-08-07,rail_komuter_utara,rail,960
2021-08-08,rail_komuter_utara,rail,1053
2021-08-09,rail_komuter_utara,rail,1590
2021-08-10,rail_komuter_utara,rail,836
2021-08-11,rail_komuter_utara,rail,1474
2021-08-12,rail_komuter_utara,rail,1376
2021-08-13,rail_komuter_utara,rail,1280
2021-08-14,rail_komuter_utara,rail,871
2021-08-15,rail_komuter_utara,rail,973
2021-08-16,rail_komuter_utara,rail,1577
2021-08-17,rail_komuter_utara,rail,1366
2021-08-18,rail_komuter_utara,rail,1403
2021-08-19,rail_komuter_utara,rail,1388
2021-08-20,rail_komuter_utara,rail,1394
2021-08-21,rail_komuter_utara,rail,907
2021-08-22,rail_komuter_utara,rail,1033
2021-08-23,rail_komuter_utara,rail,1591
2021-08-24,rail_komuter_utara,rail,1450
2021-08-25,rail_komuter_utara,rail,1467
2021-08-26,rail_komuter_utara,rail,1532
2021-08-27,rail_komuter_utara,rail,1460
2021-08-28,rail_komuter_utara,rail,1040
2021-08-29,rail_komuter_utara,rail,1077
2021-08-30,rail_komuter_utara,rail,1597
2021-08-31,rail_komuter_utara,rail,937
2021-09-01,rail_komuter_utara,rail,1780
2021-09-02,rail_komuter_utara,rail,1568
2021-09-03,rail_komuter_utara,rail,1543
2021-09-04,rail_komuter_utara,rail,1135
2021-09-05,rail_komuter_utara,rail,1340
2021-09-06,rail_komuter_utara,rail,1844
2021-09-07,rail_komuter_utara,rail,1633
2021-09-08,rail_komuter_utara,rail,1706
2021-09-09,rail_komuter_utara,rail,1664
2021-09-10,rail_komuter_utara,rail,1708
2021-09-11,rail_komuter_utara,rail,1166
2021-09-12,rail_komuter_utara,rail,1338
2021-09-13,rail_komuter_utara,rail,1921
2021-09-14,rail_komuter_utara,rail,1689
2021-09-15,rail_komuter_utara,rail,2074
2021-09-16,rail_komuter_utara,rail,1075
2021-09-17,rail_komuter_utara,rail,1765
2021-09-18,rail_komuter_utara,rail,1289
2021-09-19,rail_komuter_utara,rail,1636
2021-09-20,rail_komuter_utara,rail,2054
2021-09-21,rail_komuter_utara,rail,1837
2021-09-22,rail_komuter_utara,rail,1831
2021-09-23,rail_komuter_utara,rail,1885
2021-09-24,rail_komuter_utara,rail,1894
2021-09-25,rail_komuter_utara,rail,1389
2021-09-26,rail_komuter_utara,rail,1644
2021-09-27,rail_komuter_utara,rail,2182
2021-09-28,rail_komuter_utara,rail,1930
2021-09-29,rail_komuter_utara,rail,1947
2021-09-30,rail_komuter_utara,rail,2068
2021-10-01,rail_komuter_utara,rail,2268
2021-10-02,rail_komuter_utara,rail,1728
2021-10-03,rail_komuter_utara,rail,2028
2021-10-04,rail_komuter_utara,rail,2498
2021-10-05,rail_komuter_utara,rail,2120
2021-10-06,rail_komuter_utara,rail,2103
2021-10-07,rail_komuter_utara,rail,2263
2021-10-08,rail_komuter_utara,rail,2387
2021-10-09,rail_komuter_utara,rail,2050
2021-10-10,rail_komuter_utara,rail,2220
2021-10-11,rail_komuter_utara,rail,2940
2021-10-12,rail_komuter_utara,rail,2685
2021-10-13,rail_komuter_utara,rail,2777
2021-10-14,rail_komuter_utara,rail,3004
2021-10-15,rail_komuter_utara,rail,3651
2021-10-16,rail_komuter_utara,rail,3333
2021-10-17,rail_komuter_utara,rail,3317
2021-10-18,rail_komuter_utara,rail,3611
2021-10-19,rail_komuter_utara,rail,2792
2021-10-20,rail_komuter_utara,rail,3372
2021-10-21,rail_komuter_utara,rail,3396
2021-10-22,rail_komuter_utara,rail,3978
2021-10-23,rail_komuter_utara,rail,3798
2021-10-24,rail_komuter_utara,rail,3811
2021-10-25,rail_komuter_utara,rail,3772
2021-10-26,rail_komuter_utara,rail,3324
2021-10-27,rail_komuter_utara,rail,3562
2021-10-28,rail_komuter_utara,rail,3980
2021-10-29,rail_komuter_utara,rail,4703
2021-10-30,rail_komuter_utara,rail,4330
2021-10-31,rail_komuter_utara,rail,4623
2021-11-01,rail_komuter_utara,rail,4396
2021-11-02,rail_komuter_utara,rail,4333
2021-11-03,rail_komuter_utara,rail,5642
2021-11-04,rail_komuter_utara,rail,6109
2021-11-05,rail_komuter_utara,rail,5860
2021-11-06,rail_komuter_utara,rail,5806
2021-11-07,rail_komuter_utara,rail,6971
2021-11-08,rail_komuter_utara,rail,5438
2021-11-09,rail_komuter_utara,rail,4662
2021-11-10,rail_komuter_utara,rail,4581
2021-11-11,rail_komuter_utara,rail,4783
2021-11-12,rail_komuter_utara,rail,5858
2021-11-13,rail_komuter_utara,rail,5485
2021-11-14,rail_komuter_utara,rail,5746
2021-11-15,rail_komuter_utara,rail,5078
2021-11-16,rail_komuter_utara,rail,4405
2021-11-17,rail_komuter_utara,rail,4560
2021-11-18,rail_komuter_utara,rail,4902
2021-11-19,rail_komuter_utara,rail,6070
2021-11-20,rail_komuter_utara,rail,5543
2021-11-21,rail_komuter_utara,rail,5961
2021-11-22,rail_komuter_utara,rail,4964
2021-11-23,rail_komuter_utara,rail,4341
2021-11-24,rail_komuter_utara,rail,4479
2021-11-25,rail_komuter_utara,rail,4931
2021-11-26,rail_komuter_utara,rail,6098
2021-11-27,rail_komuter_utara,rail,5783
2021-11-28,rail_komuter_utara,rail,6004
2021-11-29,rail_komuter_utara,rail,5060
2021-11-30,rail_komuter_utara,rail,4591
2021-12-01,rail_komuter_utara,rail,4619
2021-12-02,rail_komuter_utara,rail,5326
2021-12-03,rail_komuter_utara,rail,6733
2021-12-04,rail_komuter_utara,rail,6541
2021-12-05,rail_komuter_utara,rail,6723
2021-12-06,rail_komuter_utara,rail,5626
2021-12-07,rail_komuter_utara,rail,4910
2021-12-08,rail_komuter_utara,rail,5109
2021-12-09,rail_komuter_utara,rail,5713
2021-12-10,rail_komuter_utara,rail,6714
2021-12-11,rail_komuter_utara,rail,6668
2021-12-12,rail_komuter_utara,rail,7592
2021-12-13,rail_komuter_utara,rail,6076
2021-12-14,rail_komuter_utara,rail,5516
2021-12-15,rail_komuter_utara,rail,5909
2021-12-16,rail_komuter_utara,rail,6584
2021-12-17,rail_komuter_utara,rail,6846
2021-12-18,rail_komuter_utara,rail,7027
2021-12-19,rail_komuter_utara,rail,7298
2021-12-20,rail_komuter_utara,rail,7194
2021-12-21,rail_komuter_utara,rail,6629
2021-12-22,rail_komuter_utara,rail,6997
2021-12-23,rail_komuter_utara,rail,7647
2021-12-24,rail_komuter_utara,rail,8134
2021-12-25,rail_komuter_utara,rail,7531
2021-12-26,rail_komuter_utara,rail,8007
2021-12-27,rail_komuter_utara,rail,7406
2021-12-28,rail_komuter_utara,rail,6328
2021-12-29,rail_komuter_utara,rail,6503
2021-12-30,rail_komuter_utara,rail,7326
2021-12-31,rail_komuter_utara,rail,8740
2022-01-01,rail_komuter_utara,rail,7744
2022-01-02,rail_komuter_utara,rail,7946
2022-01-03,rail_komuter_utara,rail,6942
2022-01-04,rail_komuter_utara,rail,5767
2022-01-05,rail_komuter_utara,rail,5427
2022-01-06,rail_komuter_utara,rail,6094
2022-01-07,rail_komuter_utara,rail,6852
2022-01-08,rail_komuter_utara,rail,6212
2022-01-09,rail_komuter_utara,rail,6309
2022-01-10,rail_komuter_utara,rail,5251
2022-01-11,rail_komuter_utara,rail,4745
2022-01-12,rail_komuter_utara,rail,4600
2022-01-13,rail_komuter_utara,rail,4990
2022-01-14,rail_komuter_utara,rail,5715
2022-01-15,rail_komuter_utara,rail,5709
2022-01-16,rail_komuter_utara,rail,6241
2022-01-17,rail_komuter_utara,rail,5426
2022-01-18,rail_komuter_utara,rail,4944
2022-01-19,rail_komuter_utara,rail,4907
2022-01-20,rail_komuter_utara,rail,5020
2022-01-21,rail_komuter_utara,rail,5788
2022-01-22,rail_komuter_utara,rail,5257
2022-01-23,rail_komuter_utara,rail,5952
2022-01-24,rail_komuter_utara,rail,5137
2022-01-25,rail_komuter_utara,rail,4717
2022-01-26,rail_komuter_utara,rail,4652
2022-01-27,rail_komuter_utara,rail,5281
2022-01-28,rail_komuter_utara,rail,6871
2022-01-29,rail_komuter_utara,rail,6872
2022-01-30,rail_komuter_utara,rail,7248
2022-01-31,rail_komuter_utara,rail,7906
2022-02-01,rail_komuter_utara,rail,7581
2022-02-02,rail_komuter_utara,rail,8086
2022-02-03,rail_komuter_utara,rail,7146
2022-02-04,rail_komuter_utara,rail,6578
2022-02-05,rail_komuter_utara,rail,6107
2022-02-06,rail_komuter_utara,rail,6338
2022-02-07,rail_komuter_utara,rail,5313
2022-02-08,rail_komuter_utara,rail,4916
2022-02-09,rail_komuter_utara,rail,4527
2022-02-10,rail_komuter_utara,rail,4684
2022-02-11,rail_komuter_utara,rail,5416
2022-02-12,rail_komuter_utara,rail,4984
2022-02-13,rail_komuter_utara,rail,5426
2022-02-14,rail_komuter_utara,rail,4938
2022-02-15,rail_komuter_utara,rail,4123
2022-02-16,rail_komuter_utara,rail,4238
2022-02-17,rail_komuter_utara,rail,4514
2022-02-18,rail_komuter_utara,rail,5159
2022-02-19,rail_komuter_utara,rail,4588
2022-02-20,rail_komuter_utara,rail,4868
2022-02-21,rail_komuter_utara,rail,4722
2022-02-22,rail_komuter_utara,rail,4002
2022-02-23,rail_komuter_utara,rail,4131
2022-02-24,rail_komuter_utara,rail,4258
2022-02-25,rail_komuter_utara,rail,4871
2022-02-26,rail_komuter_utara,rail,4343
2022-02-27,rail_komuter_utara,rail,4807
2022-02-28,rail_komuter_utara,rail,4771
2022-03-01,rail_komuter_utara,rail,3925
2022-03-02,rail_komuter_utara,rail,4141
2022-03-03,rail_komuter_utara,rail,4485
2022-03-04,rail_komuter_utara,rail,5406
2022-03-05,rail_komuter_utara,rail,4722
2022-03-06,rail_komuter_utara,rail,5286
2022-03-07,rail_komuter_utara,rail,4967
2022-03-08,rail_komuter_utara,rail,4517
2022-03-09,rail_komuter_utara,rail,4646
2022-03-10,rail_komuter_utara,rail,5001
2022-03-11,rail_komuter_utara,rail,5530
2022-03-12,rail_komuter_utara,rail,4950
2022-03-13,rail_komuter_utara,rail,5911
2022-03-14,rail_komuter_utara,rail,5210
2022-03-15,rail_komuter_utara,rail,4808
2022-03-16,rail_komuter_utara,rail,4874
2022-03-17,rail_komuter_utara,rail,5144
2022-03-18,rail_komuter_utara,rail,5977
2022-03-19,rail_komuter_utara,rail,5672
2022-03-20,rail_komuter_utara,rail,6254
2022-03-21,rail_komuter_utara,rail,4868
2022-03-22,rail_komuter_utara,rail,4513
2022-03-23,rail_komuter_utara,rail,4601
2022-03-24,rail_komuter_utara,rail,5416
2022-03-25,rail_komuter_utara,rail,6854
2022-03-26,rail_komuter_utara,rail,6588
2022-03-27,rail_komuter_utara,rail,6953
2022-03-28,rail_komuter_utara,rail,5375
2022-03-29,rail_komuter_utara,rail,5306
2022-03-30,rail_komuter_utara,rail,5550
2022-03-31,rail_komuter_utara,rail,7215
2022-04-01,rail_komuter_utara,rail,8959
2022-04-02,rail_komuter_utara,rail,7978
2022-04-03,rail_komuter_utara,rail,5661
2022-04-04,rail_komuter_utara,rail,5823
2022-04-05,rail_komuter_utara,rail,4635
2022-04-06,rail_komuter_utara,rail,4680
2022-04-07,rail_komuter_utara,rail,5218
2022-04-08,rail_komuter_utara,rail,7074
2022-04-09,rail_komuter_utara,rail,5386
2022-04-10,rail_komuter_utara,rail,6757
2022-04-11,rail_komuter_utara,rail,5403
2022-04-12,rail_komuter_utara,rail,4374
2022-04-13,rail_komuter_utara,rail,4679
2022-04-14,rail_komuter_utara,rail,6083
2022-04-15,rail_komuter_utara,rail,7218
2022-04-16,rail_komuter_utara,rail,6149
2022-04-17,rail_komuter_utara,rail,6751
2022-04-18,rail_komuter_utara,rail,5487
2022-04-19,rail_komuter_utara,rail,4863
2022-04-20,rail_komuter_utara,rail,4958
2022-04-21,rail_komuter_utara,rail,5712
2022-04-22,rail_komuter_utara,rail,7034
2022-04-23,rail_komuter_utara,rail,6179
2022-04-24,rail_komuter_utara,rail,6516
2022-04-25,rail_komuter_utara,rail,5738
2022-04-26,rail_komuter_utara,rail,5297
2022-04-27,rail_komuter_utara,rail,6072
2022-04-28,rail_komuter_utara,rail,8165
2022-04-29,rail_komuter_utara,rail,9431
2022-04-30,rail_komuter_utara,rail,7854
2022-05-01,rail_komuter_utara,rail,6904
2022-05-02,rail_komuter_utara,rail,4550
2022-05-03,rail_komuter_utara,rail,5990
2022-05-04,rail_komuter_utara,rail,9143
2022-05-05,rail_komuter_utara,rail,9646
2022-05-06,rail_komuter_utara,rail,9379
2022-05-07,rail_komuter_utara,rail,9897
2022-05-08,rail_komuter_utara,rail,11373
2022-05-09,rail_komuter_utara,rail,6805
2022-05-10,rail_komuter_utara,rail,6074
2022-05-11,rail_komuter_utara,rail,6055
2022-05-12,rail_komuter_utara,rail,7787
2022-05-13,rail_komuter_utara,rail,10933
2022-05-14,rail_komuter_utara,rail,10595
2022-05-15,rail_komuter_utara,rail,11324
2022-05-16,rail_komuter_utara,rail,9461
2022-05-17,rail_komuter_utara,rail,8108
2022-05-18,rail_komuter_utara,rail,5954
2022-05-19,rail_komuter_utara,rail,7608
2022-05-20,rail_komuter_utara,rail,8987
2022-05-21,rail_komuter_utara,rail,9077
2022-05-22,rail_komuter_utara,rail,9041
2022-05-23,rail_komuter_utara,rail,6452
2022-05-24,rail_komuter_utara,rail,5606
2022-05-25,rail_komuter_utara,rail,5959
2022-05-26,rail_komuter_utara,rail,7736
2022-05-27,rail_komuter_utara,rail,10107
2022-05-28,rail_komuter_utara,rail,9015
2022-05-29,rail_komuter_utara,rail,9394
2022-05-30,rail_komuter_utara,rail,6909
2022-05-31,rail_komuter_utara,rail,6069
2022-06-01,rail_komuter_utara,rail,6158
2022-06-02,rail_komuter_utara,rail,8526
2022-06-03,rail_komuter_utara,rail,11766
2022-06-04,rail_komuter_utara,rail,11518
2022-06-05,rail_komuter_utara,rail,11493
2022-06-06,rail_komuter_utara,rail,13928
2022-06-07,rail_komuter_utara,rail,10122
2022-06-08,rail_komuter_utara,rail,8847
2022-06-09,rail_komuter_utara,rail,10076
2022-06-10,rail_komuter_utara,rail,10852
2022-06-11,rail_komuter_utara,rail,10254
2022-06-12,rail_komuter_utara,rail,9900
2022-06-13,rail_komuter_utara,rail,7135
2022-06-14,rail_komuter_utara,rail,6076
2022-06-15,rail_komuter_utara,rail,6354
2022-06-16,rail_komuter_utara,rail,8485
2022-06-17,rail_komuter_utara,rail,10030
2022-06-18,rail_komuter_utara,rail,9167
2022-06-19,rail_komuter_utara,rail,11355
2022-06-20,rail_komuter_utara,rail,7926
2022-06-21,rail_komuter_utara,rail,6527
2022-06-22,rail_komuter_utara,rail,6251
2022-06-23,rail_komuter_utara,rail,7881
2022-06-24,rail_komuter_utara,rail,9482
2022-06-25,rail_komuter_utara,rail,9101
2022-06-26,rail_komuter_utara,rail,9453
2022-06-27,rail_komuter_utara,rail,7354
2022-06-28,rail_komuter_utara,rail,6833
2022-06-29,rail_komuter_utara,rail,6807
2022-06-30,rail_komuter_utara,rail,7334
2022-07-01,rail_komuter_utara,rail,9424
2022-07-02,rail_komuter_utara,rail,9751
2022-07-03,rail_komuter_utara,rail,10476
2022-07-04,rail_komuter_utara,rail,7538
2022-07-05,rail_komuter_utara,rail,6777
2022-07-06,rail_komuter_utara,rail,8466
2022-07-07,rail_komuter_utara,rail,10870
2022-07-08,rail_komuter_utara,rail,13003
2022-07-09,rail_komuter_utara,rail,10149
2022-07-10,rail_komuter_utara,rail,6150
2022-07-11,rail_komuter_utara,rail,11220
2022-07-12,rail_komuter_utara,rail,11048
2022-07-13,rail_komuter_utara,rail,8664
2022-07-14,rail_komuter_utara,rail,7877
2022-07-15,rail_komuter_utara,rail,9121
2022-07-16,rail_komuter_utara,rail,8607
2022-07-17,rail_komuter_utara,rail,8878
2022-07-18,rail_komuter_utara,rail,7453
2022-07-19,rail_komuter_utara,rail,6458
2022-07-20,rail_komuter_utara,rail,6439
2022-07-21,rail_komuter_utara,rail,8180
2022-07-22,rail_komuter_utara,rail,9570
2022-07-23,rail_komuter_utara,rail,8880
2022-07-24,rail_komuter_utara,rail,9251
2022-07-25,rail_komuter_utara,rail,7501
2022-07-26,rail_komuter_utara,rail,6603
2022-07-27,rail_komuter_utara,rail,6481
2022-07-28,rail_komuter_utara,rail,8331
2022-07-29,rail_komuter_utara,rail,10623
2022-07-30,rail_komuter_utara,rail,10368
2022-07-31,rail_komuter_utara,rail,10436
2022-08-01,rail_komuter_utara,rail,7754
2022-08-02,rail_komuter_utara,rail,6901
2022-08-03,rail_komuter_utara,rail,6582
2022-08-04,rail_komuter_utara,rail,8615
2022-08-05,rail_komuter_utara,rail,10390
2022-08-06,rail_komuter_utara,rail,10027
2022-08-07,rail_komuter_utara,rail,10452
2022-08-08,rail_komuter_utara,rail,7644
2022-08-09,rail_komuter_utara,rail,6677
2022-08-10,rail_komuter_utara,rail,6985
2022-08-11,rail_komuter_utara,rail,8797
2022-08-12,rail_komuter_utara,rail,10536
2022-08-13,rail_komuter_utara,rail,9652
2022-08-14,rail_komuter_utara,rail,10448
2022-08-15,rail_komuter_utara,rail,7752
2022-08-16,rail_komuter_utara,rail,6837
2022-08-17,rail_komuter_utara,rail,6850
2022-08-18,rail_komuter_utara,rail,8663
2022-08-19,rail_komuter_utara,rail,10060
2022-08-20,rail_komuter_utara,rail,9882
2022-08-21,rail_komuter_utara,rail,9676
2022-08-22,rail_komuter_utara,rail,7486
2022-08-23,rail_komuter_utara,rail,6275
2022-08-24,rail_komuter_utara,rail,6622
2022-08-25,rail_komuter_utara,rail,7962
2022-08-26,rail_komuter_utara,rail,10226
2022-08-27,rail_komuter_utara,rail,10101
2022-08-28,rail_komuter_utara,rail,10416
2022-08-29,rail_komuter_utara,rail,7681
2022-08-30,rail_komuter_utara,rail,9065
2022-08-31,rail_komuter_utara,rail,9253
2022-09-01,rail_komuter_utara,rail,9881
2022-09-02,rail_komuter_utara,rail,12984
2022-09-03,rail_komuter_utara,rail,12371
2022-09-04,rail_komuter_utara,rail,13236
2022-09-05,rail_komuter_utara,rail,11093
2022-09-06,rail_komuter_utara,rail,10440
2022-09-07,rail_komuter_utara,rail,11231
2022-09-08,rail_komuter_utara,rail,11915
2022-09-09,rail_komuter_utara,rail,13347
2022-09-10,rail_komuter_utara,rail,12390
2022-09-11,rail_komuter_utara,rail,12059
2022-09-12,rail_komuter_utara,rail,8089
2022-09-13,rail_komuter_utara,rail,7345
2022-09-14,rail_komuter_utara,rail,7582
2022-09-15,rail_komuter_utara,rail,16660
2022-09-16,rail_komuter_utara,rail,12644
2022-09-17,rail_komuter_utara,rail,10747
2022-09-18,rail_komuter_utara,rail,15070
2022-09-19,rail_komuter_utara,rail,8344
2022-09-20,rail_komuter_utara,rail,7101
2022-09-21,rail_komuter_utara,rail,6791
2022-09-22,rail_komuter_utara,rail,8742
2022-09-23,rail_komuter_utara,rail,10813
2022-09-24,rail_komuter_utara,rail,10289
2022-09-25,rail_komuter_utara,rail,10456
2022-09-26,rail_komuter_utara,rail,7982
2022-09-27,rail_komuter_utara,rail,6999
2022-09-28,rail_komuter_utara,rail,7094
2022-09-29,rail_komuter_utara,rail,9136
2022-09-30,rail_komuter_utara,rail,11180
2022-10-01,rail_komuter_utara,rail,11022
2022-10-02,rail_komuter_utara,rail,11404
2022-10-03,rail_komuter_utara,rail,8301
2022-10-04,rail_komuter_utara,rail,7135
2022-10-05,rail_komuter_utara,rail,7453
2022-10-06,rail_komuter_utara,rail,11324
2022-10-07,rail_komuter_utara,rail,14433
2022-10-08,rail_komuter_utara,rail,12835
2022-10-09,rail_komuter_utara,rail,13077
2022-10-10,rail_komuter_utara,rail,14019
2022-10-11,rail_komuter_utara,rail,8154
2022-10-12,rail_komuter_utara,rail,7540
2022-10-13,rail_komuter_utara,rail,9996
2022-10-14,rail_komuter_utara,rail,10711
2022-10-15,rail_komuter_utara,rail,10873
2022-10-16,rail_komuter_utara,rail,10602
2022-10-17,rail_komuter_utara,rail,8122
2022-10-18,rail_komuter_utara,rail,6988
2022-10-19,rail_komuter_utara,rail,7265
2022-10-20,rail_komuter_utara,rail,13535
2022-10-21,rail_komuter_utara,rail,18373
2022-10-22,rail_komuter_utara,rail,13900
2022-10-23,rail_komuter_utara,rail,12162
2022-10-24,rail_komuter_utara,rail,14955
2022-10-25,rail_komuter_utara,rail,12411
2022-10-26,rail_komuter_utara,rail,9555
2022-10-27,rail_komuter_utara,rail,8777
2022-10-28,rail_komuter_utara,rail,10422
2022-10-29,rail_komuter_utara,rail,10998
2022-10-30,rail_komuter_utara,rail,10523
2022-10-31,rail_komuter_utara,rail,7764
2022-11-01,rail_komuter_utara,rail,6879
2022-11-02,rail_komuter_utara,rail,6965
2022-11-03,rail_komuter_utara,rail,10167
2022-11-04,rail_komuter_utara,rail,12440
2022-11-05,rail_komuter_utara,rail,11409
2022-11-06,rail_komuter_utara,rail,12272
2022-11-07,rail_komuter_utara,rail,8181
2022-11-08,rail_komuter_utara,rail,6809
2022-11-09,rail_komuter_utara,rail,6967
2022-11-10,rail_komuter_utara,rail,9128
2022-11-11,rail_komuter_utara,rail,11310
2022-11-12,rail_komuter_utara,rail,10688
2022-11-13,rail_komuter_utara,rail,10737
2022-11-14,rail_komuter_utara,rail,8599
2022-11-15,rail_komuter_utara,rail,9153
2022-11-16,rail_komuter_utara,rail,14015
2022-11-17,rail_komuter_utara,rail,16175
2022-11-18,rail_komuter_utara,rail,13496
2022-11-19,rail_komuter_utara,rail,9644
2022-11-20,rail_komuter_utara,rail,14166
2022-11-21,rail_komuter_utara,rail,14706
2022-11-22,rail_komuter_utara,rail,8145
2022-11-23,rail_komuter_utara,rail,7219
2022-11-24,rail_komuter_utara,rail,8741
2022-11-25,rail_komuter_utara,rail,11694
2022-11-26,rail_komuter_utara,rail,11681
2022-11-27,rail_komuter_utara,rail,10487
2022-11-28,rail_komuter_utara,rail,12147
2022-11-29,rail_komuter_utara,rail,7934
2022-11-30,rail_komuter_utara,rail,7133
2022-12-01,rail_komuter_utara,rail,9827
2022-12-02,rail_komuter_utara,rail,13483
2022-12-03,rail_komuter_utara,rail,12908
2022-12-04,rail_komuter_utara,rail,12385
2022-12-05,rail_komuter_utara,rail,9094
2022-12-06,rail_komuter_utara,rail,8035
2022-12-07,rail_komuter_utara,rail,8622
2022-12-08,rail_komuter_utara,rail,10488
2022-12-09,rail_komuter_utara,rail,12191
2022-12-10,rail_komuter_utara,rail,12153
2022-12-11,rail_komuter_utara,rail,13914
2022-12-12,rail_komuter_utara,rail,11254
2022-12-13,rail_komuter_utara,rail,9548
2022-12-14,rail_komuter_utara,rail,9349
2022-12-15,rail_komuter_utara,rail,11023
2022-12-16,rail_komuter_utara,rail,12379
2022-12-17,rail_komuter_utara,rail,11433
2022-12-18,rail_komuter_utara,rail,12330
2022-12-19,rail_komuter_utara,rail,10759
2022-12-20,rail_komuter_utara,rail,9935
2022-12-21,rail_komuter_utara,rail,10174
2022-12-22,rail_komuter_utara,rail,13852
2022-12-23,rail_komuter_utara,rail,15101
2022-12-24,rail_komuter_utara,rail,12813
2022-12-25,rail_komuter_utara,rail,12183
2022-12-26,rail_komuter_utara,rail,15038
2022-12-27,rail_komuter_utara,rail,11678
2022-12-28,rail_komuter_utara,rail,11099
2022-12-29,rail_komuter_utara,rail,12335
2022-12-30,rail_komuter_utara,rail,13121
2022-12-31,rail_komuter_utara,rail,12707
2023-01-01,rail_komuter_utara,rail,11735
2023-01-02,rail_komuter_utara,rail,12462
2023-01-03,rail_komuter_utara,rail,8518
2023-01-04,rail_komuter_utara,rail,7339
2023-01-05,rail_komuter_utara,rail,9093
2023-01-06,rail_komuter_utara,rail,10122
2023-01-07,rail_komuter_utara,rail,9692
2023-01-08,rail_komuter_utara,rail,10401
2023-01-09,rail_komuter_utara,rail,8167
2023-01-10,rail_komuter_utara,rail,7017
2023-01-11,rail_komuter_utara,rail,7165
2023-01-12,rail_komuter_utara,rail,8766
2023-01-13,rail_komuter_utara,rail,10225
2023-01-14,rail_komuter_utara,rail,9281
2023-01-15,rail_komuter_utara,rail,9935
2023-01-16,rail_komuter_utara,rail,7893
2023-01-17,rail_komuter_utara,rail,7156
2023-01-18,rail_komuter_utara,rail,8078
2023-01-19,rail_komuter_utara,rail,15426
2023-01-20,rail_komuter_utara,rail,15034
2023-01-21,rail_komuter_utara,rail,12761
2023-01-22,rail_komuter_utara,rail,11589
2023-01-23,rail_komuter_utara,rail,12827
2023-01-24,rail_komuter_utara,rail,16257
2023-01-25,rail_komuter_utara,rail,10853
2023-01-26,rail_komuter_utara,rail,9909
2023-01-27,rail_komuter_utara,rail,10908
2023-01-28,rail_komuter_utara,rail,10511
2023-01-29,rail_komuter_utara,rail,10573
2023-01-30,rail_komuter_utara,rail,9011
2023-01-31,rail_komuter_utara,rail,8134
2023-02-01,rail_komuter_utara,rail,8160
2023-02-02,rail_komuter_utara,rail,10681
2023-02-03,rail_komuter_utara,rail,12445
2023-02-04,rail_komuter_utara,rail,11793
2023-02-05,rail_komuter_utara,rail,13497
2023-02-06,rail_komuter_utara,rail,11436
2023-02-07,rail_komuter_utara,rail,8979
2023-02-08,rail_komuter_utara,rail,8248
2023-02-09,rail_komuter_utara,rail,9825
2023-02-10,rail_komuter_utara,rail,11152
2023-02-11,rail_komuter_utara,rail,10140
2023-02-12,rail_komuter_utara,rail,11165
2023-02-13,rail_komuter_utara,rail,8625
2023-02-14,rail_komuter_utara,rail,7953
2023-02-15,rail_komuter_utara,rail,8414
2023-02-16,rail_komuter_utara,rail,10758
2023-02-17,rail_komuter_utara,rail,12467
2023-02-18,rail_komuter_utara,rail,11071
2023-02-19,rail_komuter_utara,rail,12316
2023-02-20,rail_komuter_utara,rail,10115
2023-02-21,rail_komuter_utara,rail,9134
2023-02-22,rail_komuter_utara,rail,9510
2023-02-23,rail_komuter_utara,rail,11125
2023-02-24,rail_komuter_utara,rail,13379
2023-02-25,rail_komuter_utara,rail,11742
2023-02-26,rail_komuter_utara,rail,12936
2023-02-27,rail_komuter_utara,rail,10615
2023-02-28,rail_komuter_utara,rail,9779
2023-03-01,rail_komuter_utara,rail,9798
2023-03-02,rail_komuter_utara,rail,11889
2023-03-03,rail_komuter_utara,rail,13287
2023-03-04,rail_komuter_utara,rail,12514
2023-03-05,rail_komuter_utara,rail,13980
2023-03-06,rail_komuter_utara,rail,10923
2023-03-07,rail_komuter_utara,rail,9948
2023-03-08,rail_komuter_utara,rail,10516
2023-03-09,rail_komuter_utara,rail,11807
2023-03-10,rail_komuter_utara,rail,14261
2023-03-11,rail_komuter_utara,rail,13198
2023-03-12,rail_komuter_utara,rail,14024
2023-03-13,rail_komuter_utara,rail,11290
2023-03-14,rail_komuter_utara,rail,10072
2023-03-15,rail_komuter_utara,rail,10054
2023-03-16,rail_komuter_utara,rail,10881
2023-03-17,rail_komuter_utara,rail,12319
2023-03-18,rail_komuter_utara,rail,11457
2023-03-19,rail_komuter_utara,rail,12376
2023-03-20,rail_komuter_utara,rail,8989
2023-03-21,rail_komuter_utara,rail,8910
2023-03-22,rail_komuter_utara,rail,13293
2023-03-23,rail_komuter_utara,rail,7863
2023-03-24,rail_komuter_utara,rail,12789
2023-03-25,rail_komuter_utara,rail,9471
2023-03-26,rail_komuter_utara,rail,12531
2023-03-27,rail_komuter_utara,rail,8212
2023-03-28,rail_komuter_utara,rail,6848
2023-03-29,rail_komuter_utara,rail,6807
2023-03-30,rail_komuter_utara,rail,9875
2023-03-31,rail_komuter_utara,rail,13559
2023-04-01,rail_komuter_utara,rail,9749
2023-04-02,rail_komuter_utara,rail,11558
2023-04-03,rail_komuter_utara,rail,8164
2023-04-04,rail_komuter_utara,rail,7198
2023-04-05,rail_komuter_utara,rail,7200
2023-04-06,rail_komuter_utara,rail,11077
2023-04-07,rail_komuter_utara,rail,13924
2023-04-08,rail_komuter_utara,rail,10463
2023-04-09,rail_komuter_utara,rail,12833
2023-04-10,rail_komuter_utara,rail,8828
2023-04-11,rail_komuter_utara,rail,7144
2023-04-12,rail_komuter_utara,rail,7768
2023-04-13,rail_komuter_utara,rail,11536
2023-04-14,rail_komuter_utara,rail,13683
2023-04-15,rail_komuter_utara,rail,11025
2023-04-16,rail_komuter_utara,rail,10743
2023-04-17,rail_komuter_utara,rail,8837
2023-04-18,rail_komuter_utara,rail,11995
2023-04-19,rail_komuter_utara,rail,13160
2023-04-20,rail_komuter_utara,rail,12722
2023-04-21,rail_komuter_utara,rail,6941
2023-04-22,rail_komuter_utara,rail,6766
2023-04-23,rail_komuter_utara,rail,10043
2023-04-24,rail_komuter_utara,rail,12704
2023-04-25,rail_komuter_utara,rail,12617
2023-04-26,rail_komuter_utara,rail,12081
2023-04-27,rail_komuter_utara,rail,12455
2023-04-28,rail_komuter_utara,rail,12595
2023-04-29,rail_komuter_utara,rail,13205
2023-04-30,rail_komuter_utara,rail,12855
2023-05-01,rail_komuter_utara,rail,17585
2023-05-02,rail_komuter_utara,rail,10334
2023-05-03,rail_komuter_utara,rail,11065
2023-05-04,rail_komuter_utara,rail,11523
2023-05-05,rail_komuter_utara,rail,12074
2023-05-06,rail_komuter_utara,rail,11899
2023-05-07,rail_komuter_utara,rail,12768
2023-05-08,rail_komuter_utara,rail,8831
2023-05-09,rail_komuter_utara,rail,7470
2023-05-10,rail_komuter_utara,rail,7869
2023-05-11,rail_komuter_utara,rail,10187
2023-05-12,rail_komuter_utara,rail,12639
2023-05-13,rail_komuter_utara,rail,11563
2023-05-14,rail_komuter_utara,rail,12497
2023-05-15,rail_komuter_utara,rail,9477
2023-05-16,rail_komuter_utara,rail,8323
2023-05-17,rail_komuter_utara,rail,8744
2023-05-18,rail_komuter_utara,rail,9689
2023-05-19,rail_komuter_utara,rail,11927
2023-05-20,rail_komuter_utara,rail,10962
2023-05-21,rail_komuter_utara,rail,11893
2023-05-22,rail_komuter_utara,rail,8783
2023-05-23,rail_komuter_utara,rail,7864
2023-05-24,rail_komuter_utara,rail,8360
2023-05-25,rail_komuter_utara,rail,12216
2023-05-26,rail_komuter_utara,rail,15320
2023-05-27,rail_komuter_utara,rail,13395
2023-05-28,rail_komuter_utara,rail,15188
2023-05-29,rail_komuter_utara,rail,13096
2023-05-30,rail_komuter_utara,rail,11823
2023-05-31,rail_komuter_utara,rail,4711
2023-06-01,rail_komuter_utara,rail,13569
2023-06-02,rail_komuter_utara,rail,14933
2023-06-03,rail_komuter_utara,rail,14786
2023-06-04,rail_komuter_utara,rail,13790
2023-06-05,rail_komuter_utara,rail,17544
2023-06-06,rail_komuter_utara,rail,10528
2023-06-07,rail_komuter_utara,rail,8723
2023-06-08,rail_komuter_utara,rail,9779
2023-06-09,rail_komuter_utara,rail,11411
2023-06-10,rail_komuter_utara,rail,10849
2023-06-11,rail_komuter_utara,rail,12064
2023-06-12,rail_komuter_utara,rail,9494
2023-06-13,rail_komuter_utara,rail,8409
2023-06-14,rail_komuter_utara,rail,8294
2023-06-15,rail_komuter_utara,rail,11126
2023-06-16,rail_komuter_utara,rail,12541
2023-06-17,rail_komuter_utara,rail,11108
2023-06-18,rail_komuter_utara,rail,13160
2023-06-19,rail_komuter_utara,rail,9586
2023-06-20,rail_komuter_utara,rail,8307
2023-06-21,rail_komuter_utara,rail,7678
2023-06-22,rail_komuter_utara,rail,9673
2023-06-23,rail_komuter_utara,rail,11975
2023-06-24,rail_komuter_utara,rail,11275
2023-06-25,rail_komuter_utara,rail,11483
2023-06-26,rail_komuter_utara,rail,11593
2023-06-27,rail_komuter_utara,rail,15223
2023-06-28,rail_komuter_utara,rail,15957
2023-06-29,rail_komuter_utara,rail,8662
2023-06-30,rail_komuter_utara,rail,11793
2023-07-01,rail_komuter_utara,rail,12803
2023-07-02,rail_komuter_utara,rail,18811
2023-07-03,rail_komuter_utara,rail,11182
2023-07-04,rail_komuter_utara,rail,9113
2023-07-05,rail_komuter_utara,rail,8649
2023-07-06,rail_komuter_utara,rail,11547
2023-07-07,rail_komuter_utara,rail,13511
2023-07-08,rail_komuter_utara,rail,12618
2023-07-09,rail_komuter_utara,rail,13214
2023-07-10,rail_komuter_utara,rail,9901
2023-07-11,rail_komuter_utara,rail,8086
2023-07-12,rail_komuter_utara,rail,7881
2023-07-13,rail_komuter_utara,rail,10281
2023-07-14,rail_komuter_utara,rail,12272
2023-07-15,rail_komuter_utara,rail,11590
2023-07-16,rail_komuter_utara,rail,12376
2023-07-17,rail_komuter_utara,rail,9461
2023-07-18,rail_komuter_utara,rail,9458
2023-07-19,rail_komuter_utara,rail,8477
2023-07-20,rail_komuter_utara,rail,10313
2023-07-21,rail_komuter_utara,rail,11573
2023-07-22,rail_komuter_utara,rail,10586
2023-07-23,rail_komuter_utara,rail,11717
2023-07-24,rail_komuter_utara,rail,9183
2023-07-25,rail_komuter_utara,rail,8267
2023-07-26,rail_komuter_utara,rail,8591
2023-07-27,rail_komuter_utara,rail,10510
2023-07-28,rail_komuter_utara,rail,13566
2023-07-29,rail_komuter_utara,rail,12754
2023-07-30,rail_komuter_utara,rail,13913
2023-07-31,rail_komuter_utara,rail,10486
2023-08-01,rail_komuter_utara,rail,9718
2023-08-02,rail_komuter_utara,rail,9585
2023-08-03,rail_komuter_utara,rail,11356
2023-08-04,rail_komuter_utara,rail,12895
2023-08-05,rail_komuter_utara,rail,11973
2023-08-06,rail_komuter_utara,rail,12766
2023-08-07,rail_komuter_utara,rail,9733
2023-08-08,rail_komuter_utara,rail,8717
2023-08-09,rail_komuter_utara,rail,9240
2023-08-10,rail_komuter_utara,rail,14089
2023-08-11,rail_komuter_utara,rail,15062
2023-08-12,rail_komuter_utara,rail,12181
2023-08-13,rail_komuter_utara,rail,15873
2023-08-14,rail_komuter_utara,rail,10206
2023-08-15,rail_komuter_utara,rail,8238
2023-08-16,rail_komuter_utara,rail,7934
2023-08-17,rail_komuter_utara,rail,9414
2023-08-18,rail_komuter_utara,rail,11386
2023-08-19,rail_komuter_utara,rail,11255
2023-08-20,rail_komuter_utara,rail,11786
2023-08-21,rail_komuter_utara,rail,9039
2023-08-22,rail_komuter_utara,rail,7906
2023-08-23,rail_komuter_utara,rail,8437
2023-08-24,rail_komuter_utara,rail,10849
2023-08-25,rail_komuter_utara,rail,13606
2023-08-26,rail_komuter_utara,rail,13542
2023-08-27,rail_komuter_utara,rail,15334
2023-08-28,rail_komuter_utara,rail,13263
2023-08-29,rail_komuter_utara,rail,13317
2023-08-30,rail_komuter_utara,rail,17998
2023-08-31,rail_komuter_utara,rail,15560
2023-09-01,rail_komuter_utara,rail,15171
2023-09-02,rail_komuter_utara,rail,14945
2023-09-03,rail_komuter_utara,rail,15575
2023-09-04,rail_komuter_utara,rail,9511
2023-09-05,rail_komuter_utara,rail,8361
2023-09-06,rail_komuter_utara,rail,8403
2023-09-07,rail_komuter_utara,rail,10483
2023-09-08,rail_komuter_utara,rail,13109
2023-09-09,rail_komuter_utara,rail,11573
2023-09-10,rail_komuter_utara,rail,12539
2023-09-11,rail_komuter_utara,rail,9455
2023-09-12,rail_komuter_utara,rail,8472
2023-09-13,rail_komuter_utara,rail,8580
2023-09-14,rail_komuter_utara,rail,11415
2023-09-15,rail_komuter_utara,rail,15055
2023-09-16,rail_komuter_utara,rail,16659
2023-09-17,rail_komuter_utara,rail,17131
2023-09-18,rail_komuter_utara,rail,10612
2023-09-19,rail_komuter_utara,rail,8800
2023-09-20,rail_komuter_utara,rail,8648
2023-09-21,rail_komuter_utara,rail,10295
2023-09-22,rail_komuter_utara,rail,13551
2023-09-23,rail_komuter_utara,rail,11974
2023-09-24,rail_komuter_utara,rail,14307
2023-09-25,rail_komuter_utara,rail,10279
2023-09-26,rail_komuter_utara,rail,9636
2023-09-27,rail_komuter_utara,rail,16242
2023-09-28,rail_komuter_utara,rail,14926
2023-09-29,rail_komuter_utara,rail,15466
2023-09-30,rail_komuter_utara,rail,15873
2023-10-01,rail_komuter_utara,rail,17937
2023-10-02,rail_komuter_utara,rail,11289
2023-10-03,rail_komuter_utara,rail,9542
2023-10-04,rail_komuter_utara,rail,9203
2023-10-05,rail_komuter_utara,rail,12265
2023-10-06,rail_komuter_utara,rail,16270
2023-10-07,rail_komuter_utara,rail,15823
2023-10-08,rail_komuter_utara,rail,17619
2023-10-09,rail_komuter_utara,rail,11107
2023-10-10,rail_komuter_utara,rail,9968
2023-10-11,rail_komuter_utara,rail,9634
2023-10-12,rail_komuter_utara,rail,14523
2023-10-13,rail_komuter_utara,rail,19394
2023-10-14,rail_komuter_utara,rail,15281
2023-10-15,rail_komuter_utara,rail,17615
2023-10-16,rail_komuter_utara,rail,11338
2023-10-17,rail_komuter_utara,rail,9389
2023-10-18,rail_komuter_utara,rail,9948
2023-10-19,rail_komuter_utara,rail,13336
2023-10-20,rail_komuter_utara,rail,17160
2023-10-21,rail_komuter_utara,rail,14996
2023-10-22,rail_komuter_utara,rail,16777
2023-10-23,rail_komuter_utara,rail,11516
2023-10-24,rail_komuter_utara,rail,9712
2023-10-25,rail_komuter_utara,rail,10014
2023-10-26,rail_komuter_utara,rail,14005
2023-10-27,rail_komuter_utara,rail,17072
2023-10-28,rail_komuter_utara,rail,14800
2023-10-29,rail_komuter_utara,rail,17122
2023-10-30,rail_komuter_utara,rail,11520
2023-10-31,rail_komuter_utara,rail,9542
2023-11-01,rail_komuter_utara,rail,9630
2023-11-02,rail_komuter_utara,rail,13912
2023-11-03,rail_komuter_utara,rail,17031
2023-11-04,rail_komuter_utara,rail,14839
2023-11-05,rail_komuter_utara,rail,16672
2023-11-06,rail_komuter_utara,rail,11356
2023-11-07,rail_komuter_utara,rail,10094
2023-11-08,rail_komuter_utara,rail,11542
2023-11-09,rail_komuter_utara,rail,19419
2023-11-10,rail_komuter_utara,rail,24560
2023-11-11,rail_komuter_utara,rail,17565
2023-11-12,rail_komuter_utara,rail,16082
2023-11-13,rail_komuter_utara,rail,20440
2023-11-14,rail_komuter_utara,rail,16563
2023-11-15,rail_komuter_utara,rail,11897
2023-11-16,rail_komuter_utara,rail,12556
2023-11-17,rail_komuter_utara,rail,14889
2023-11-18,rail_komuter_utara,rail,14591
2023-11-19,rail_komuter_utara,rail,16675
2023-11-20,rail_komuter_utara,rail,11791
2023-11-21,rail_komuter_utara,rail,9964
2023-11-22,rail_komuter_utara,rail,9852
2023-11-23,rail_komuter_utara,rail,13223
2023-11-24,rail_komuter_utara,rail,16756
2023-11-25,rail_komuter_utara,rail,14846
2023-11-26,rail_komuter_utara,rail,16723
2023-11-27,rail_komuter_utara,rail,11999
2023-11-28,rail_komuter_utara,rail,10379
2023-11-29,rail_komuter_utara,rail,10457
2023-11-30,rail_komuter_utara,rail,14069
2023-12-01,rail_komuter_utara,rail,17126
2023-12-02,rail_komuter_utara,rail,15293
2023-12-03,rail_komuter_utara,rail,17563
2023-12-04,rail_komuter_utara,rail,12248
2023-12-05,rail_komuter_utara,rail,10001
2023-12-06,rail_komuter_utara,rail,10345
2023-12-07,rail_komuter_utara,rail,14003
2023-12-08,rail_komuter_utara,rail,17471
2023-12-09,rail_komuter_utara,rail,17416
2023-12-10,rail_komuter_utara,rail,17573
2023-12-11,rail_komuter_utara,rail,12960
2023-12-12,rail_komuter_utara,rail,10919
2023-12-13,rail_komuter_utara,rail,10939
2023-12-14,rail_komuter_utara,rail,13130
2023-12-15,rail_komuter_utara,rail,16098
2023-12-16,rail_komuter_utara,rail,14746
2023-12-17,rail_komuter_utara,rail,16903
2023-12-18,rail_komuter_utara,rail,14736
2023-12-19,rail_komuter_utara,rail,12356
2023-12-20,rail_komuter_utara,rail,14767
2023-12-21,rail_komuter_utara,rail,18370
2023-12-22,rail_komuter_utara,rail,20506
2023-12-23,rail_komuter_utara,rail,16767
2023-12-24,rail_komuter_utara,rail,15475
2023-12-25,rail_komuter_utara,rail,18355
2023-12-26,rail_komuter_utara,rail,17139
2023-12-27,rail_komuter_utara,rail,14948
2023-12-28,rail_komuter_utara,rail,16074
2023-12-29,rail_komuter_utara,rail,17220
2023-12-30,rail_komuter_utara,rail,17606
2023-12-31,rail_komuter_utara,rail,16531
2024-01-01,rail_komuter_utara,rail,18993
2024-01-02,rail_komuter_utara,rail,12455
2024-01-03,rail_komuter_utara,rail,10583
2024-01-04,rail_komuter_utara,rail,11614
2024-01-05,rail_komuter_utara,rail,13302
2024-01-06,rail_komuter_utara,rail,12347
2024-01-07,rail_komuter_utara,rail,13501
2024-01-08,rail_komuter_utara,rail,10774
2024-01-09,rail_komuter_utara,rail,11203
2024-01-10,rail_komuter_utara,rail,12056
2024-01-11,rail_komuter_utara,rail,13509
2024-01-12,rail_komuter_utara,rail,15445
2024-01-13,rail_komuter_utara,rail,13229
2024-01-14,rail_komuter_utara,rail,16170
2024-01-15,rail_komuter_utara,rail,11587
2024-01-16,rail_komuter_utara,rail,10421
2024-01-17,rail_komuter_utara,rail,9929
2024-01-18,rail_komuter_utara,rail,11894
2024-01-19,rail_komuter_utara,rail,14863
2024-01-20,rail_komuter_utara,rail,13168
2024-01-21,rail_komuter_utara,rail,13891
2024-01-22,rail_komuter_utara,rail,11864
2024-01-23,rail_komuter_utara,rail,11012
2024-01-24,rail_komuter_utara,rail,16911
2024-01-25,rail_komuter_utara,rail,13925
2024-01-26,rail_komuter_utara,rail,14621
2024-01-27,rail_komuter_utara,rail,14419
2024-01-28,rail_komuter_utara,rail,15932
2024-01-29,rail_komuter_utara,rail,12034
2024-01-30,rail_komuter_utara,rail,10576
2024-01-31,rail_komuter_utara,rail,10601
2024-02-01,rail_komuter_utara,rail,11925
2024-02-02,rail_komuter_utara,rail,14057
2024-02-03,rail_komuter_utara,rail,13426
2024-02-04,rail_komuter_utara,rail,14353
2024-02-05,rail_komuter_utara,rail,12429
2024-02-06,rail_komuter_utara,rail,11822
2024-02-07,rail_komuter_utara,rail,17235
2024-02-08,rail_komuter_utara,rail,17502
2024-02-09,rail_komuter_utara,rail,18369
2024-02-10,rail_komuter_utara,rail,16070
2024-02-11,rail_komuter_utara,rail,16692
2024-02-12,rail_komuter_utara,rail,20951
2024-02-13,rail_komuter_utara,rail,17163
2024-02-14,rail_komuter_utara,rail,15101
2024-02-15,rail_komuter_utara,rail,16028
2024-02-16,rail_komuter_utara,rail,16714
2024-02-17,rail_komuter_utara,rail,14874
2024-02-18,rail_komuter_utara,rail,16937
2024-02-19,rail_komuter_utara,rail,13826
2024-02-20,rail_komuter_utara,rail,13258
2024-02-21,rail_komuter_utara,rail,12769
2024-02-22,rail_komuter_utara,rail,14918
2024-02-23,rail_komuter_utara,rail,17893
2024-02-24,rail_komuter_utara,rail,15613
2024-02-25,rail_komuter_utara,rail,18330
2024-02-26,rail_komuter_utara,rail,15215
2024-02-27,rail_komuter_utara,rail,13304
2024-02-28,rail_komuter_utara,rail,13883
2024-02-29,rail_komuter_utara,rail,15852
2024-03-01,rail_komuter_utara,rail,19215
2024-03-02,rail_komuter_utara,rail,16420
2024-03-03,rail_komuter_utara,rail,18473
2024-03-04,rail_komuter_utara,rail,15335
2024-03-05,rail_komuter_utara,rail,12990
2024-03-06,rail_komuter_utara,rail,13329
2024-03-07,rail_komuter_utara,rail,14739
2024-03-08,rail_komuter_utara,rail,18053
2024-03-09,rail_komuter_utara,rail,15810
2024-03-10,rail_komuter_utara,rail,17907
2024-03-11,rail_komuter_utara,rail,12957
2024-03-12,rail_komuter_utara,rail,8890
2024-03-13,rail_komuter_utara,rail,9980
2024-03-14,rail_komuter_utara,rail,14050
2024-03-15,rail_komuter_utara,rail,16569
2024-03-16,rail_komuter_utara,rail,11415
2024-03-17,rail_komuter_utara,rail,14676
2024-03-18,rail_komuter_utara,rail,11270
2024-03-19,rail_komuter_utara,rail,9302
2024-03-20,rail_komuter_utara,rail,9261
2024-03-21,rail_komuter_utara,rail,12292
2024-03-22,rail_komuter_utara,rail,16281
2024-03-23,rail_komuter_utara,rail,11667
2024-03-24,rail_komuter_utara,rail,14512
2024-03-25,rail_komuter_utara,rail,11113
2024-03-26,rail_komuter_utara,rail,9535
2024-03-27,rail_komuter_utara,rail,12345
2024-03-28,rail_komuter_utara,rail,12060
2024-03-29,rail_komuter_utara,rail,14601
2024-03-30,rail_komuter_utara,rail,12015
2024-03-31,rail_komuter_utara,rail,14959
2024-04-01,rail_komuter_utara,rail,11072
2024-04-02,rail_komuter_utara,rail,9994
2024-04-03,rail_komuter_utara,rail,10564
2024-04-04,rail_komuter_utara,rail,14349
2024-04-05,rail_komuter_utara,rail,16695
2024-04-06,rail_komuter_utara,rail,13651
2024-04-07,rail_komuter_utara,rail,14075
2024-04-08,rail_komuter_utara,rail,14989
2024-04-09,rail_komuter_utara,rail,13412
2024-04-10,rail_komuter_utara,rail,10581
2024-04-11,rail_komuter_utara,rail,14591
2024-04-12,rail_komuter_utara,rail,16555
2024-04-13,rail_komuter_utara,rail,17701
2024-04-14,rail_komuter_utara,rail,22152
2024-04-15,rail_komuter_utara,rail,15179
2024-04-16,rail_komuter_utara,rail,12323
2024-04-17,rail_komuter_utara,rail,11097
2024-04-18,rail_komuter_utara,rail,14771
2024-04-19,rail_komuter_utara,rail,18438
2024-04-20,rail_komuter_utara,rail,17301
2024-04-21,rail_komuter_utara,rail,17801
2024-04-22,rail_komuter_utara,rail,12558
2024-04-23,rail_komuter_utara,rail,10664
2024-04-24,rail_komuter_utara,rail,10823
2024-04-25,rail_komuter_utara,rail,14154
2024-04-26,rail_komuter_utara,rail,18951
2024-04-27,rail_komuter_utara,rail,16326
2024-04-28,rail_komuter_utara,rail,18057
2024-04-29,rail_komuter_utara,rail,12888
2024-04-30,rail_komuter_utara,rail,14593
2024-05-01,rail_komuter_utara,rail,15904
2024-05-02,rail_komuter_utara,rail,14620
2024-05-03,rail_komuter_utara,rail,18094
2024-05-04,rail_komuter_utara,rail,18494
2024-05-05,rail_komuter_utara,rail,19280
2024-05-06,rail_komuter_utara,rail,13035
2024-05-07,rail_komuter_utara,rail,10716
2024-05-08,rail_komuter_utara,rail,10990
2024-05-09,rail_komuter_utara,rail,14131
2024-05-10,rail_komuter_utara,rail,19516
2024-05-11,rail_komuter_utara,rail,16419
2024-05-12,rail_komuter_utara,rail,16968
2024-05-13,rail_komuter_utara,rail,12891
2024-05-14,rail_komuter_utara,rail,11027
2024-05-15,rail_komuter_utara,rail,11586
2024-05-16,rail_komuter_utara,rail,16115
2024-05-17,rail_komuter_utara,rail,17701
2024-05-18,rail_komuter_utara,rail,15971
2024-05-19,rail_komuter_utara,rail,18271
2024-05-20,rail_komuter_utara,rail,14211
2024-05-21,rail_komuter_utara,rail,13139
2024-05-22,rail_komuter_utara,rail,12511
2024-05-23,rail_komuter_utara,rail,14220
2024-05-24,rail_komuter_utara,rail,19020
2024-05-25,rail_komuter_utara,rail,17137
2024-05-26,rail_komuter_utara,rail,17532
2024-05-27,rail_komuter_utara,rail,16531
2024-05-28,rail_komuter_utara,rail,14995
2024-05-29,rail_komuter_utara,rail,16003
2024-05-30,rail_komuter_utara,rail,16729
2024-05-31,rail_komuter_utara,rail,19432
2024-06-01,rail_komuter_utara,rail,19833
2024-06-02,rail_komuter_utara,rail,18941
2024-06-03,rail_komuter_utara,rail,22520
2024-06-04,rail_komuter_utara,rail,14566
2024-06-05,rail_komuter_utara,rail,11954
2024-06-06,rail_komuter_utara,rail,12776
2024-06-07,rail_komuter_utara,rail,15262
2024-06-08,rail_komuter_utara,rail,14432
2024-06-09,rail_komuter_utara,rail,15270
2024-06-10,rail_komuter_utara,rail,12961
2024-06-11,rail_komuter_utara,rail,11399
2024-06-12,rail_komuter_utara,rail,12349
2024-06-13,rail_komuter_utara,rail,18406
2024-06-14,rail_komuter_utara,rail,22905
2024-06-15,rail_komuter_utara,rail,20559
2024-06-16,rail_komuter_utara,rail,15917
2024-06-17,rail_komuter_utara,rail,13454
2024-06-18,rail_komuter_utara,rail,19994
2024-06-19,rail_komuter_utara,rail,15521
2024-06-20,rail_komuter_utara,rail,13780
2024-06-21,rail_komuter_utara,rail,15185
2024-06-22,rail_komuter_utara,rail,15456
2024-06-23,rail_komuter_utara,rail,15314
2024-06-24,rail_komuter_utara,rail,12951
2024-06-25,rail_komuter_utara,rail,11702
2024-06-26,rail_komuter_utara,rail,10877
2024-06-27,rail_komuter_utara,rail,13565
2024-06-28,rail_komuter_utara,rail,16473
2024-06-29,rail_komuter_utara,rail,14976
2024-06-30,rail_komuter_utara,rail,17187
2024-07-01,rail_komuter_utara,rail,12787
2024-07-02,rail_komuter_utara,rail,10686
2024-07-03,rail_komuter_utara,rail,10726
2024-07-04,rail_komuter_utara,rail,14919
2024-07-05,rail_komuter_utara,rail,19435
2024-07-06,rail_komuter_utara,rail,18247
2024-07-07,rail_komuter_utara,rail,17816
2024-07-08,rail_komuter_utara,rail,17492
2024-07-09,rail_komuter_utara,rail,13157
2024-07-10,rail_komuter_utara,rail,11829
2024-07-11,rail_komuter_utara,rail,13942
2024-07-12,rail_komuter_utara,rail,16188
2024-07-13,rail_komuter_utara,rail,15521
2024-07-14,rail_komuter_utara,rail,15759
2024-07-15,rail_komuter_utara,rail,13133
2024-07-16,rail_komuter_utara,rail,11562
2024-07-17,rail_komuter_utara,rail,11749
2024-07-18,rail_komuter_utara,rail,14238
2024-07-19,rail_komuter_utara,rail,17202
2024-07-20,rail_komuter_utara,rail,16127
2024-07-21,rail_komuter_utara,rail,16686
2024-07-22,rail_komuter_utara,rail,14628
2024-07-23,rail_komuter_utara,rail,12649
2024-07-24,rail_komuter_utara,rail,12430
2024-07-25,rail_komuter_utara,rail,14973
2024-07-26,rail_komuter_utara,rail,17030
2024-07-27,rail_komuter_utara,rail,16857
2024-07-28,rail_komuter_utara,rail,16915
2024-07-29,rail_komuter_utara,rail,13483
2024-07-30,rail_komuter_utara,rail,11399
2024-07-31,rail_komuter_utara,rail,12033
2024-08-01,rail_komuter_utara,rail,14582
2024-08-02,rail_komuter_utara,rail,17812
2024-08-03,rail_komuter_utara,rail,16456
2024-08-04,rail_komuter_utara,rail,16865
2024-08-05,rail_komuter_utara,rail,12638
2024-08-06,rail_komuter_utara,rail,11024
2024-08-07,rail_komuter_utara,rail,11192
2024-08-08,rail_komuter_utara,rail,14436
2024-08-09,rail_komuter_utara,rail,18552
2024-08-10,rail_komuter_utara,rail,16856
2024-08-11,rail_komuter_utara,rail,18614
2024-08-12,rail_komuter_utara,rail,13697
2024-08-13,rail_komuter_utara,rail,11306
2024-08-14,rail_komuter_utara,rail,11467
2024-08-15,rail_komuter_utara,rail,15181
2024-08-16,rail_komuter_utara,rail,18614
2024-08-17,rail_komuter_utara,rail,16410
2024-08-18,rail_komuter_utara,rail,17286
2024-08-19,rail_komuter_utara,rail,13527
2024-08-20,rail_komuter_utara,rail,11602
2024-08-21,rail_komuter_utara,rail,11018
2024-08-22,rail_komuter_utara,rail,13195
2024-08-23,rail_komuter_utara,rail,17414
2024-08-24,rail_komuter_utara,rail,15163
2024-08-25,rail_komuter_utara,rail,15944
2024-08-26,rail_komuter_utara,rail,12071
2024-08-27,rail_komuter_utara,rail,10791
2024-08-28,rail_komuter_utara,rail,10797
2024-08-29,rail_komuter_utara,rail,14696
2024-08-30,rail_komuter_utara,rail,19981
2024-08-31,rail_komuter_utara,rail,18587
2024-09-01,rail_komuter_utara,rail,18252
2024-09-02,rail_komuter_utara,rail,13969
2024-09-03,rail_komuter_utara,rail,11553
2024-09-04,rail_komuter_utara,rail,11217
2024-09-05,rail_komuter_utara,rail,13030
2024-09-06,rail_komuter_utara,rail,16147
2024-09-07,rail_komuter_utara,rail,15010
2024-09-08,rail_komuter_utara,rail,17278
2024-09-09,rail_komuter_utara,rail,13147
2024-09-10,rail_komuter_utara,rail,11483
2024-09-11,rail_komuter_utara,rail,12148
2024-09-12,rail_komuter_utara,rail,16713
2024-09-13,rail_komuter_utara,rail,22560
2024-09-14,rail_komuter_utara,rail,21419
2024-09-15,rail_komuter_utara,rail,18105
2024-09-16,rail_komuter_utara,rail,20506
2024-09-17,rail_komuter_utara,rail,18289
2024-09-18,rail_komuter_utara,rail,16063
2024-09-19,rail_komuter_utara,rail,16176
2024-09-20,rail_komuter_utara,rail,16866
2024-09-21,rail_komuter_utara,rail,15926
2024-09-22,rail_komuter_utara,rail,17317
2024-09-23,rail_komuter_utara,rail,12778
2024-09-24,rail_komuter_utara,rail,11341
2024-09-25,rail_komuter_utara,rail,11233
2024-09-26,rail_komuter_utara,rail,13361
2024-09-27,rail_komuter_utara,rail,17353
2024-09-28,rail_komuter_utara,rail,15807
2024-09-29,rail_komuter_utara,rail,16890
2024-09-30,rail_komuter_utara,rail,13337
2024-10-01,rail_komuter_utara,rail,11854
2024-10-02,rail_komuter_utara,rail,11505
2024-10-03,rail_komuter_utara,rail,15206
2024-10-04,rail_komuter_utara,rail,20597
2024-10-05,rail_komuter_utara,rail,17861
2024-10-06,rail_komuter_utara,rail,19955
2024-10-07,rail_komuter_utara,rail,13385
2024-10-08,rail_komuter_utara,rail,11780
2024-10-09,rail_komuter_utara,rail,11920
2024-10-10,rail_komuter_utara,rail,15930
2024-10-11,rail_komuter_utara,rail,19323
2024-10-12,rail_komuter_utara,rail,17882
2024-10-13,rail_komuter_utara,rail,19600
2024-10-14,rail_komuter_utara,rail,13885
2024-10-15,rail_komuter_utara,rail,11819
2024-10-16,rail_komuter_utara,rail,11888
2024-10-17,rail_komuter_utara,rail,15732
2024-10-18,rail_komuter_utara,rail,19796
2024-10-19,rail_komuter_utara,rail,16540
2024-10-20,rail_komuter_utara,rail,18650
2024-10-21,rail_komuter_utara,rail,12993
2024-10-22,rail_komuter_utara,rail,11299
2024-10-23,rail_komuter_utara,rail,11665
2024-10-24,rail_komuter_utara,rail,15019
2024-10-25,rail_komuter_utara,rail,18979
2024-10-26,rail_komuter_utara,rail,15611
2024-10-27,rail_komuter_utara,rail,18037
2024-10-28,rail_komuter_utara,rail,15961
2024-10-29,rail_komuter_utara,rail,19563
2024-10-30,rail_komuter_utara,rail,23583
2024-10-31,rail_komuter_utara,rail,19117
2024-11-01,rail_komuter_utara,rail,17517
2024-11-02,rail_komuter_utara,rail,20014
2024-11-03,rail_komuter_utara,rail,27688
2024-11-04,rail_komuter_utara,rail,14429
2024-11-05,rail_komuter_utara,rail,12812
2024-11-06,rail_komuter_utara,rail,11627
2024-11-07,rail_komuter_utara,rail,14551
2024-11-08,rail_komuter_utara,rail,19269
2024-11-09,rail_komuter_utara,rail,18508
2024-11-10,rail_komuter_utara,rail,19947
2024-11-11,rail_komuter_utara,rail,13683
2024-11-12,rail_komuter_utara,rail,11861
2024-11-13,rail_komuter_utara,rail,12566
2024-11-14,rail_komuter_utara,rail,17625
2024-11-15,rail_komuter_utara,rail,21801
2024-11-16,rail_komuter_utara,rail,18004
2024-11-17,rail_komuter_utara,rail,18291
2024-11-18,rail_komuter_utara,rail,14232
2024-11-19,rail_komuter_utara,rail,11889
2024-11-20,rail_komuter_utara,rail,14541
2024-11-21,rail_komuter_utara,rail,15642
2024-11-22,rail_komuter_utara,rail,18739
2024-11-23,rail_komuter_utara,rail,16444
2024-11-24,rail_komuter_utara,rail,19052
2024-11-25,rail_komuter_utara,rail,14339
2024-11-26,rail_komuter_utara,rail,12292
2024-11-27,rail_komuter_utara,rail,11622
2024-11-28,rail_komuter_utara,rail,15123
2024-11-29,rail_komuter_utara,rail,18438
2024-11-30,rail_komuter_utara,rail,16772
2024-12-01,rail_komuter_utara,rail,16462
2024-12-02,rail_komuter_utara,rail,14850
2024-12-03,rail_komuter_utara,rail,12300
2024-12-04,rail_komuter_utara,rail,13868
2024-12-05,rail_komuter_utara,rail,15102
2024-12-06,rail_komuter_utara,rail,18415
2024-12-07,rail_komuter_utara,rail,17992
2024-12-08,rail_komuter_utara,rail,19450
2024-12-09,rail_komuter_utara,rail,14360
2024-12-10,rail_komuter_utara,rail,11924
2024-12-11,rail_komuter_utara,rail,13146
2024-12-12,rail_komuter_utara,rail,14327
2024-12-13,rail_komuter_utara,rail,17708
2024-12-14,rail_komuter_utara,rail,16348
2024-12-15,rail_komuter_utara,rail,16930
2024-12-16,rail_komuter_utara,rail,13898
2024-12-17,rail_komuter_utara,rail,11924
2024-12-18,rail_komuter_utara,rail,12379
2024-12-19,rail_komuter_utara,rail,17448
2024-12-20,rail_komuter_utara,rail,21144
2024-12-21,rail_komuter_utara,rail,18166
2024-12-22,rail_komuter_utara,rail,18799
2024-12-23,rail_komuter_utara,rail,19252
2024-12-24,rail_komuter_utara,rail,18387
2024-12-25,rail_komuter_utara,rail,17346
2024-12-26,rail_komuter_utara,rail,18618
2024-12-27,rail_komuter_utara,rail,18491
2024-12-28,rail_komuter_utara,rail,19693
2024-12-29,rail_komuter_utara,rail,20948
2024-12-30,rail_komuter_utara,rail,16248
2024-12-31,rail_komuter_utara,rail,14950
2025-01-01,rail_komuter_utara,rail,14967
2025-01-02,rail_komuter_utara,rail,14729
2025-01-03,rail_komuter_utara,rail,16780
2025-01-04,rail_komuter_utara,rail,15352
2025-01-05,rail_komuter_utara,rail,16281
2025-01-06,rail_komuter_utara,rail,13257
2025-01-07,rail_komuter_utara,rail,11790
2025-01-08,rail_komuter_utara,rail,12294
2025-01-09,rail_komuter_utara,rail,15822
2025-01-10,rail_komuter_utara,rail,18270
2025-01-11,rail_komuter_utara,rail,16403
2025-01-12,rail_komuter_utara,rail,16776
2025-01-13,rail_komuter_utara,rail,13080
2025-01-14,rail_komuter_utara,rail,11397
2025-01-15,rail_komuter_utara,rail,11745
2025-01-16,rail_komuter_utara,rail,14149
2025-01-17,rail_komuter_utara,rail,18197
2025-01-18,rail_komuter_utara,rail,16115
2025-01-19,rail_komuter_utara,rail,17611
2025-01-20,rail_komuter_utara,rail,14616
2025-01-21,rail_komuter_utara,rail,13442
2025-01-22,rail_komuter_utara,rail,14054
2025-01-23,rail_komuter_utara,rail,19353
2025-01-24,rail_komuter_utara,rail,22470
2025-01-25,rail_komuter_utara,rail,18865
2025-01-26,rail_komuter_utara,rail,18340
2025-01-27,rail_komuter_utara,rail,18017
2025-01-28,rail_komuter_utara,rail,19963
2025-01-29,rail_komuter_utara,rail,18835
2025-01-30,rail_komuter_utara,rail,18678
2025-01-31,rail_komuter_utara,rail,18960
2025-02-01,rail_komuter_utara,rail,19907
2025-02-02,rail_komuter_utara,rail,24176
2025-02-03,rail_komuter_utara,rail,17882
2025-02-04,rail_komuter_utara,rail,15965
2025-02-05,rail_komuter_utara,rail,15999
2025-02-06,rail_komuter_utara,rail,17734
2025-02-07,rail_komuter_utara,rail,20426
2025-02-08,rail_komuter_utara,rail,18624
2025-02-09,rail_komuter_utara,rail,20014
2025-02-10,rail_komuter_utara,rail,18416
2025-02-11,rail_komuter_utara,rail,16139
2025-02-12,rail_komuter_utara,rail,16184
2025-02-13,rail_komuter_utara,rail,17327
2025-02-14,rail_komuter_utara,rail,20154
2025-02-15,rail_komuter_utara,rail,16563
2025-02-16,rail_komuter_utara,rail,16790
2025-02-17,rail_komuter_utara,rail,13903
2025-02-18,rail_komuter_utara,rail,12704
2025-02-19,rail_komuter_utara,rail,12863
2025-02-20,rail_komuter_utara,rail,14698
2025-02-21,rail_komuter_utara,rail,17057
2025-02-22,rail_komuter_utara,rail,17060
2025-02-23,rail_komuter_utara,rail,18626
2025-02-24,rail_komuter_utara,rail,13529
2025-02-25,rail_komuter_utara,rail,12217
2025-02-26,rail_komuter_utara,rail,12647
2025-02-27,rail_komuter_utara,rail,17301
2025-02-28,rail_komuter_utara,rail,22188
2025-03-01,rail_komuter_utara,rail,16121
2025-03-02,rail_komuter_utara,rail,15715
2025-03-03,rail_komuter_utara,rail,13209
2025-03-04,rail_komuter_utara,rail,10848
2025-03-05,rail_komuter_utara,rail,10422
2025-03-06,rail_komuter_utara,rail,13484
2025-03-07,rail_komuter_utara,rail,19299
2025-03-08,rail_komuter_utara,rail,12175
2025-03-09,rail_komuter_utara,rail,15718
2025-03-10,rail_komuter_utara,rail,11859
2025-03-11,rail_komuter_utara,rail,10367
2025-03-12,rail_komuter_utara,rail,10445
2025-03-13,rail_komuter_utara,rail,14401
2025-03-14,rail_komuter_utara,rail,22049
2025-03-15,rail_komuter_utara,rail,14330
2025-03-16,rail_komuter_utara,rail,15639
2025-03-17,rail_komuter_utara,rail,12385
2025-03-18,rail_komuter_utara,rail,11162
2025-03-19,rail_komuter_utara,rail,11247
2025-03-20,rail_komuter_utara,rail,12831
2025-03-21,rail_komuter_utara,rail,16364
2025-03-22,rail_komuter_utara,rail,13224
2025-03-23,rail_komuter_utara,rail,14199
2025-03-24,rail_komuter_utara,rail,12308
2025-03-25,rail_komuter_utara,rail,12067
2025-03-26,rail_komuter_utara,rail,13364
2025-03-27,rail_komuter_utara,rail,15372
2025-03-28,rail_komuter_utara,rail,18387
2025-03-29,rail_komuter_utara,rail,16444
2025-03-30,rail_komuter_utara,rail,12840
2025-03-31,rail_komuter_utara,rail,9841
2025-04-01,rail_komuter_utara,rail,14787
2025-04-02,rail_komuter_utara,rail,15595
2025-04-03,rail_komuter_utara,rail,16506
2025-04-04,rail_komuter_utara,rail,16744
2025-04-05,rail_komuter_utara,rail,18988
2025-04-06,rail_komuter_utara,rail,20265
2025-04-07,rail_komuter_utara,rail,14018
2025-04-08,rail_komuter_utara,rail,12751
2025-04-09,rail_komuter_utara,rail,13136
2025-04-10,rail_komuter_utara,rail,16512
2025-04-11,rail_komuter_utara,rail,20091
2025-04-12,rail_komuter_utara,rail,19173
2025-04-13,rail_komuter_utara,rail,19979
2025-04-14,rail_komuter_utara,rail,15638
2025-04-15,rail_komuter_utara,rail,13902
2025-04-16,rail_komuter_utara,rail,14059
2025-04-17,rail_komuter_utara,rail,18111
2025-04-18,rail_komuter_utara,rail,20560
2025-04-19,rail_komuter_utara,rail,18312
2025-04-20,rail_komuter_utara,rail,19386
2025-04-21,rail_komuter_utara,rail,13512
2025-04-22,rail_komuter_utara,rail,11623
2025-04-23,rail_komuter_utara,rail,11847
2025-04-24,rail_komuter_utara,rail,16724
2025-04-25,rail_komuter_utara,rail,22385
2025-04-26,rail_komuter_utara,rail,19771
2025-04-27,rail_komuter_utara,rail,21408
2025-04-28,rail_komuter_utara,rail,15256
2025-04-29,rail_komuter_utara,rail,13224
2025-04-30,rail_komuter_utara,rail,23473
2025-05-01,rail_komuter_utara,rail,21577
2025-05-02,rail_komuter_utara,rail,20480
2025-05-03,rail_komuter_utara,rail,20474
2025-05-04,rail_komuter_utara,rail,22028
2025-05-05,rail_komuter_utara,rail,15666
2025-05-06,rail_komuter_utara,rail,13222
2025-05-07,rail_komuter_utara,rail,13536
2025-05-08,rail_komuter_utara,rail,16998
2025-05-09,rail_komuter_utara,rail,21761
2025-05-10,rail_komuter_utara,rail,20184
2025-05-11,rail_komuter_utara,rail,17477
2025-05-12,rail_komuter_utara,rail,20924
2025-05-13,rail_komuter_utara,rail,15168
2025-05-14,rail_komuter_utara,rail,12685
2025-05-15,rail_komuter_utara,rail,14691
2025-05-16,rail_komuter_utara,rail,16915
2025-05-17,rail_komuter_utara,rail,15951
2025-05-18,rail_komuter_utara,rail,17025
2025-05-19,rail_komuter_utara,rail,13425
2025-05-20,rail_komuter_utara,rail,12342
2025-05-21,rail_komuter_utara,rail,12690
2025-05-22,rail_komuter_utara,rail,14902
2025-05-23,rail_komuter_utara,rail,17429
2025-05-24,rail_komuter_utara,rail,16626
2025-05-25,rail_komuter_utara,rail,17301
2025-05-26,rail_komuter_utara,rail,14513
2025-05-27,rail_komuter_utara,rail,12628
2025-05-28,rail_komuter_utara,rail,14588
2025-05-29,rail_komuter_utara,rail,18943
2025-05-30,rail_komuter_utara,rail,20915
2025-05-31,rail_komuter_utara,rail,19496
2025-06-01,rail_komuter_utara,rail,19445
2025-06-02,rail_komuter_utara,rail,21750
2025-06-03,rail_komuter_utara,rail,18326
2025-06-04,rail_komuter_utara,rail,19050
2025-06-05,rail_komuter_utara,rail,22662
2025-06-06,rail_komuter_utara,rail,20950
2025-06-07,rail_komuter_utara,rail,12177
2025-06-08,rail_komuter_utara,rail,20878
2025-06-09,rail_komuter_utara,rail,22423
2025-06-10,rail_komuter_utara,rail,15210
2025-06-11,rail_komuter_utara,rail,13309
2025-06-12,rail_komuter_utara,rail,13985
2025-06-13,rail_komuter_utara,rail,16306
2025-06-14,rail_komuter_utara,rail,15416
2025-06-15,rail_komuter_utara,rail,16482
2025-06-16,rail_komuter_utara,rail,13953
2025-06-17,rail_komuter_utara,rail,12496
2025-06-18,rail_komuter_utara,rail,12187
2025-06-19,rail_komuter_utara,rail,14736
2025-06-20,rail_komuter_utara,rail,17622
2025-06-21,rail_komuter_utara,rail,15331
2025-06-22,rail_komuter_utara,rail,17364
2025-06-23,rail_komuter_utara,rail,14070
2025-06-24,rail_komuter_utara,rail,11703
2025-06-25,rail_komuter_utara,rail,12473
2025-06-26,rail_komuter_utara,rail,21311
2025-06-27,rail_komuter_utara,rail,18421
2025-06-28,rail_komuter_utara,rail,15838
2025-06-29,rail_komuter_utara,rail,20057
2025-06-30,rail_komuter_utara,rail,14678
2025-07-01,rail_komuter_utara,rail,12498
2025-07-02,rail_komuter_utara,rail,12382
2025-07-03,rail_komuter_utara,rail,14569
2025-07-04,rail_komuter_utara,rail,18841
2025-07-05,rail_komuter_utara,rail,18529
2025-07-06,rail_komuter_utara,rail,17750
2025-07-07,rail_komuter_utara,rail,16402
2025-07-08,rail_komuter_utara,rail,13634
2025-07-09,rail_komuter_utara,rail,13717
2025-07-10,rail_komuter_utara,rail,17620
2025-07-11,rail_komuter_utara,rail,20207
2025-07-12,rail_komuter_utara,rail,19387
2025-07-13,rail_komuter_utara,rail,19526
2025-07-14,rail_komuter_utara,rail,15472
2025-07-15,rail_komuter_utara,rail,13008
2025-07-16,rail_komuter_utara,rail,12954
2025-07-17,rail_komuter_utara,rail,15073
2025-07-18,rail_komuter_utara,rail,17623
2025-07-19,rail_komuter_utara,rail,16152
2025-07-20,rail_komuter_utara,rail,16770
2025-07-21,rail_komuter_utara,rail,14460
2025-07-22,rail_komuter_utara,rail,13250
2025-07-23,rail_komuter_utara,rail,12900
2025-07-24,rail_komuter_utara,rail,16074
2025-07-25,rail_komuter_utara,rail,19775
2025-07-26,rail_komuter_utara,rail,18297
2025-07-27,rail_komuter_utara,rail,18376
2025-07-28,rail_komuter_utara,rail,15038
2025-07-29,rail_komuter_utara,rail,12833
2025-07-30,rail_komuter_utara,rail,13063
2025-07-31,rail_komuter_utara,rail,16805
2025-08-01,rail_komuter_utara,rail,20143
2025-08-02,rail_komuter_utara,rail,18461
2025-08-03,rail_komuter_utara,rail,19244
2025-08-04,rail_komuter_utara,rail,14740
2025-08-05,rail_komuter_utara,rail,13098
2025-08-06,rail_komuter_utara,rail,13780
2025-08-07,rail_komuter_utara,rail,16229
2025-08-08,rail_komuter_utara,rail,20033
2025-08-09,rail_komuter_utara,rail,18482
2025-08-10,rail_komuter_utara,rail,20174
2025-08-11,rail_komuter_utara,rail,15665
2025-08-12,rail_komuter_utara,rail,13252
2025-08-13,rail_komuter_utara,rail,12710
2025-08-14,rail_komuter_utara,rail,16003
2025-08-15,rail_komuter_utara,rail,20478
2025-08-16,rail_komuter_utara,rail,18149
2025-08-17,rail_komuter_utara,rail,20020
2025-08-18,rail_komuter_utara,rail,13772
2025-08-19,rail_komuter_utara,rail,12057
2025-08-20,rail_komuter_utara,rail,12754
2025-08-21,rail_komuter_utara,rail,15647
2025-08-22,rail_komuter_utara,rail,18867
2025-08-23,rail_komuter_utara,rail,16506
2025-08-24,rail_komuter_utara,rail,17407
2025-08-25,rail_komuter_utara,rail,13988
2025-08-26,rail_komuter_utara,rail,12498
2025-08-27,rail_komuter_utara,rail,12832
2025-08-28,rail_komuter_utara,rail,18855
2025-08-29,rail_komuter_utara,rail,23547
2025-08-30,rail_komuter_utara,rail,19189
2025-08-31,rail_komuter_utara,rail,19554
2025-09-01,rail_komuter_utara,rail,21731
2025-09-02,rail_komuter_utara,rail,14619
2025-09-03,rail_komuter_utara,rail,12907
2025-09-04,rail_komuter_utara,rail,21053
2025-09-05,rail_komuter_utara,rail,16499
2025-09-06,rail_komuter_utara,rail,15766
2025-09-07,rail_komuter_utara,rail,21344
2025-09-08,rail_komuter_utara,rail,14488
2025-09-09,rail_komuter_utara,rail,12985
2025-09-10,rail_komuter_utara,rail,13032
2025-09-11,rail_komuter_utara,rail,18765
2025-09-12,rail_komuter_utara,rail,23664
2025-09-13,rail_komuter_utara,rail,21918
2025-09-14,rail_komuter_utara,rail,19991
2025-09-15,rail_komuter_utara,rail,20557
2025-09-16,rail_komuter_utara,rail,23475
2025-09-17,rail_komuter_utara,rail,19219
2025-09-18,rail_komuter_utara,rail,18507
2025-09-19,rail_komuter_utara,rail,18664
2025-09-20,rail_komuter_utara,rail,18209
2025-09-21,rail_komuter_utara,rail,18618
2025-09-22,rail_komuter_utara,rail,14347
2025-09-23,rail_komuter_utara,rail,12930
2025-09-24,rail_komuter_utara,rail,13144
2025-09-25,rail_komuter_utara,rail,15025
2025-09-26,rail_komuter_utara,rail,18444
2025-09-27,rail_komuter_utara,rail,16278
2025-09-28,rail_komuter_utara,rail,17129
2025-09-29,rail_komuter_utara,rail,14264
2025-09-30,rail_komuter_utara,rail,12522
2025-10-01,rail_komuter_utara,rail,13121
2025-10-02,rail_komuter_utara,rail,16978
2025-10-03,rail_komuter_utara,rail,20628
2025-10-04,rail_komuter_utara,rail,18249
2025-10-05,rail_komuter_utara,rail,20254
2025-10-06,rail_komuter_utara,rail,14853
2025-10-07,rail_komuter_utara,rail,12940
2025-10-08,rail_komuter_utara,rail,12895
2025-10-09,rail_komuter_utara,rail,17364
2025-10-10,rail_komuter_utara,rail,21389
2025-10-11,rail_komuter_utara,rail,18928
2025-10-12,rail_komuter_utara,rail,20276
2025-10-13,rail_komuter_utara,rail,15917
2025-10-14,rail_komuter_utara,rail,13148
2025-10-15,rail_komuter_utara,rail,14946
2025-10-16,rail_komuter_utara,rail,23591
2025-10-17,rail_komuter_utara,rail,27250
2025-10-18,rail_komuter_utara,rail,20555
2025-10-19,rail_komuter_utara,rail,17355
2025-10-20,rail_komuter_utara,rail,21331
2025-10-21,rail_komuter_utara,rail,18953
2025-10-22,rail_komuter_utara,rail,16660
2025-10-23,rail_komuter_utara,rail,15949
2025-10-24,rail_komuter_utara,rail,18358
2025-10-25,rail_komuter_utara,rail,17389
2025-10-26,rail_komuter_utara,rail,19044
2025-10-27,rail_komuter_utara,rail,14783
2025-10-28,rail_komuter_utara,rail,13030
2025-10-29,rail_komuter_utara,rail,12713
2025-10-30,rail_komuter_utara,rail,16771
2025-10-31,rail_komuter_utara,rail,20177
2025-11-01,rail_komuter_utara,rail,18130
2025-11-02,rail_komuter_utara,rail,19589
2025-11-03,rail_komuter_utara,rail,14993
2025-11-04,rail_komuter_utara,rail,12742
2025-11-05,rail_komuter_utara,rail,13024
2025-11-06,rail_komuter_utara,rail,18953
2025-11-07,rail_komuter_utara,rail,21982
2025-11-08,rail_komuter_utara,rail,18662
2025-11-09,rail_komuter_utara,rail,21931
2025-11-10,rail_komuter_utara,rail,15859
2025-11-11,rail_komuter_utara,rail,13592
2025-11-12,rail_komuter_utara,rail,13291
2025-11-13,rail_komuter_utara,rail,17822
2025-11-14,rail_komuter_utara,rail,21265
2025-11-15,rail_komuter_utara,rail,17861
2025-11-16,rail_komuter_utara,rail,18901
2025-11-17,rail_komuter_utara,rail,15318
2025-11-18,rail_komuter_utara,rail,13151
2025-11-19,rail_komuter_utara,rail,13359
2025-11-20,rail_komuter_utara,rail,17113
2025-11-21,rail_komuter_utara,rail,21952
2025-11-22,rail_komuter_utara,rail,19389
2025-11-23,rail_komuter_utara,rail,17797
2025-11-24,rail_komuter_utara,rail,16942
2025-11-25,rail_komuter_utara,rail,12959
2025-11-26,rail_komuter_utara,rail,12039
2025-11-27,rail_komuter_utara,rail,14071
2025-11-28,rail_komuter_utara,rail,16638
2025-11-29,rail_komuter_utara,rail,15253
2025-11-30,rail_komuter_utara,rail,16654
2025-12-01,rail_komuter_utara,rail,14385
2025-12-02,rail_komuter_utara,rail,12970
2025-12-03,rail_komuter_utara,rail,12935
2025-12-04,rail_komuter_utara,rail,15552
2025-12-05,rail_komuter_utara,rail,18516
2025-12-06,rail_komuter_utara,rail,16116
2025-12-07,rail_komuter_utara,rail,19491
2025-12-08,rail_komuter_utara,rail,15018
2025-12-09,rail_komuter_utara,rail,12976
2025-12-10,rail_komuter_utara,rail,13364
2025-12-11,rail_komuter_utara,rail,15811
2025-12-12,rail_komuter_utara,rail,17622
2025-12-13,rail_komuter_utara,rail,16163
2025-12-14,rail_komuter_utara,rail,16685
2025-12-15,rail_komuter_utara,rail,14998
2025-12-16,rail_komuter_utara,rail,12988
2025-12-17,rail_komuter_utara,rail,13380
2025-12-18,rail_komuter_utara,rail,17687
2025-12-19,rail_komuter_utara,rail,20284
2025-12-20,rail_komuter_utara,rail,17608
2025-12-21,rail_komuter_utara,rail,17822
2025-12-22,rail_komuter_utara,rail,17939
2025-12-23,rail_komuter_utara,rail,18240
2025-12-24,rail_komuter_utara,rail,21002
2025-12-25,rail_komuter_utara,rail,17267
2025-12-26,rail_komuter_utara,rail,17945
2025-12-27,rail_komuter_utara,rail,18748
2025-12-28,rail_komuter_utara,rail,23595
2025-12-29,rail_komuter_utara,rail,19241
2025-12-30,rail_komuter_utara,rail,17174
2025-12-31,rail_komuter_utara,rail,20536
2026-01-01,rail_komuter_utara,rail,20627
2026-01-02,rail_komuter_utara,rail,20216
2026-01-03,rail_komuter_utara,rail,17976
2026-01-04,rail_komuter_utara,rail,19885
2026-01-05,rail_komuter_utara,rail,17335
2026-01-06,rail_komuter_utara,rail,15634
2026-01-07,rail_komuter_utara,rail,15696
2026-01-08,rail_komuter_utara,rail,17282
2026-01-09,rail_komuter_utara,rail,19027
2026-01-10,rail_komuter_utara,rail,17672
2026-01-11,rail_komuter_utara,rail,17667
2026-01-12,rail_komuter_utara,rail,14646
2026-01-13,rail_komuter_utara,rail,12951
2026-01-14,rail_komuter_utara,rail,13077
2026-01-15,rail_komuter_utara,rail,16863
2026-01-16,rail_komuter_utara,rail,20698
2026-01-17,rail_komuter_utara,rail,17195
2026-01-18,rail_komuter_utara,rail,18567
2026-01-19,rail_komuter_utara,rail,14499
2026-01-20,rail_komuter_utara,rail,13207
2026-01-21,rail_komuter_utara,rail,12096
2026-01-22,rail_komuter_utara,rail,16341
2026-01-23,rail_komuter_utara,rail,18569
2026-01-24,rail_komuter_utara,rail,16066
2026-01-25,rail_komuter_utara,rail,17480
2026-01-26,rail_komuter_utara,rail,13556
2026-01-27,rail_komuter_utara,rail,12555
2026-01-28,rail_komuter_utara,rail,19800
2026-01-29,rail_komuter_utara,rail,17941
2026-01-30,rail_komuter_utara,rail,22679
2026-01-31,rail_komuter_utara,rail,19144
2026-02-01,rail_komuter_utara,rail,20128
2026-02-02,rail_komuter_utara,rail,19359
2026-02-03,rail_komuter_utara,rail,15169
2026-02-04,rail_komuter_utara,rail,14462
2026-02-05,rail_komuter_utara,rail,15096
2026-02-06,rail_komuter_utara,rail,17949
2026-02-07,rail_komuter_utara,rail,16241
2026-02-08,rail_komuter_utara,rail,20825
2026-02-09,rail_komuter_utara,rail,15712
2026-02-10,rail_komuter_utara,rail,14097
2026-02-11,rail_komuter_utara,rail,14023
2026-02-12,rail_komuter_utara,rail,18526
2026-02-13,rail_komuter_utara,rail,23960
2026-02-14,rail_komuter_utara,rail,19882
2026-02-15,rail_komuter_utara,rail,18753
2026-02-16,rail_komuter_utara,rail,20446
2026-02-17,rail_komuter_utara,rail,17398
2026-02-18,rail_komuter_utara,rail,16006
2026-02-19,rail_komuter_utara,rail,13386
2026-02-20,rail_komuter_utara,rail,15257
2026-02-21,rail_komuter_utara,rail,15609
2026-02-22,rail_komuter_utara,rail,18132
2026-02-23,rail_komuter_utara,rail,13800
2026-02-24,rail_komuter_utara,rail,12077
2026-02-25,rail_komuter_utara,rail,12816
2026-02-26,rail_komuter_utara,rail,14580
2026-02-27,rail_komuter_utara,rail,17462
2026-02-28,rail_komuter_utara,rail,13777
2026-03-01,rail_komuter_utara,rail,15905
2026-03-02,rail_komuter_utara,rail,12607
2026-03-03,rail_komuter_utara,rail,11133
2026-03-04,rail_komuter_utara,rail,13782
2026-03-05,rail_komuter_utara,rail,16063
2026-03-06,rail_komuter_utara,rail,18980
2026-03-07,rail_komuter_utara,rail,15119
2026-03-08,rail_komuter_utara,rail,16730
2026-03-09,rail_komuter_utara,rail,13833
2026-03-10,rail_komuter_utara,rail,12094
2026-03-11,rail_komuter_utara,rail,11572
2026-03-12,rail_komuter_utara,rail,15103
2026-03-13,rail_komuter_utara,rail,17308
2026-03-14,rail_komuter_utara,rail,14660
2026-03-15,rail_komuter_utara,rail,14868
2026-03-16,rail_komuter_utara,rail,14727
2026-03-17,rail_komuter_utara,rail,17465
2026-03-18,rail_komuter_utara,rail,18770
2026-03-19,rail_komuter_utara,rail,17970
2026-03-20,rail_komuter_utara,rail,11784
2026-03-21,rail_komuter_utara,rail,11706
2026-03-22,rail_komuter_utara,rail,15201
2026-03-23,rail_komuter_utara,rail,17681
2026-03-24,rail_komuter_utara,rail,17057
2026-03-25,rail_komuter_utara,rail,16480
2026-03-26,rail_komuter_utara,rail,16952
2026-03-27,rail_komuter_utara,rail,17687
2026-03-28,rail_komuter_utara,rail,18189
2026-03-29,rail_komuter_utara,rail,20826
2026-03-30,rail_komuter_utara,rail,15948
2026-03-31,rail_komuter_utara,rail,14373
2026-04-01,rail_komuter_utara,rail,13907
2026-04-02,rail_komuter_utara,rail,16641
2026-04-03,rail_komuter_utara,rail,20792
2026-04-04,rail_komuter_utara,rail,18967
2026-04-05,rail_komuter_utara,rail,20132
2026-04-06,rail_komuter_utara,rail,15869
2026-04-07,rail_komuter_utara,rail,13439
2026-04-08,rail_komuter_utara,rail,13461
2026-04-09,rail_komuter_utara,rail,17133
2026-04-10,rail_komuter_utara,rail,21842
2026-04-11,rail_komuter_utara,rail,19711
2026-04-12,rail_komuter_utara,rail,21957
2026-04-13,rail_komuter_utara,rail,17137
2026-04-14,rail_komuter_utara,rail,14907
2026-04-15,rail_komuter_utara,rail,14179
2026-04-16,rail_komuter_utara,rail,17387
2026-04-17,rail_komuter_utara,rail,21293
2026-04-18,rail_komuter_utara,rail,18734
2026-04-19,rail_komuter_utara,rail,20704
2026-04-20,rail_komuter_utara,rail,16182
2026-04-21,rail_komuter_utara,rail,13858
2026-04-22,rail_komuter_utara,rail,13706
2026-04-23,rail_komuter_utara,rail,17154
2026-04-24,rail_komuter_utara,rail,19711
2026-04-25,rail_komuter_utara,rail,17162
2026-04-26,rail_komuter_utara,rail,18753
2026-04-27,rail_komuter_utara,rail,15638
2026-04-28,rail_komuter_utara,rail,13768
2026-04-29,rail_komuter_utara,rail,14818
2026-04-30,rail_komuter_utara,rail,27634
2026-05-01,rail_komuter_utara,rail,22210
2026-05-02,rail_komuter_utara,rail,17920
2026-05-03,rail_komuter_utara,rail,39765
2026-05-04,rail_komuter_utara,rail,18281
2026-05-05,rail_komuter_utara,rail,14549
2026-05-06,rail_komuter_utara,rail,13762
2026-05-07,rail_komuter_utara,rail,15908
2026-05-08,rail_komuter_utara,rail,18888
2026-05-09,rail_komuter_utara,rail,18460
2026-05-10,rail_komuter_utara,rail,18966
2026-05-11,rail_komuter_utara,rail,15729
2026-05-12,rail_komuter_utara,rail,13539
2026-05-13,rail_komuter_utara,rail,14080
2026-05-14,rail_komuter_utara,rail,15822
2026-05-15,rail_komuter_utara,rail,18647
2026-05-16,rail_komuter_utara,rail,16346
2026-05-17,rail_komuter_utara,rail,16786
2026-05-18,rail_komuter_utara,rail,16271
2026-05-19,rail_komuter_utara,rail,13652
2026-05-20,rail_komuter_utara,rail,13800
2026-05-21,rail_komuter_utara,rail,17292
2026-05-22,rail_komuter_utara,rail,20593
2026-05-23,rail_komuter_utara,rail,18577
2026-05-24,rail_komuter_utara,rail,18942
2026-05-25,rail_komuter_utara,rail,21231
2026-05-26,rail_komuter_utara,rail,22144
2026-05-27,rail_komuter_utara,rail,13764
2026-05-28,rail_komuter_utara,rail,15238
2026-05-29,rail_komuter_utara,rail,18507
2026-05-30,rail_komuter_utara,rail,20710
2026-05-31,rail_komuter_utara,rail,20936
2026-06-01,rail_komuter_utara,rail,23793
2026-06-02,rail_komuter_utara,rail,24061
2026-06-03,rail_komuter_utara,rail,19725
2026-06-04,rail_komuter_utara,rail,18116
2026-06-05,rail_komuter_utara,rail,19316
2026-06-06,rail_komuter_utara,rail,17631
2026-06-07,rail_komuter_utara,rail,17953
2026-06-08,rail_komuter_utara,rail,15154
2026-06-09,rail_komuter_utara,rail,13520
2026-06-10,rail_komuter_utara,rail,13187
2026-06-11,rail_komuter_utara,rail,15956
2026-06-12,rail_komuter_utara,rail,18757
2026-06-13,rail_komuter_utara,rail,17215
2026-06-14,rail_komuter_utara,rail,17430
2026-06-15,rail_komuter_utara,rail,15391
2026-06-16,rail_komuter_utara,rail,15112
2026-06-17,rail_komuter_utara,rail,13579
2026-06-18,rail_komuter_utara,rail,16397
2026-06-19,rail_komuter_utara,rail,19432
2026-06-20,rail_komuter_utara,rail,17267
2026-06-21,rail_komuter_utara,rail,17997
2026-06-22,rail_komuter_utara,rail,15150
2026-06-23,rail_komuter_utara,rail,12802
2026-06-24,rail_komuter_utara,rail,13133
2026-06-25,rail_komuter_utara,rail,17506
2026-06-26,rail_komuter_utara,rail,20752
2026-06-27,rail_komuter_utara,rail,18611
2026-06-28,rail_komuter_utara,rail,19589
2026-06-29,rail_komuter_utara,rail,16619
2026-06-30,rail_komuter_utara,rail,14617
2026-07-01,rail_komuter_utara,rail,15058
2026-07-02,rail_komuter_utara,rail,19335
2026-07-03,rail_komuter_utara,rail,23187
2026-07-04,rail_komuter_utara,rail,19366
2026-07-05,rail_komuter_utara,rail,23771
2026-07-06,rail_komuter_utara,rail,17641
2026-07-07,rail_komuter_utara,rail,14289
2026-07-08,rail_komuter_utara,rail,14067
2026-07-09,rail_komuter_utara,rail,16473
2026-07-10,rail_komuter_utara,rail,22145
2026-07-11,rail_komuter_utara,rail,19733
2026-07-12,rail_komuter_utara,rail,20966
2026-07-13,rail_komuter_utara,rail,17017
2026-07-14,rail_komuter_utara,rail,14332
2026-07-15,rail_komuter_utara,rail,13999
2026-07-16,rail_komuter_utara,rail,17151
2026-07-17,rail_komuter_utara,rail,21592
2026-07-18,rail_komuter_utara,rail,18036
2026-07-19,rail_komuter_utara,rail,19968
2026-07-20,rail_komuter_utara,rail,16002
2026-07-21,rail_komuter_utara,rail,14838
2026-07-22,rail_komuter_utara,rail,14890
2026-07-23,rail_komuter_utara,rail,17970
2026-07-24,rail_komuter_utara,rail,21448
2026-07-25,rail_komuter_utara,rail,19404
2026-07-26,rail_komuter_utara,rail,20934
2026-07-27,rail_komuter_utara,rail,17220
2026-07-28,rail_komuter_utara,rail,17123
2026-07-29,rail_komuter_utara,rail,15766
2026-07-30,rail_komuter_utara,rail,20025
2026-07-31,rail_komuter_utara,rail,22838
2019-01-01,rail_lrt_ampang,rail,113357
2019-01-02,rail_lrt_ampang,rail,182715
2019-01-03,rail_lrt_ampang,rail,187904
2019-01-04,rail_lrt_ampang,rail,198420
2019-01-05,rail_lrt_ampang,rail,120773
2019-01-06,rail_lrt_ampang,rail,101145
2019-01-07,rail_lrt_ampang,rail,197569
2019-01-08,rail_lrt_ampang,rail,196879
2019-01-09,rail_lrt_ampang,rail,197314
2019-01-10,rail_lrt_ampang,rail,198876
2019-01-11,rail_lrt_ampang,rail,209859
2019-01-12,rail_lrt_ampang,rail,124608
2019-01-13,rail_lrt_ampang,rail,106718
2019-01-14,rail_lrt_ampang,rail,199162
2019-01-15,rail_lrt_ampang,rail,195405
2019-01-16,rail_lrt_ampang,rail,198901
2019-01-17,rail_lrt_ampang,rail,201926
2019-01-18,rail_lrt_ampang,rail,217270
2019-01-19,rail_lrt_ampang,rail,130758
2019-01-20,rail_lrt_ampang,rail,105012
2019-01-21,rail_lrt_ampang,rail,103443
2019-01-22,rail_lrt_ampang,rail,196298
2019-01-23,rail_lrt_ampang,rail,197309
2019-01-24,rail_lrt_ampang,rail,198692
2019-01-25,rail_lrt_ampang,rail,215764
2019-01-26,rail_lrt_ampang,rail,136301
2019-01-27,rail_lrt_ampang,rail,107763
2019-01-28,rail_lrt_ampang,rail,201365
2019-01-29,rail_lrt_ampang,rail,201416
2019-01-30,rail_lrt_ampang,rail,203261
2019-01-31,rail_lrt_ampang,rail,216817
2019-02-01,rail_lrt_ampang,rail,133281
2019-02-02,rail_lrt_ampang,rail,116729
2019-02-03,rail_lrt_ampang,rail,103011
2019-02-04,rail_lrt_ampang,rail,139596
2019-02-05,rail_lrt_ampang,rail,102683
2019-02-06,rail_lrt_ampang,rail,96384
2019-02-07,rail_lrt_ampang,rail,149863
2019-02-08,rail_lrt_ampang,rail,157270
2019-02-09,rail_lrt_ampang,rail,109346
2019-02-10,rail_lrt_ampang,rail,99421
2019-02-11,rail_lrt_ampang,rail,195601
2019-02-12,rail_lrt_ampang,rail,195645
2019-02-13,rail_lrt_ampang,rail,193979
2019-02-14,rail_lrt_ampang,rail,198331
2019-02-15,rail_lrt_ampang,rail,209305
2019-02-16,rail_lrt_ampang,rail,132846
2019-02-17,rail_lrt_ampang,rail,107138
2019-02-18,rail_lrt_ampang,rail,196753
2019-02-19,rail_lrt_ampang,rail,178768
2019-02-20,rail_lrt_ampang,rail,199157
2019-02-21,rail_lrt_ampang,rail,200226
2019-02-22,rail_lrt_ampang,rail,212795
2019-02-23,rail_lrt_ampang,rail,125301
2019-02-24,rail_lrt_ampang,rail,104184
2019-02-25,rail_lrt_ampang,rail,198840
2019-02-26,rail_lrt_ampang,rail,197991
2019-02-27,rail_lrt_ampang,rail,198505
2019-02-28,rail_lrt_ampang,rail,201166
2019-03-01,rail_lrt_ampang,rail,217456
2019-03-02,rail_lrt_ampang,rail,134544
2019-03-03,rail_lrt_ampang,rail,111588
2019-03-04,rail_lrt_ampang,rail,197801
2019-03-05,rail_lrt_ampang,rail,200357
2019-03-06,rail_lrt_ampang,rail,203100
2019-03-07,rail_lrt_ampang,rail,204283
2019-03-08,rail_lrt_ampang,rail,223645
2019-03-09,rail_lrt_ampang,rail,132857
2019-03-10,rail_lrt_ampang,rail,109988
2019-03-11,rail_lrt_ampang,rail,201798
2019-03-12,rail_lrt_ampang,rail,200905
2019-03-13,rail_lrt_ampang,rail,200456
2019-03-14,rail_lrt_ampang,rail,201577
2019-03-15,rail_lrt_ampang,rail,233271
2019-03-16,rail_lrt_ampang,rail,160425
2019-03-17,rail_lrt_ampang,rail,130314
2019-03-18,rail_lrt_ampang,rail,197854
2019-03-19,rail_lrt_ampang,rail,197216
2019-03-20,rail_lrt_ampang,rail,200186
2019-03-21,rail_lrt_ampang,rail,202089
2019-03-22,rail_lrt_ampang,rail,218157
2019-03-23,rail_lrt_ampang,rail,130663
2019-03-24,rail_lrt_ampang,rail,104866
2019-03-25,rail_lrt_ampang,rail,194363
2019-03-26,rail_lrt_ampang,rail,194677
2019-03-27,rail_lrt_ampang,rail,198831
2019-03-28,rail_lrt_ampang,rail,199485
2019-03-29,rail_lrt_ampang,rail,238981
2019-03-30,rail_lrt_ampang,rail,152283
2019-03-31,rail_lrt_ampang,rail,123681
2019-04-01,rail_lrt_ampang,rail,205245
2019-04-02,rail_lrt_ampang,rail,207847
2019-04-03,rail_lrt_ampang,rail,211684
2019-04-04,rail_lrt_ampang,rail,212319
2019-04-05,rail_lrt_ampang,rail,229860
2019-04-06,rail_lrt_ampang,rail,160353
2019-04-07,rail_lrt_ampang,rail,130957
2019-04-08,rail_lrt_ampang,rail,202323
2019-04-09,rail_lrt_ampang,rail,200751
2019-04-10,rail_lrt_ampang,rail,200386
2019-04-11,rail_lrt_ampang,rail,201013
2019-04-12,rail_lrt_ampang,rail,213747
2019-04-13,rail_lrt_ampang,rail,155043
2019-04-14,rail_lrt_ampang,rail,113787
2019-04-15,rail_lrt_ampang,rail,200342
2019-04-16,rail_lrt_ampang,rail,199017
2019-04-17,rail_lrt_ampang,rail,198520
2019-04-18,rail_lrt_ampang,rail,199315
2019-04-19,rail_lrt_ampang,rail,209956
2019-04-20,rail_lrt_ampang,rail,126409
2019-04-21,rail_lrt_ampang,rail,108371
2019-04-22,rail_lrt_ampang,rail,196368
2019-04-23,rail_lrt_ampang,rail,194416
2019-04-24,rail_lrt_ampang,rail,200264
2019-04-25,rail_lrt_ampang,rail,201047
2019-04-26,rail_lrt_ampang,rail,220087
2019-04-27,rail_lrt_ampang,rail,148493
2019-04-28,rail_lrt_ampang,rail,114793
2019-04-29,rail_lrt_ampang,rail,201303
2019-04-30,rail_lrt_ampang,rail,207805
2019-05-01,rail_lrt_ampang,rail,135451
2019-05-02,rail_lrt_ampang,rail,213318
2019-05-03,rail_lrt_ampang,rail,229453
2019-05-04,rail_lrt_ampang,rail,149913
2019-05-05,rail_lrt_ampang,rail,119501
2019-05-06,rail_lrt_ampang,rail,193188
2019-05-07,rail_lrt_ampang,rail,200326
2019-05-08,rail_lrt_ampang,rail,199550
2019-05-09,rail_lrt_ampang,rail,200581
2019-05-10,rail_lrt_ampang,rail,212807
2019-05-11,rail_lrt_ampang,rail,120057
2019-05-12,rail_lrt_ampang,rail,102042
2019-05-13,rail_lrt_ampang,rail,195651
2019-05-14,rail_lrt_ampang,rail,198640
2019-05-15,rail_lrt_ampang,rail,200154
2019-05-16,rail_lrt_ampang,rail,203075
2019-05-17,rail_lrt_ampang,rail,219217
2019-05-18,rail_lrt_ampang,rail,129118
2019-05-19,rail_lrt_ampang,rail,105922
2019-05-20,rail_lrt_ampang,rail,101298
2019-05-21,rail_lrt_ampang,rail,181172
2019-05-22,rail_lrt_ampang,rail,107977
2019-05-23,rail_lrt_ampang,rail,202477
2019-05-24,rail_lrt_ampang,rail,217897
2019-05-25,rail_lrt_ampang,rail,145493
2019-05-26,rail_lrt_ampang,rail,124385
2019-05-27,rail_lrt_ampang,rail,206027
2019-05-28,rail_lrt_ampang,rail,206520
2019-05-29,rail_lrt_ampang,rail,209382
2019-05-30,rail_lrt_ampang,rail,207701
2019-05-31,rail_lrt_ampang,rail,220204
2019-06-01,rail_lrt_ampang,rail,147554
2019-06-02,rail_lrt_ampang,rail,120712
2019-06-03,rail_lrt_ampang,rail,177463
2019-06-04,rail_lrt_ampang,rail,161474
2019-06-05,rail_lrt_ampang,rail,101031
2019-06-06,rail_lrt_ampang,rail,100668
2019-06-07,rail_lrt_ampang,rail,135225
2019-06-08,rail_lrt_ampang,rail,98302
2019-06-09,rail_lrt_ampang,rail,97557
2019-06-10,rail_lrt_ampang,rail,183372
2019-06-11,rail_lrt_ampang,rail,198161
2019-06-12,rail_lrt_ampang,rail,198286
2019-06-13,rail_lrt_ampang,rail,199285
2019-06-14,rail_lrt_ampang,rail,210190
2019-06-15,rail_lrt_ampang,rail,126345
2019-06-16,rail_lrt_ampang,rail,104970
2019-06-17,rail_lrt_ampang,rail,199277
2019-06-18,rail_lrt_ampang,rail,201181
2019-06-19,rail_lrt_ampang,rail,204388
2019-06-20,rail_lrt_ampang,rail,203806
2019-06-21,rail_lrt_ampang,rail,217381
2019-06-22,rail_lrt_ampang,rail,135017
2019-06-23,rail_lrt_ampang,rail,114790
2019-06-24,rail_lrt_ampang,rail,179236
2019-06-25,rail_lrt_ampang,rail,202288
2019-06-26,rail_lrt_ampang,rail,204467
2019-06-27,rail_lrt_ampang,rail,205621
2019-06-28,rail_lrt_ampang,rail,220591
2019-06-29,rail_lrt_ampang,rail,139646
2019-06-30,rail_lrt_ampang,rail,118580
2019-07-01,rail_lrt_ampang,rail,206240
2019-07-02,rail_lrt_ampang,rail,204731
2019-07-03,rail_lrt_ampang,rail,206019
2019-07-04,rail_lrt_ampang,rail,206679
2019-07-05,rail_lrt_ampang,rail,225277
2019-07-06,rail_lrt_ampang,rail,156601
2019-07-07,rail_lrt_ampang,rail,118050
2019-07-08,rail_lrt_ampang,rail,208335
2019-07-09,rail_lrt_ampang,rail,206291
2019-07-10,rail_lrt_ampang,rail,205018
2019-07-11,rail_lrt_ampang,rail,205382
2019-07-12,rail_lrt_ampang,rail,226326
2019-07-13,rail_lrt_ampang,rail,138415
2019-07-14,rail_lrt_ampang,rail,112109
2019-07-15,rail_lrt_ampang,rail,206579
2019-07-16,rail_lrt_ampang,rail,202785
2019-07-17,rail_lrt_ampang,rail,206487
2019-07-18,rail_lrt_ampang,rail,206955
2019-07-19,rail_lrt_ampang,rail,220002
2019-07-20,rail_lrt_ampang,rail,130646
2019-07-21,rail_lrt_ampang,rail,107384
2019-07-22,rail_lrt_ampang,rail,202326
2019-07-23,rail_lrt_ampang,rail,201995
2019-07-24,rail_lrt_ampang,rail,202907
2019-07-25,rail_lrt_ampang,rail,206953
2019-07-26,rail_lrt_ampang,rail,226291
2019-07-27,rail_lrt_ampang,rail,181336
2019-07-28,rail_lrt_ampang,rail,113715
2019-07-29,rail_lrt_ampang,rail,196671
2019-07-30,rail_lrt_ampang,rail,112075
2019-07-31,rail_lrt_ampang,rail,206642
2019-08-01,rail_lrt_ampang,rail,206290
2019-08-02,rail_lrt_ampang,rail,219047
2019-08-03,rail_lrt_ampang,rail,135102
2019-08-04,rail_lrt_ampang,rail,111183
2019-08-05,rail_lrt_ampang,rail,205543
2019-08-06,rail_lrt_ampang,rail,205029
2019-08-07,rail_lrt_ampang,rail,208056
2019-08-08,rail_lrt_ampang,rail,214012
2019-08-09,rail_lrt_ampang,rail,233402
2019-08-10,rail_lrt_ampang,rail,130949
2019-08-11,rail_lrt_ampang,rail,107846
2019-08-12,rail_lrt_ampang,rail,110487
2019-08-13,rail_lrt_ampang,rail,189391
2019-08-14,rail_lrt_ampang,rail,198949
2019-08-15,rail_lrt_ampang,rail,203952
2019-08-16,rail_lrt_ampang,rail,208329
2019-08-17,rail_lrt_ampang,rail,139642
2019-08-18,rail_lrt_ampang,rail,105868
2019-08-19,rail_lrt_ampang,rail,202151
2019-08-20,rail_lrt_ampang,rail,200783
2019-08-21,rail_lrt_ampang,rail,202092
2019-08-22,rail_lrt_ampang,rail,204858
2019-08-23,rail_lrt_ampang,rail,215310
2019-08-24,rail_lrt_ampang,rail,132392
2019-08-25,rail_lrt_ampang,rail,105855
2019-08-26,rail_lrt_ampang,rail,200830
2019-08-27,rail_lrt_ampang,rail,200860
2019-08-28,rail_lrt_ampang,rail,203171
2019-08-29,rail_lrt_ampang,rail,206195
2019-08-30,rail_lrt_ampang,rail,239780
2019-08-31,rail_lrt_ampang,rail,130203
2019-09-01,rail_lrt_ampang,rail,109399
2019-09-02,rail_lrt_ampang,rail,111950
2019-09-03,rail_lrt_ampang,rail,198633
2019-09-04,rail_lrt_ampang,rail,199500
2019-09-05,rail_lrt_ampang,rail,202333
2019-09-06,rail_lrt_ampang,rail,231864
2019-09-07,rail_lrt_ampang,rail,151491
2019-09-08,rail_lrt_ampang,rail,131942
2019-09-09,rail_lrt_ampang,rail,109299
2019-09-10,rail_lrt_ampang,rail,219570
2019-09-11,rail_lrt_ampang,rail,201990
2019-09-12,rail_lrt_ampang,rail,204719
2019-09-13,rail_lrt_ampang,rail,229205
2019-09-14,rail_lrt_ampang,rail,148881
2019-09-15,rail_lrt_ampang,rail,109530
2019-09-16,rail_lrt_ampang,rail,108528
2019-09-17,rail_lrt_ampang,rail,198566
2019-09-18,rail_lrt_ampang,rail,197265
2019-09-19,rail_lrt_ampang,rail,191367
2019-09-20,rail_lrt_ampang,rail,203482
2019-09-21,rail_lrt_ampang,rail,125702
2019-09-22,rail_lrt_ampang,rail,101176
2019-09-23,rail_lrt_ampang,rail,196337
2019-09-24,rail_lrt_ampang,rail,196912
2019-09-25,rail_lrt_ampang,rail,198886
2019-09-26,rail_lrt_ampang,rail,204790
2019-09-27,rail_lrt_ampang,rail,224414
2019-09-28,rail_lrt_ampang,rail,146496
2019-09-29,rail_lrt_ampang,rail,126166
2019-09-30,rail_lrt_ampang,rail,201831
2019-10-01,rail_lrt_ampang,rail,203898
2019-10-02,rail_lrt_ampang,rail,206887
2019-10-03,rail_lrt_ampang,rail,206964
2019-10-04,rail_lrt_ampang,rail,224477
2019-10-05,rail_lrt_ampang,rail,146600
2019-10-06,rail_lrt_ampang,rail,118598
2019-10-07,rail_lrt_ampang,rail,206879
2019-10-08,rail_lrt_ampang,rail,206248
2019-10-09,rail_lrt_ampang,rail,210187
2019-10-10,rail_lrt_ampang,rail,211835
2019-10-11,rail_lrt_ampang,rail,229245
2019-10-12,rail_lrt_ampang,rail,144240
2019-10-13,rail_lrt_ampang,rail,117250
2019-10-14,rail_lrt_ampang,rail,209903
2019-10-15,rail_lrt_ampang,rail,209617
2019-10-16,rail_lrt_ampang,rail,211590
2019-10-17,rail_lrt_ampang,rail,212513
2019-10-18,rail_lrt_ampang,rail,225616
2019-10-19,rail_lrt_ampang,rail,137092
2019-10-20,rail_lrt_ampang,rail,120079
2019-10-21,rail_lrt_ampang,rail,209023
2019-10-22,rail_lrt_ampang,rail,209860
2019-10-23,rail_lrt_ampang,rail,213635
2019-10-24,rail_lrt_ampang,rail,222650
2019-10-25,rail_lrt_ampang,rail,237448
2019-10-26,rail_lrt_ampang,rail,139094
2019-10-27,rail_lrt_ampang,rail,113955
2019-10-28,rail_lrt_ampang,rail,108681
2019-10-29,rail_lrt_ampang,rail,194294
2019-10-30,rail_lrt_ampang,rail,202648
2019-10-31,rail_lrt_ampang,rail,205205
2019-11-01,rail_lrt_ampang,rail,222640
2019-11-02,rail_lrt_ampang,rail,185297
2019-11-03,rail_lrt_ampang,rail,122449
2019-11-04,rail_lrt_ampang,rail,210396
2019-11-05,rail_lrt_ampang,rail,208905
2019-11-06,rail_lrt_ampang,rail,209303
2019-11-07,rail_lrt_ampang,rail,213348
2019-11-08,rail_lrt_ampang,rail,226778
2019-11-09,rail_lrt_ampang,rail,136970
2019-11-10,rail_lrt_ampang,rail,119522
2019-11-11,rail_lrt_ampang,rail,208544
2019-11-12,rail_lrt_ampang,rail,207274
2019-11-13,rail_lrt_ampang,rail,208366
2019-11-14,rail_lrt_ampang,rail,236376
2019-11-15,rail_lrt_ampang,rail,222697
2019-11-16,rail_lrt_ampang,rail,134678
2019-11-17,rail_lrt_ampang,rail,115570
2019-11-18,rail_lrt_ampang,rail,205893
2019-11-19,rail_lrt_ampang,rail,258313
2019-11-20,rail_lrt_ampang,rail,206109
2019-11-21,rail_lrt_ampang,rail,206737
2019-11-22,rail_lrt_ampang,rail,217402
2019-11-23,rail_lrt_ampang,rail,145595
2019-11-24,rail_lrt_ampang,rail,113359
2019-11-25,rail_lrt_ampang,rail,203328
2019-11-26,rail_lrt_ampang,rail,203241
2019-11-27,rail_lrt_ampang,rail,208007
2019-11-28,rail_lrt_ampang,rail,209634
2019-11-29,rail_lrt_ampang,rail,222561
2019-11-30,rail_lrt_ampang,rail,145776
2019-12-01,rail_lrt_ampang,rail,126630
2019-12-02,rail_lrt_ampang,rail,208603
2019-12-03,rail_lrt_ampang,rail,207474
2019-12-04,rail_lrt_ampang,rail,208525
2019-12-05,rail_lrt_ampang,rail,211179
2019-12-06,rail_lrt_ampang,rail,223963
2019-12-07,rail_lrt_ampang,rail,166164
2019-12-08,rail_lrt_ampang,rail,128096
2019-12-09,rail_lrt_ampang,rail,207216
2019-12-10,rail_lrt_ampang,rail,207507
2019-12-11,rail_lrt_ampang,rail,204559
2019-12-12,rail_lrt_ampang,rail,209456
2019-12-13,rail_lrt_ampang,rail,215684
2019-12-14,rail_lrt_ampang,rail,149301
2019-12-15,rail_lrt_ampang,rail,119894
2019-12-16,rail_lrt_ampang,rail,201756
2019-12-17,rail_lrt_ampang,rail,202463
2019-12-18,rail_lrt_ampang,rail,207913
2019-12-19,rail_lrt_ampang,rail,207078
2019-12-20,rail_lrt_ampang,rail,222672
2019-12-21,rail_lrt_ampang,rail,158567
2019-12-22,rail_lrt_ampang,rail,130198
2019-12-23,rail_lrt_ampang,rail,200740
2019-12-24,rail_lrt_ampang,rail,201387
2019-12-25,rail_lrt_ampang,rail,131225
2019-12-26,rail_lrt_ampang,rail,187105
2019-12-27,rail_lrt_ampang,rail,196095
2019-12-28,rail_lrt_ampang,rail,132000
2019-12-29,rail_lrt_ampang,rail,113710
2019-12-30,rail_lrt_ampang,rail,185582
2019-12-31,rail_lrt_ampang,rail,234204
2020-01-01,rail_lrt_ampang,rail,121747
2020-01-02,rail_lrt_ampang,rail,190649
2020-01-03,rail_lrt_ampang,rail,201790
2020-01-04,rail_lrt_ampang,rail,124779
2020-01-05,rail_lrt_ampang,rail,106788
2020-01-06,rail_lrt_ampang,rail,206219
2020-01-07,rail_lrt_ampang,rail,207455
2020-01-08,rail_lrt_ampang,rail,209607
2020-01-09,rail_lrt_ampang,rail,210306
2020-01-10,rail_lrt_ampang,rail,223495
2020-01-11,rail_lrt_ampang,rail,135136
2020-01-12,rail_lrt_ampang,rail,114429
2020-01-13,rail_lrt_ampang,rail,211032
2020-01-14,rail_lrt_ampang,rail,209704
2020-01-15,rail_lrt_ampang,rail,208418
2020-01-16,rail_lrt_ampang,rail,213161
2020-01-17,rail_lrt_ampang,rail,224279
2020-01-18,rail_lrt_ampang,rail,140721
2020-01-19,rail_lrt_ampang,rail,113073
2020-01-20,rail_lrt_ampang,rail,211886
2020-01-21,rail_lrt_ampang,rail,210979
2020-01-22,rail_lrt_ampang,rail,217668
2020-01-23,rail_lrt_ampang,rail,204178
2020-01-24,rail_lrt_ampang,rail,171416
2020-01-25,rail_lrt_ampang,rail,108129
2020-01-26,rail_lrt_ampang,rail,98225
2020-01-27,rail_lrt_ampang,rail,99186
2020-01-28,rail_lrt_ampang,rail,157878
2020-01-29,rail_lrt_ampang,rail,164411
2020-01-30,rail_lrt_ampang,rail,182480
2020-01-31,rail_lrt_ampang,rail,190294
2020-02-01,rail_lrt_ampang,rail,107899
2020-02-02,rail_lrt_ampang,rail,100012
2020-02-03,rail_lrt_ampang,rail,200007
2020-02-04,rail_lrt_ampang,rail,202182
2020-02-05,rail_lrt_ampang,rail,203820
2020-02-06,rail_lrt_ampang,rail,207245
2020-02-07,rail_lrt_ampang,rail,216633
2020-02-08,rail_lrt_ampang,rail,117586
2020-02-09,rail_lrt_ampang,rail,110719
2020-02-10,rail_lrt_ampang,rail,204497
2020-02-11,rail_lrt_ampang,rail,203530
2020-02-12,rail_lrt_ampang,rail,204706
2020-02-13,rail_lrt_ampang,rail,205583
2020-02-14,rail_lrt_ampang,rail,220430
2020-02-15,rail_lrt_ampang,rail,125749
2020-02-16,rail_lrt_ampang,rail,105583
2020-02-17,rail_lrt_ampang,rail,203720
2020-02-18,rail_lrt_ampang,rail,201615
2020-02-19,rail_lrt_ampang,rail,203991
2020-02-20,rail_lrt_ampang,rail,206536
2020-02-21,rail_lrt_ampang,rail,218057
2020-02-22,rail_lrt_ampang,rail,127509
2020-02-23,rail_lrt_ampang,rail,102108
2020-02-24,rail_lrt_ampang,rail,200512
2020-02-25,rail_lrt_ampang,rail,201721
2020-02-26,rail_lrt_ampang,rail,202457
2020-02-27,rail_lrt_ampang,rail,204757
2020-02-28,rail_lrt_ampang,rail,220077
2020-02-29,rail_lrt_ampang,rail,132066
2020-03-01,rail_lrt_ampang,rail,112593
2020-03-02,rail_lrt_ampang,rail,205190
2020-03-03,rail_lrt_ampang,rail,204296
2020-03-04,rail_lrt_ampang,rail,205303
2020-03-05,rail_lrt_ampang,rail,204795
2020-03-06,rail_lrt_ampang,rail,216070
2020-03-07,rail_lrt_ampang,rail,123769
2020-03-08,rail_lrt_ampang,rail,106171
2020-03-09,rail_lrt_ampang,rail,198406
2020-03-10,rail_lrt_ampang,rail,197495
2020-03-11,rail_lrt_ampang,rail,195238
2020-03-12,rail_lrt_ampang,rail,192315
2020-03-13,rail_lrt_ampang,rail,200794
2020-03-14,rail_lrt_ampang,rail,101154
2020-03-15,rail_lrt_ampang,rail,85059
2020-03-16,rail_lrt_ampang,rail,162415
2020-03-17,rail_lrt_ampang,rail,148840
2020-03-18,rail_lrt_ampang,rail,59073
2020-03-19,rail_lrt_ampang,rail,41991
2020-03-20,rail_lrt_ampang,rail,31881
2020-03-21,rail_lrt_ampang,rail,15277
2020-03-22,rail_lrt_ampang,rail,9517
2020-03-23,rail_lrt_ampang,rail,19924
2020-03-24,rail_lrt_ampang,rail,17793
2020-03-25,rail_lrt_ampang,rail,14756
2020-03-26,rail_lrt_ampang,rail,15240
2020-03-27,rail_lrt_ampang,rail,14928
2020-03-28,rail_lrt_ampang,rail,7878
2020-03-29,rail_lrt_ampang,rail,6587
2020-03-30,rail_lrt_ampang,rail,15054
2020-03-31,rail_lrt_ampang,rail,14975
2020-04-01,rail_lrt_ampang,rail,15471
2020-04-02,rail_lrt_ampang,rail,14667
2020-04-03,rail_lrt_ampang,rail,14803
2020-04-04,rail_lrt_ampang,rail,7979
2020-04-05,rail_lrt_ampang,rail,6606
2020-04-06,rail_lrt_ampang,rail,15174
2020-04-07,rail_lrt_ampang,rail,14489
2020-04-08,rail_lrt_ampang,rail,14509
2020-04-09,rail_lrt_ampang,rail,14775
2020-04-10,rail_lrt_ampang,rail,14377
2020-04-11,rail_lrt_ampang,rail,8532
2020-04-12,rail_lrt_ampang,rail,6758
2020-04-13,rail_lrt_ampang,rail,15916
2020-04-14,rail_lrt_ampang,rail,15412
2020-04-15,rail_lrt_ampang,rail,14931
2020-04-16,rail_lrt_ampang,rail,14662
2020-04-17,rail_lrt_ampang,rail,14683
2020-04-18,rail_lrt_ampang,rail,8325
2020-04-19,rail_lrt_ampang,rail,6801
2020-04-20,rail_lrt_ampang,rail,15538
2020-04-21,rail_lrt_ampang,rail,14961
2020-04-22,rail_lrt_ampang,rail,14635
2020-04-23,rail_lrt_ampang,rail,15360
2020-04-24,rail_lrt_ampang,rail,14413
2020-04-25,rail_lrt_ampang,rail,8429
2020-04-26,rail_lrt_ampang,rail,7012
2020-04-27,rail_lrt_ampang,rail,15923
2020-04-28,rail_lrt_ampang,rail,15671
2020-04-29,rail_lrt_ampang,rail,16596
2020-04-30,rail_lrt_ampang,rail,16763
2020-05-01,rail_lrt_ampang,rail,8492
2020-05-02,rail_lrt_ampang,rail,10159
2020-05-03,rail_lrt_ampang,rail,8418
2020-05-04,rail_lrt_ampang,rail,39175
2020-05-05,rail_lrt_ampang,rail,40157
2020-05-06,rail_lrt_ampang,rail,42038
2020-05-07,rail_lrt_ampang,rail,23228
2020-05-08,rail_lrt_ampang,rail,42457
2020-05-09,rail_lrt_ampang,rail,27820
2020-05-10,rail_lrt_ampang,rail,21943
2020-05-11,rail_lrt_ampang,rail,28026
2020-05-12,rail_lrt_ampang,rail,48547
2020-05-13,rail_lrt_ampang,rail,52390
2020-05-14,rail_lrt_ampang,rail,54442
2020-05-15,rail_lrt_ampang,rail,53010
2020-05-16,rail_lrt_ampang,rail,32504
2020-05-17,rail_lrt_ampang,rail,26405
2020-05-18,rail_lrt_ampang,rail,57398
2020-05-19,rail_lrt_ampang,rail,57100
2020-05-20,rail_lrt_ampang,rail,58041
2020-05-21,rail_lrt_ampang,rail,58193
2020-05-22,rail_lrt_ampang,rail,56323
2020-05-23,rail_lrt_ampang,rail,35883
2020-05-24,rail_lrt_ampang,rail,23328
2020-05-25,rail_lrt_ampang,rail,25645
2020-05-26,rail_lrt_ampang,rail,28820
2020-05-27,rail_lrt_ampang,rail,54785
2020-05-28,rail_lrt_ampang,rail,58453
2020-05-29,rail_lrt_ampang,rail,59467
2020-05-30,rail_lrt_ampang,rail,40861
2020-05-31,rail_lrt_ampang,rail,31986
2020-06-01,rail_lrt_ampang,rail,70434
2020-06-02,rail_lrt_ampang,rail,70009
2020-06-03,rail_lrt_ampang,rail,71051
2020-06-04,rail_lrt_ampang,rail,70016
2020-06-05,rail_lrt_ampang,rail,71256
2020-06-06,rail_lrt_ampang,rail,46361
2020-06-07,rail_lrt_ampang,rail,36592
2020-06-08,rail_lrt_ampang,rail,38078
2020-06-09,rail_lrt_ampang,rail,78599
2020-06-10,rail_lrt_ampang,rail,85911
2020-06-11,rail_lrt_ampang,rail,86571
2020-06-12,rail_lrt_ampang,rail,85854
2020-06-13,rail_lrt_ampang,rail,55758
2020-06-14,rail_lrt_ampang,rail,44432
2020-06-15,rail_lrt_ampang,rail,91983
2020-06-16,rail_lrt_ampang,rail,92978
2020-06-17,rail_lrt_ampang,rail,93790
2020-06-18,rail_lrt_ampang,rail,93709
2020-06-19,rail_lrt_ampang,rail,92661
2020-06-20,rail_lrt_ampang,rail,59646
2020-06-21,rail_lrt_ampang,rail,48408
2020-06-22,rail_lrt_ampang,rail,95602
2020-06-23,rail_lrt_ampang,rail,96965
2020-06-24,rail_lrt_ampang,rail,98252
2020-06-25,rail_lrt_ampang,rail,99679
2020-06-26,rail_lrt_ampang,rail,100834
2020-06-27,rail_lrt_ampang,rail,64585
2020-06-28,rail_lrt_ampang,rail,52782
2020-06-29,rail_lrt_ampang,rail,101305
2020-06-30,rail_lrt_ampang,rail,103419
2020-07-01,rail_lrt_ampang,rail,108931
2020-07-02,rail_lrt_ampang,rail,108173
2020-07-03,rail_lrt_ampang,rail,111362
2020-07-04,rail_lrt_ampang,rail,73060
2020-07-05,rail_lrt_ampang,rail,60501
2020-07-06,rail_lrt_ampang,rail,110965
2020-07-07,rail_lrt_ampang,rail,112296
2020-07-08,rail_lrt_ampang,rail,114968
2020-07-09,rail_lrt_ampang,rail,113915
2020-07-10,rail_lrt_ampang,rail,117243
2020-07-11,rail_lrt_ampang,rail,75621
2020-07-12,rail_lrt_ampang,rail,63671
2020-07-13,rail_lrt_ampang,rail,114847
2020-07-14,rail_lrt_ampang,rail,117030
2020-07-15,rail_lrt_ampang,rail,120269
2020-07-16,rail_lrt_ampang,rail,119408
2020-07-17,rail_lrt_ampang,rail,124328
2020-07-18,rail_lrt_ampang,rail,75319
2020-07-19,rail_lrt_ampang,rail,63245
2020-07-20,rail_lrt_ampang,rail,121196
2020-07-21,rail_lrt_ampang,rail,121055
2020-07-22,rail_lrt_ampang,rail,122706
2020-07-23,rail_lrt_ampang,rail,122908
2020-07-24,rail_lrt_ampang,rail,128049
2020-07-25,rail_lrt_ampang,rail,77662
2020-07-26,rail_lrt_ampang,rail,64106
2020-07-27,rail_lrt_ampang,rail,122609
2020-07-28,rail_lrt_ampang,rail,123520
2020-07-29,rail_lrt_ampang,rail,123754
2020-07-30,rail_lrt_ampang,rail,109217
2020-07-31,rail_lrt_ampang,rail,54012
2020-08-01,rail_lrt_ampang,rail,61187
2020-08-02,rail_lrt_ampang,rail,58237
2020-08-03,rail_lrt_ampang,rail,110211
2020-08-04,rail_lrt_ampang,rail,118794
2020-08-05,rail_lrt_ampang,rail,123331
2020-08-06,rail_lrt_ampang,rail,123243
2020-08-07,rail_lrt_ampang,rail,126595
2020-08-08,rail_lrt_ampang,rail,77945
2020-08-09,rail_lrt_ampang,rail,64446
2020-08-10,rail_lrt_ampang,rail,124017
2020-08-11,rail_lrt_ampang,rail,124860
2020-08-12,rail_lrt_ampang,rail,126395
2020-08-13,rail_lrt_ampang,rail,126375
2020-08-14,rail_lrt_ampang,rail,129716
2020-08-15,rail_lrt_ampang,rail,77410
2020-08-16,rail_lrt_ampang,rail,62279
2020-08-17,rail_lrt_ampang,rail,126989
2020-08-18,rail_lrt_ampang,rail,127413
2020-08-19,rail_lrt_ampang,rail,131501
2020-08-20,rail_lrt_ampang,rail,69219
2020-08-21,rail_lrt_ampang,rail,117965
2020-08-22,rail_lrt_ampang,rail,77750
2020-08-23,rail_lrt_ampang,rail,63348
2020-08-24,rail_lrt_ampang,rail,123572
2020-08-25,rail_lrt_ampang,rail,129303
2020-08-26,rail_lrt_ampang,rail,130181
2020-08-27,rail_lrt_ampang,rail,129095
2020-08-28,rail_lrt_ampang,rail,135002
2020-08-29,rail_lrt_ampang,rail,83422
2020-08-30,rail_lrt_ampang,rail,73928
2020-08-31,rail_lrt_ampang,rail,74161
2020-09-01,rail_lrt_ampang,rail,128470
2020-09-02,rail_lrt_ampang,rail,132587
2020-09-03,rail_lrt_ampang,rail,133597
2020-09-04,rail_lrt_ampang,rail,137896
2020-09-05,rail_lrt_ampang,rail,83979
2020-09-06,rail_lrt_ampang,rail,69308
2020-09-07,rail_lrt_ampang,rail,132582
2020-09-08,rail_lrt_ampang,rail,136666
2020-09-09,rail_lrt_ampang,rail,136409
2020-09-10,rail_lrt_ampang,rail,138544
2020-09-11,rail_lrt_ampang,rail,142576
2020-09-12,rail_lrt_ampang,rail,86100
2020-09-13,rail_lrt_ampang,rail,69505
2020-09-14,rail_lrt_ampang,rail,133324
2020-09-15,rail_lrt_ampang,rail,137106
2020-09-16,rail_lrt_ampang,rail,72910
2020-09-17,rail_lrt_ampang,rail,134286
2020-09-18,rail_lrt_ampang,rail,137233
2020-09-19,rail_lrt_ampang,rail,83328
2020-09-20,rail_lrt_ampang,rail,65541
2020-09-21,rail_lrt_ampang,rail,136657
2020-09-22,rail_lrt_ampang,rail,138015
2020-09-23,rail_lrt_ampang,rail,139484
2020-09-24,rail_lrt_ampang,rail,140023
2020-09-25,rail_lrt_ampang,rail,142864
2020-09-26,rail_lrt_ampang,rail,86709
2020-09-27,rail_lrt_ampang,rail,71073
2020-09-28,rail_lrt_ampang,rail,134038
2020-09-29,rail_lrt_ampang,rail,134811
2020-09-30,rail_lrt_ampang,rail,133629
2020-10-01,rail_lrt_ampang,rail,134807
2020-10-02,rail_lrt_ampang,rail,134136
2020-10-03,rail_lrt_ampang,rail,74818
2020-10-04,rail_lrt_ampang,rail,62558
2020-10-05,rail_lrt_ampang,rail,128313
2020-10-06,rail_lrt_ampang,rail,126062
2020-10-07,rail_lrt_ampang,rail,122811
2020-10-08,rail_lrt_ampang,rail,123282
2020-10-09,rail_lrt_ampang,rail,123751
2020-10-10,rail_lrt_ampang,rail,71068
2020-10-11,rail_lrt_ampang,rail,57481
2020-10-12,rail_lrt_ampang,rail,115239
2020-10-13,rail_lrt_ampang,rail,118663
2020-10-14,rail_lrt_ampang,rail,81699
2020-10-15,rail_lrt_ampang,rail,83391
2020-10-16,rail_lrt_ampang,rail,83786
2020-10-17,rail_lrt_ampang,rail,49386
2020-10-18,rail_lrt_ampang,rail,36586
2020-10-19,rail_lrt_ampang,rail,81524
2020-10-20,rail_lrt_ampang,rail,82593
2020-10-21,rail_lrt_ampang,rail,83490
2020-10-22,rail_lrt_ampang,rail,67202
2020-10-23,rail_lrt_ampang,rail,69942
2020-10-24,rail_lrt_ampang,rail,49131
2020-10-25,rail_lrt_ampang,rail,37763
2020-10-26,rail_lrt_ampang,rail,71989
2020-10-27,rail_lrt_ampang,rail,72926
2020-10-28,rail_lrt_ampang,rail,76130
2020-10-29,rail_lrt_ampang,rail,44233
2020-10-30,rail_lrt_ampang,rail,75011
2020-10-31,rail_lrt_ampang,rail,53066
2020-11-01,rail_lrt_ampang,rail,41402
2020-11-02,rail_lrt_ampang,rail,78644
2020-11-03,rail_lrt_ampang,rail,78766
2020-11-04,rail_lrt_ampang,rail,78840
2020-11-05,rail_lrt_ampang,rail,78153
2020-11-06,rail_lrt_ampang,rail,79037
2020-11-07,rail_lrt_ampang,rail,57072
2020-11-08,rail_lrt_ampang,rail,45949
2020-11-09,rail_lrt_ampang,rail,81541
2020-11-10,rail_lrt_ampang,rail,81584
2020-11-11,rail_lrt_ampang,rail,81804
2020-11-12,rail_lrt_ampang,rail,81080
2020-11-13,rail_lrt_ampang,rail,80347
2020-11-14,rail_lrt_ampang,rail,48443
2020-11-15,rail_lrt_ampang,rail,42257
2020-11-16,rail_lrt_ampang,rail,78288
2020-11-17,rail_lrt_ampang,rail,79087
2020-11-18,rail_lrt_ampang,rail,80749
2020-11-19,rail_lrt_ampang,rail,79877
2020-11-20,rail_lrt_ampang,rail,80466
2020-11-21,rail_lrt_ampang,rail,54450
2020-11-22,rail_lrt_ampang,rail,45293
2020-11-23,rail_lrt_ampang,rail,80996
2020-11-24,rail_lrt_ampang,rail,80915
2020-11-25,rail_lrt_ampang,rail,81855
2020-11-26,rail_lrt_ampang,rail,80544
2020-11-27,rail_lrt_ampang,rail,82100
2020-11-28,rail_lrt_ampang,rail,58373
2020-11-29,rail_lrt_ampang,rail,46208
2020-11-30,rail_lrt_ampang,rail,82826
2020-12-01,rail_lrt_ampang,rail,84472
2020-12-02,rail_lrt_ampang,rail,85358
2020-12-03,rail_lrt_ampang,rail,84439
2020-12-04,rail_lrt_ampang,rail,85836
2020-12-05,rail_lrt_ampang,rail,61166
2020-12-06,rail_lrt_ampang,rail,50151
2020-12-07,rail_lrt_ampang,rail,86777
2020-12-08,rail_lrt_ampang,rail,89278
2020-12-09,rail_lrt_ampang,rail,88787
2020-12-10,rail_lrt_ampang,rail,87028
2020-12-11,rail_lrt_ampang,rail,83511
2020-12-12,rail_lrt_ampang,rail,61208
2020-12-13,rail_lrt_ampang,rail,51085
2020-12-14,rail_lrt_ampang,rail,86765
2020-12-15,rail_lrt_ampang,rail,88836
2020-12-16,rail_lrt_ampang,rail,89719
2020-12-17,rail_lrt_ampang,rail,89262
2020-12-18,rail_lrt_ampang,rail,89497
2020-12-19,rail_lrt_ampang,rail,63882
2020-12-20,rail_lrt_ampang,rail,52770
2020-12-21,rail_lrt_ampang,rail,88926
2020-12-22,rail_lrt_ampang,rail,91289
2020-12-23,rail_lrt_ampang,rail,90914
2020-12-24,rail_lrt_ampang,rail,89734
2020-12-25,rail_lrt_ampang,rail,54641
2020-12-26,rail_lrt_ampang,rail,55815
2020-12-27,rail_lrt_ampang,rail,50559
2020-12-28,rail_lrt_ampang,rail,85169
2020-12-29,rail_lrt_ampang,rail,85403
2020-12-30,rail_lrt_ampang,rail,87409
2020-12-31,rail_lrt_ampang,rail,90223
2021-01-01,rail_lrt_ampang,rail,54211
2021-01-02,rail_lrt_ampang,rail,57689
2021-01-03,rail_lrt_ampang,rail,46277
2021-01-04,rail_lrt_ampang,rail,90205
2021-01-05,rail_lrt_ampang,rail,90728
2021-01-06,rail_lrt_ampang,rail,92146
2021-01-07,rail_lrt_ampang,rail,90757
2021-01-08,rail_lrt_ampang,rail,90902
2021-01-09,rail_lrt_ampang,rail,62257
2021-01-10,rail_lrt_ampang,rail,52585
2021-01-11,rail_lrt_ampang,rail,89789
2021-01-12,rail_lrt_ampang,rail,95446
2021-01-13,rail_lrt_ampang,rail,49985
2021-01-14,rail_lrt_ampang,rail,51840
2021-01-15,rail_lrt_ampang,rail,54421
2021-01-16,rail_lrt_ampang,rail,35227
2021-01-17,rail_lrt_ampang,rail,24605
2021-01-18,rail_lrt_ampang,rail,56901
2021-01-19,rail_lrt_ampang,rail,56890
2021-01-20,rail_lrt_ampang,rail,57132
2021-01-21,rail_lrt_ampang,rail,57300
2021-01-22,rail_lrt_ampang,rail,57511
2021-01-23,rail_lrt_ampang,rail,37499
2021-01-24,rail_lrt_ampang,rail,27255
2021-01-25,rail_lrt_ampang,rail,60848
2021-01-26,rail_lrt_ampang,rail,60084
2021-01-27,rail_lrt_ampang,rail,60852
2021-01-28,rail_lrt_ampang,rail,33386
2021-01-29,rail_lrt_ampang,rail,60293
2021-01-30,rail_lrt_ampang,rail,39809
2021-01-31,rail_lrt_ampang,rail,29836
2021-02-01,rail_lrt_ampang,rail,37316
2021-02-02,rail_lrt_ampang,rail,64167
2021-02-03,rail_lrt_ampang,rail,64074
2021-02-04,rail_lrt_ampang,rail,63832
2021-02-05,rail_lrt_ampang,rail,64961
2021-02-06,rail_lrt_ampang,rail,43782
2021-02-07,rail_lrt_ampang,rail,34007
2021-02-08,rail_lrt_ampang,rail,66768
2021-02-09,rail_lrt_ampang,rail,68334
2021-02-10,rail_lrt_ampang,rail,69944
2021-02-11,rail_lrt_ampang,rail,63139
2021-02-12,rail_lrt_ampang,rail,36993
2021-02-13,rail_lrt_ampang,rail,40424
2021-02-14,rail_lrt_ampang,rail,40615
2021-02-15,rail_lrt_ampang,rail,66715
2021-02-16,rail_lrt_ampang,rail,68807
2021-02-17,rail_lrt_ampang,rail,69874
2021-02-18,rail_lrt_ampang,rail,71628
2021-02-19,rail_lrt_ampang,rail,73234
2021-02-20,rail_lrt_ampang,rail,53456
2021-02-21,rail_lrt_ampang,rail,43941
2021-02-22,rail_lrt_ampang,rail,76692
2021-02-23,rail_lrt_ampang,rail,76451
2021-02-24,rail_lrt_ampang,rail,76721
2021-02-25,rail_lrt_ampang,rail,77135
2021-02-26,rail_lrt_ampang,rail,78494
2021-02-27,rail_lrt_ampang,rail,59015
2021-02-28,rail_lrt_ampang,rail,48225
2021-03-01,rail_lrt_ampang,rail,82226
2021-03-02,rail_lrt_ampang,rail,80945
2021-03-03,rail_lrt_ampang,rail,83038
2021-03-04,rail_lrt_ampang,rail,82432
2021-03-05,rail_lrt_ampang,rail,87751
2021-03-06,rail_lrt_ampang,rail,63873
2021-03-07,rail_lrt_ampang,rail,53935
2021-03-08,rail_lrt_ampang,rail,90962
2021-03-09,rail_lrt_ampang,rail,92120
2021-03-10,rail_lrt_ampang,rail,93118
2021-03-11,rail_lrt_ampang,rail,90626
2021-03-12,rail_lrt_ampang,rail,92502
2021-03-13,rail_lrt_ampang,rail,66537
2021-03-14,rail_lrt_ampang,rail,54499
2021-03-15,rail_lrt_ampang,rail,91264
2021-03-16,rail_lrt_ampang,rail,92292
2021-03-17,rail_lrt_ampang,rail,93317
2021-03-18,rail_lrt_ampang,rail,93139
2021-03-19,rail_lrt_ampang,rail,95594
2021-03-20,rail_lrt_ampang,rail,66891
2021-03-21,rail_lrt_ampang,rail,55018
2021-03-22,rail_lrt_ampang,rail,94390
2021-03-23,rail_lrt_ampang,rail,95278
2021-03-24,rail_lrt_ampang,rail,95788
2021-03-25,rail_lrt_ampang,rail,95332
2021-03-26,rail_lrt_ampang,rail,98018
2021-03-27,rail_lrt_ampang,rail,70989
2021-03-28,rail_lrt_ampang,rail,60638
2021-03-29,rail_lrt_ampang,rail,91672
2021-03-30,rail_lrt_ampang,rail,97391
2021-03-31,rail_lrt_ampang,rail,99670
2021-04-01,rail_lrt_ampang,rail,100004
2021-04-02,rail_lrt_ampang,rail,101544
2021-04-03,rail_lrt_ampang,rail,74635
2021-04-04,rail_lrt_ampang,rail,61668
2021-04-05,rail_lrt_ampang,rail,103768
2021-04-06,rail_lrt_ampang,rail,105676
2021-04-07,rail_lrt_ampang,rail,107600
2021-04-08,rail_lrt_ampang,rail,108246
2021-04-09,rail_lrt_ampang,rail,110663
2021-04-10,rail_lrt_ampang,rail,79850
2021-04-11,rail_lrt_ampang,rail,66650
2021-04-12,rail_lrt_ampang,rail,97683
2021-04-13,rail_lrt_ampang,rail,98140
2021-04-14,rail_lrt_ampang,rail,101491
2021-04-15,rail_lrt_ampang,rail,102912
2021-04-16,rail_lrt_ampang,rail,102846
2021-04-17,rail_lrt_ampang,rail,62885
2021-04-18,rail_lrt_ampang,rail,51693
2021-04-19,rail_lrt_ampang,rail,99582
2021-04-20,rail_lrt_ampang,rail,100125
2021-04-21,rail_lrt_ampang,rail,99845
2021-04-22,rail_lrt_ampang,rail,98280
2021-04-23,rail_lrt_ampang,rail,100610
2021-04-24,rail_lrt_ampang,rail,66288
2021-04-25,rail_lrt_ampang,rail,53247
2021-04-26,rail_lrt_ampang,rail,98932
2021-04-27,rail_lrt_ampang,rail,97767
2021-04-28,rail_lrt_ampang,rail,99094
2021-04-29,rail_lrt_ampang,rail,59338
2021-04-30,rail_lrt_ampang,rail,94898
2021-05-01,rail_lrt_ampang,rail,62670
2021-05-02,rail_lrt_ampang,rail,54888
2021-05-03,rail_lrt_ampang,rail,98962
2021-05-04,rail_lrt_ampang,rail,98180
2021-05-05,rail_lrt_ampang,rail,102981
2021-05-06,rail_lrt_ampang,rail,94099
2021-05-07,rail_lrt_ampang,rail,85073
2021-05-08,rail_lrt_ampang,rail,56081
2021-05-09,rail_lrt_ampang,rail,42425
2021-05-10,rail_lrt_ampang,rail,72570
2021-05-11,rail_lrt_ampang,rail,70656
2021-05-12,rail_lrt_ampang,rail,60919
2021-05-13,rail_lrt_ampang,rail,23952
2021-05-14,rail_lrt_ampang,rail,27937
2021-05-15,rail_lrt_ampang,rail,37524
2021-05-16,rail_lrt_ampang,rail,32573
2021-05-17,rail_lrt_ampang,rail,66153
2021-05-18,rail_lrt_ampang,rail,67370
2021-05-19,rail_lrt_ampang,rail,68398
2021-05-20,rail_lrt_ampang,rail,67246
2021-05-21,rail_lrt_ampang,rail,66884
2021-05-22,rail_lrt_ampang,rail,42587
2021-05-23,rail_lrt_ampang,rail,28167
2021-05-24,rail_lrt_ampang,rail,63987
2021-05-25,rail_lrt_ampang,rail,52928
2021-05-26,rail_lrt_ampang,rail,27905
2021-05-27,rail_lrt_ampang,rail,52055
2021-05-28,rail_lrt_ampang,rail,52387
2021-05-29,rail_lrt_ampang,rail,37095
2021-05-30,rail_lrt_ampang,rail,27623
2021-05-31,rail_lrt_ampang,rail,56976
2021-06-01,rail_lrt_ampang,rail,21779
2021-06-02,rail_lrt_ampang,rail,23769
2021-06-03,rail_lrt_ampang,rail,24465
2021-06-04,rail_lrt_ampang,rail,24212
2021-06-05,rail_lrt_ampang,rail,15621
2021-06-06,rail_lrt_ampang,rail,12089
2021-06-07,rail_lrt_ampang,rail,12805
2021-06-08,rail_lrt_ampang,rail,26454
2021-06-09,rail_lrt_ampang,rail,26102
2021-06-10,rail_lrt_ampang,rail,26410
2021-06-11,rail_lrt_ampang,rail,26716
2021-06-12,rail_lrt_ampang,rail,16164
2021-06-13,rail_lrt_ampang,rail,13497
2021-06-14,rail_lrt_ampang,rail,28627
2021-06-15,rail_lrt_ampang,rail,29334
2021-06-16,rail_lrt_ampang,rail,29071
2021-06-17,rail_lrt_ampang,rail,28883
2021-06-18,rail_lrt_ampang,rail,29147
2021-06-19,rail_lrt_ampang,rail,18627
2021-06-20,rail_lrt_ampang,rail,13494
2021-06-21,rail_lrt_ampang,rail,30731
2021-06-22,rail_lrt_ampang,rail,30456
2021-06-23,rail_lrt_ampang,rail,30586
2021-06-24,rail_lrt_ampang,rail,30267
2021-06-25,rail_lrt_ampang,rail,30464
2021-06-26,rail_lrt_ampang,rail,19968
2021-06-27,rail_lrt_ampang,rail,14480
2021-06-28,rail_lrt_ampang,rail,31405
2021-06-29,rail_lrt_ampang,rail,32274
2021-06-30,rail_lrt_ampang,rail,33478
2021-07-01,rail_lrt_ampang,rail,33304
2021-07-02,rail_lrt_ampang,rail,35165
2021-07-03,rail_lrt_ampang,rail,16429
2021-07-04,rail_lrt_ampang,rail,12601
2021-07-05,rail_lrt_ampang,rail,27279
2021-07-06,rail_lrt_ampang,rail,27932
2021-07-07,rail_lrt_ampang,rail,28556
2021-07-08,rail_lrt_ampang,rail,28008
2021-07-09,rail_lrt_ampang,rail,29153
2021-07-10,rail_lrt_ampang,rail,18970
2021-07-11,rail_lrt_ampang,rail,14470
2021-07-12,rail_lrt_ampang,rail,29280
2021-07-13,rail_lrt_ampang,rail,29459
2021-07-14,rail_lrt_ampang,rail,29178
2021-07-15,rail_lrt_ampang,rail,28811
2021-07-16,rail_lrt_ampang,rail,29623
2021-07-17,rail_lrt_ampang,rail,19997
2021-07-18,rail_lrt_ampang,rail,15822
2021-07-19,rail_lrt_ampang,rail,30444
2021-07-20,rail_lrt_ampang,rail,15697
2021-07-21,rail_lrt_ampang,rail,29944
2021-07-22,rail_lrt_ampang,rail,31823
2021-07-23,rail_lrt_ampang,rail,31902
2021-07-24,rail_lrt_ampang,rail,21735
2021-07-25,rail_lrt_ampang,rail,16728
2021-07-26,rail_lrt_ampang,rail,33487
2021-07-27,rail_lrt_ampang,rail,33705
2021-07-28,rail_lrt_ampang,rail,34037
2021-07-29,rail_lrt_ampang,rail,33958
2021-07-30,rail_lrt_ampang,rail,33681
2021-07-31,rail_lrt_ampang,rail,23666
2021-08-01,rail_lrt_ampang,rail,19634
2021-08-02,rail_lrt_ampang,rail,33577
2021-08-03,rail_lrt_ampang,rail,32742
2021-08-04,rail_lrt_ampang,rail,33383
2021-08-05,rail_lrt_ampang,rail,32851
2021-08-06,rail_lrt_ampang,rail,33906
2021-08-07,rail_lrt_ampang,rail,22421
2021-08-08,rail_lrt_ampang,rail,16668
2021-08-09,rail_lrt_ampang,rail,36277
2021-08-10,rail_lrt_ampang,rail,21859
2021-08-11,rail_lrt_ampang,rail,36725
2021-08-12,rail_lrt_ampang,rail,37534
2021-08-13,rail_lrt_ampang,rail,37880
2021-08-14,rail_lrt_ampang,rail,25778
2021-08-15,rail_lrt_ampang,rail,19993
2021-08-16,rail_lrt_ampang,rail,41897
2021-08-17,rail_lrt_ampang,rail,43235
2021-08-18,rail_lrt_ampang,rail,45310
2021-08-19,rail_lrt_ampang,rail,42916
2021-08-20,rail_lrt_ampang,rail,41551
2021-08-21,rail_lrt_ampang,rail,27325
2021-08-22,rail_lrt_ampang,rail,27240
2021-08-23,rail_lrt_ampang,rail,44195
2021-08-24,rail_lrt_ampang,rail,42665
2021-08-25,rail_lrt_ampang,rail,44081
2021-08-26,rail_lrt_ampang,rail,43066
2021-08-27,rail_lrt_ampang,rail,44561
2021-08-28,rail_lrt_ampang,rail,32942
2021-08-29,rail_lrt_ampang,rail,25714
2021-08-30,rail_lrt_ampang,rail,46080
2021-08-31,rail_lrt_ampang,rail,27944
2021-09-01,rail_lrt_ampang,rail,50043
2021-09-02,rail_lrt_ampang,rail,49046
2021-09-03,rail_lrt_ampang,rail,50593
2021-09-04,rail_lrt_ampang,rail,38147
2021-09-05,rail_lrt_ampang,rail,31523
2021-09-06,rail_lrt_ampang,rail,52306
2021-09-07,rail_lrt_ampang,rail,52994
2021-09-08,rail_lrt_ampang,rail,53468
2021-09-09,rail_lrt_ampang,rail,54783
2021-09-10,rail_lrt_ampang,rail,55150
2021-09-11,rail_lrt_ampang,rail,44258
2021-09-12,rail_lrt_ampang,rail,37959
2021-09-13,rail_lrt_ampang,rail,55809
2021-09-14,rail_lrt_ampang,rail,57617
2021-09-15,rail_lrt_ampang,rail,57894
2021-09-16,rail_lrt_ampang,rail,37614
2021-09-17,rail_lrt_ampang,rail,56894
2021-09-18,rail_lrt_ampang,rail,43192
2021-09-19,rail_lrt_ampang,rail,35749
2021-09-20,rail_lrt_ampang,rail,60365
2021-09-21,rail_lrt_ampang,rail,58328
2021-09-22,rail_lrt_ampang,rail,60457
2021-09-23,rail_lrt_ampang,rail,60084
2021-09-24,rail_lrt_ampang,rail,61744
2021-09-25,rail_lrt_ampang,rail,47517
2021-09-26,rail_lrt_ampang,rail,40091
2021-09-27,rail_lrt_ampang,rail,63147
2021-09-28,rail_lrt_ampang,rail,63011
2021-09-29,rail_lrt_ampang,rail,63050
2021-09-30,rail_lrt_ampang,rail,64534
2021-10-01,rail_lrt_ampang,rail,66925
2021-10-02,rail_lrt_ampang,rail,51902
2021-10-03,rail_lrt_ampang,rail,44553
2021-10-04,rail_lrt_ampang,rail,68726
2021-10-05,rail_lrt_ampang,rail,68453
2021-10-06,rail_lrt_ampang,rail,69631
2021-10-07,rail_lrt_ampang,rail,70149
2021-10-08,rail_lrt_ampang,rail,72008
2021-10-09,rail_lrt_ampang,rail,55540
2021-10-10,rail_lrt_ampang,rail,47420
2021-10-11,rail_lrt_ampang,rail,72015
2021-10-12,rail_lrt_ampang,rail,72584
2021-10-13,rail_lrt_ampang,rail,72786
2021-10-14,rail_lrt_ampang,rail,72675
2021-10-15,rail_lrt_ampang,rail,74170
2021-10-16,rail_lrt_ampang,rail,56012
2021-10-17,rail_lrt_ampang,rail,45945
2021-10-18,rail_lrt_ampang,rail,71434
2021-10-19,rail_lrt_ampang,rail,48761
2021-10-20,rail_lrt_ampang,rail,73296
2021-10-21,rail_lrt_ampang,rail,76519
2021-10-22,rail_lrt_ampang,rail,77917
2021-10-23,rail_lrt_ampang,rail,54227
2021-10-24,rail_lrt_ampang,rail,46542
2021-10-25,rail_lrt_ampang,rail,77205
2021-10-26,rail_lrt_ampang,rail,78186
2021-10-27,rail_lrt_ampang,rail,79532
2021-10-28,rail_lrt_ampang,rail,78616
2021-10-29,rail_lrt_ampang,rail,80646
2021-10-30,rail_lrt_ampang,rail,58750
2021-10-31,rail_lrt_ampang,rail,51402
2021-11-01,rail_lrt_ampang,rail,84432
2021-11-02,rail_lrt_ampang,rail,85826
2021-11-03,rail_lrt_ampang,rail,86846
2021-11-04,rail_lrt_ampang,rail,56131
2021-11-05,rail_lrt_ampang,rail,78050
2021-11-06,rail_lrt_ampang,rail,62130
2021-11-07,rail_lrt_ampang,rail,53605
2021-11-08,rail_lrt_ampang,rail,87234
2021-11-09,rail_lrt_ampang,rail,86768
2021-11-10,rail_lrt_ampang,rail,89051
2021-11-11,rail_lrt_ampang,rail,88302
2021-11-12,rail_lrt_ampang,rail,90180
2021-11-13,rail_lrt_ampang,rail,63146
2021-11-14,rail_lrt_ampang,rail,53921
2021-11-15,rail_lrt_ampang,rail,87983
2021-11-16,rail_lrt_ampang,rail,90078
2021-11-17,rail_lrt_ampang,rail,91163
2021-11-18,rail_lrt_ampang,rail,89823
2021-11-19,rail_lrt_ampang,rail,91703
2021-11-20,rail_lrt_ampang,rail,61928
2021-11-21,rail_lrt_ampang,rail,51709
2021-11-22,rail_lrt_ampang,rail,86677
2021-11-23,rail_lrt_ampang,rail,87624
2021-11-24,rail_lrt_ampang,rail,89304
2021-11-25,rail_lrt_ampang,rail,91195
2021-11-26,rail_lrt_ampang,rail,95358
2021-11-27,rail_lrt_ampang,rail,66511
2021-11-28,rail_lrt_ampang,rail,56637
2021-11-29,rail_lrt_ampang,rail,90221
2021-11-30,rail_lrt_ampang,rail,98870
2021-12-01,rail_lrt_ampang,rail,94944
2021-12-02,rail_lrt_ampang,rail,93672
2021-12-03,rail_lrt_ampang,rail,76139
2021-12-04,rail_lrt_ampang,rail,69624
2021-12-05,rail_lrt_ampang,rail,61028
2021-12-06,rail_lrt_ampang,rail,93561
2021-12-07,rail_lrt_ampang,rail,96633
2021-12-08,rail_lrt_ampang,rail,97184
2021-12-09,rail_lrt_ampang,rail,97350
2021-12-10,rail_lrt_ampang,rail,101395
2021-12-11,rail_lrt_ampang,rail,74426
2021-12-12,rail_lrt_ampang,rail,64270
2021-12-13,rail_lrt_ampang,rail,95983
2021-12-14,rail_lrt_ampang,rail,97115
2021-12-15,rail_lrt_ampang,rail,98677
2021-12-16,rail_lrt_ampang,rail,99444
2021-12-17,rail_lrt_ampang,rail,100031
2021-12-18,rail_lrt_ampang,rail,66975
2021-12-19,rail_lrt_ampang,rail,60126
2021-12-20,rail_lrt_ampang,rail,89874
2021-12-21,rail_lrt_ampang,rail,91701
2021-12-22,rail_lrt_ampang,rail,94959
2021-12-23,rail_lrt_ampang,rail,93720
2021-12-24,rail_lrt_ampang,rail,95470
2021-12-25,rail_lrt_ampang,rail,67989
2021-12-26,rail_lrt_ampang,rail,62524
2021-12-27,rail_lrt_ampang,rail,90506
2021-12-28,rail_lrt_ampang,rail,92759
2021-12-29,rail_lrt_ampang,rail,93341
2021-12-30,rail_lrt_ampang,rail,93283
2021-12-31,rail_lrt_ampang,rail,101935
2022-01-01,rail_lrt_ampang,rail,71002
2022-01-02,rail_lrt_ampang,rail,61952
2022-01-03,rail_lrt_ampang,rail,98823
2022-01-04,rail_lrt_ampang,rail,101465
2022-01-05,rail_lrt_ampang,rail,103732
2022-01-06,rail_lrt_ampang,rail,101724
2022-01-07,rail_lrt_ampang,rail,105127
2022-01-08,rail_lrt_ampang,rail,73222
2022-01-09,rail_lrt_ampang,rail,63425
2022-01-10,rail_lrt_ampang,rail,107164
2022-01-11,rail_lrt_ampang,rail,106859
2022-01-12,rail_lrt_ampang,rail,106828
2022-01-13,rail_lrt_ampang,rail,105268
2022-01-14,rail_lrt_ampang,rail,107544
2022-01-15,rail_lrt_ampang,rail,71825
2022-01-16,rail_lrt_ampang,rail,61116
2022-01-17,rail_lrt_ampang,rail,104506
2022-01-18,rail_lrt_ampang,rail,62011
2022-01-19,rail_lrt_ampang,rail,109919
2022-01-20,rail_lrt_ampang,rail,108478
2022-01-21,rail_lrt_ampang,rail,112210
2022-01-22,rail_lrt_ampang,rail,53564
2022-01-23,rail_lrt_ampang,rail,60214
2022-01-24,rail_lrt_ampang,rail,108703
2022-01-25,rail_lrt_ampang,rail,110167
2022-01-26,rail_lrt_ampang,rail,111403
2022-01-27,rail_lrt_ampang,rail,109902
2022-01-28,rail_lrt_ampang,rail,113558
2022-01-29,rail_lrt_ampang,rail,72669
2022-01-30,rail_lrt_ampang,rail,62180
2022-01-31,rail_lrt_ampang,rail,82007
2022-02-01,rail_lrt_ampang,rail,65002
2022-02-02,rail_lrt_ampang,rail,55368
2022-02-03,rail_lrt_ampang,rail,62127
2022-02-04,rail_lrt_ampang,rail,72686
2022-02-05,rail_lrt_ampang,rail,55000
2022-02-06,rail_lrt_ampang,rail,50285
2022-02-07,rail_lrt_ampang,rail,98560
2022-02-08,rail_lrt_ampang,rail,98032
2022-02-09,rail_lrt_ampang,rail,94691
2022-02-10,rail_lrt_ampang,rail,92623
2022-02-11,rail_lrt_ampang,rail,93668
2022-02-12,rail_lrt_ampang,rail,63049
2022-02-13,rail_lrt_ampang,rail,54957
2022-02-14,rail_lrt_ampang,rail,93177
2022-02-15,rail_lrt_ampang,rail,92411
2022-02-16,rail_lrt_ampang,rail,92577
2022-02-17,rail_lrt_ampang,rail,90560
2022-02-18,rail_lrt_ampang,rail,90519
2022-02-19,rail_lrt_ampang,rail,61668
2022-02-20,rail_lrt_ampang,rail,52260
2022-02-21,rail_lrt_ampang,rail,89050
2022-02-22,rail_lrt_ampang,rail,88733
2022-02-23,rail_lrt_ampang,rail,88528
2022-02-24,rail_lrt_ampang,rail,85402
2022-02-25,rail_lrt_ampang,rail,88259
2022-02-26,rail_lrt_ampang,rail,61122
2022-02-27,rail_lrt_ampang,rail,53632
2022-02-28,rail_lrt_ampang,rail,87320
2022-03-01,rail_lrt_ampang,rail,88068
2022-03-02,rail_lrt_ampang,rail,90322
2022-03-03,rail_lrt_ampang,rail,88571
2022-03-04,rail_lrt_ampang,rail,88413
2022-03-05,rail_lrt_ampang,rail,60794
2022-03-06,rail_lrt_ampang,rail,58924
2022-03-07,rail_lrt_ampang,rail,95906
2022-03-08,rail_lrt_ampang,rail,92108
2022-03-09,rail_lrt_ampang,rail,92942
2022-03-10,rail_lrt_ampang,rail,92366
2022-03-11,rail_lrt_ampang,rail,92951
2022-03-12,rail_lrt_ampang,rail,64379
2022-03-13,rail_lrt_ampang,rail,59034
2022-03-14,rail_lrt_ampang,rail,92249
2022-03-15,rail_lrt_ampang,rail,92421
2022-03-16,rail_lrt_ampang,rail,93688
2022-03-17,rail_lrt_ampang,rail,92851
2022-03-18,rail_lrt_ampang,rail,96898
2022-03-19,rail_lrt_ampang,rail,69544
2022-03-20,rail_lrt_ampang,rail,59574
2022-03-21,rail_lrt_ampang,rail,92882
2022-03-22,rail_lrt_ampang,rail,92554
2022-03-23,rail_lrt_ampang,rail,95640
2022-03-24,rail_lrt_ampang,rail,95882
2022-03-25,rail_lrt_ampang,rail,101961
2022-03-26,rail_lrt_ampang,rail,75783
2022-03-27,rail_lrt_ampang,rail,67675
2022-03-28,rail_lrt_ampang,rail,98814
2022-03-29,rail_lrt_ampang,rail,99823
2022-03-30,rail_lrt_ampang,rail,103870
2022-03-31,rail_lrt_ampang,rail,106728
2022-04-01,rail_lrt_ampang,rail,115885
2022-04-02,rail_lrt_ampang,rail,84875
2022-04-03,rail_lrt_ampang,rail,53264
2022-04-04,rail_lrt_ampang,rail,100978
2022-04-05,rail_lrt_ampang,rail,103119
2022-04-06,rail_lrt_ampang,rail,105192
2022-04-07,rail_lrt_ampang,rail,107192
2022-04-08,rail_lrt_ampang,rail,109911
2022-04-09,rail_lrt_ampang,rail,70256
2022-04-10,rail_lrt_ampang,rail,62988
2022-04-11,rail_lrt_ampang,rail,109002
2022-04-12,rail_lrt_ampang,rail,110118
2022-04-13,rail_lrt_ampang,rail,112234
2022-04-14,rail_lrt_ampang,rail,112208
2022-04-15,rail_lrt_ampang,rail,117561
2022-04-16,rail_lrt_ampang,rail,85847
2022-04-17,rail_lrt_ampang,rail,72156
2022-04-18,rail_lrt_ampang,rail,110300
2022-04-19,rail_lrt_ampang,rail,78077
2022-04-20,rail_lrt_ampang,rail,118284
2022-04-21,rail_lrt_ampang,rail,121416
2022-04-22,rail_lrt_ampang,rail,133400
2022-04-23,rail_lrt_ampang,rail,122845
2022-04-24,rail_lrt_ampang,rail,107223
2022-04-25,rail_lrt_ampang,rail,135449
2022-04-26,rail_lrt_ampang,rail,135032
2022-04-27,rail_lrt_ampang,rail,137899
2022-04-28,rail_lrt_ampang,rail,139538
2022-04-29,rail_lrt_ampang,rail,147101
2022-04-30,rail_lrt_ampang,rail,109324
2022-05-01,rail_lrt_ampang,rail,93790
2022-05-02,rail_lrt_ampang,rail,72531
2022-05-03,rail_lrt_ampang,rail,80459
2022-05-04,rail_lrt_ampang,rail,71932
2022-05-05,rail_lrt_ampang,rail,89783
2022-05-06,rail_lrt_ampang,rail,90205
2022-05-07,rail_lrt_ampang,rail,75879
2022-05-08,rail_lrt_ampang,rail,74473
2022-05-09,rail_lrt_ampang,rail,119487
2022-05-10,rail_lrt_ampang,rail,123448
2022-05-11,rail_lrt_ampang,rail,125446
2022-05-12,rail_lrt_ampang,rail,125126
2022-05-13,rail_lrt_ampang,rail,133506
2022-05-14,rail_lrt_ampang,rail,93269
2022-05-15,rail_lrt_ampang,rail,87355
2022-05-16,rail_lrt_ampang,rail,78606
2022-05-17,rail_lrt_ampang,rail,128240
2022-05-18,rail_lrt_ampang,rail,130407
2022-05-19,rail_lrt_ampang,rail,128679
2022-05-20,rail_lrt_ampang,rail,132789
2022-05-21,rail_lrt_ampang,rail,91821
2022-05-22,rail_lrt_ampang,rail,79686
2022-05-23,rail_lrt_ampang,rail,126363
2022-05-24,rail_lrt_ampang,rail,128581
2022-05-25,rail_lrt_ampang,rail,131098
2022-05-26,rail_lrt_ampang,rail,132872
2022-05-27,rail_lrt_ampang,rail,140420
2022-05-28,rail_lrt_ampang,rail,105814
2022-05-29,rail_lrt_ampang,rail,83464
2022-05-30,rail_lrt_ampang,rail,131014
2022-05-31,rail_lrt_ampang,rail,132499
2022-06-01,rail_lrt_ampang,rail,142442
2022-06-02,rail_lrt_ampang,rail,136092
2022-06-03,rail_lrt_ampang,rail,148201
2022-06-04,rail_lrt_ampang,rail,114042
2022-06-05,rail_lrt_ampang,rail,114199
2022-06-06,rail_lrt_ampang,rail,111961
2022-06-07,rail_lrt_ampang,rail,150203
2022-06-08,rail_lrt_ampang,rail,169440
2022-06-09,rail_lrt_ampang,rail,156703
2022-06-10,rail_lrt_ampang,rail,158942
2022-06-11,rail_lrt_ampang,rail,164593
2022-06-12,rail_lrt_ampang,rail,100356
2022-06-13,rail_lrt_ampang,rail,131546
2022-06-14,rail_lrt_ampang,rail,163757
2022-06-15,rail_lrt_ampang,rail,136466
2022-06-16,rail_lrt_ampang,rail,143577
2022-06-17,rail_lrt_ampang,rail,157576
2022-06-18,rail_lrt_ampang,rail,123615
2022-06-19,rail_lrt_ampang,rail,114630
2022-06-20,rail_lrt_ampang,rail,152913
2022-06-21,rail_lrt_ampang,rail,156975
2022-06-22,rail_lrt_ampang,rail,157490
2022-06-23,rail_lrt_ampang,rail,158203
2022-06-24,rail_lrt_ampang,rail,167111
2022-06-25,rail_lrt_ampang,rail,138982
2022-06-26,rail_lrt_ampang,rail,125384
2022-06-27,rail_lrt_ampang,rail,157283
2022-06-28,rail_lrt_ampang,rail,160579
2022-06-29,rail_lrt_ampang,rail,166271
2022-06-30,rail_lrt_ampang,rail,165063
2022-07-01,rail_lrt_ampang,rail,174670
2022-07-02,rail_lrt_ampang,rail,144912
2022-07-03,rail_lrt_ampang,rail,129491
2022-07-04,rail_lrt_ampang,rail,158703
2022-07-05,rail_lrt_ampang,rail,162472
2022-07-06,rail_lrt_ampang,rail,167665
2022-07-07,rail_lrt_ampang,rail,170024
2022-07-08,rail_lrt_ampang,rail,170958
2022-07-09,rail_lrt_ampang,rail,122152
2022-07-10,rail_lrt_ampang,rail,113075
2022-07-11,rail_lrt_ampang,rail,103647
2022-07-12,rail_lrt_ampang,rail,170811
2022-07-13,rail_lrt_ampang,rail,159044
2022-07-14,rail_lrt_ampang,rail,159337
2022-07-15,rail_lrt_ampang,rail,163570
2022-07-16,rail_lrt_ampang,rail,101087
2022-07-17,rail_lrt_ampang,rail,81755
2022-07-18,rail_lrt_ampang,rail,138425
2022-07-19,rail_lrt_ampang,rail,142936
2022-07-20,rail_lrt_ampang,rail,146074
2022-07-21,rail_lrt_ampang,rail,143225
2022-07-22,rail_lrt_ampang,rail,145341
2022-07-23,rail_lrt_ampang,rail,96401
2022-07-24,rail_lrt_ampang,rail,81384
2022-07-25,rail_lrt_ampang,rail,142472
2022-07-26,rail_lrt_ampang,rail,145951
2022-07-27,rail_lrt_ampang,rail,145561
2022-07-28,rail_lrt_ampang,rail,143779
2022-07-29,rail_lrt_ampang,rail,150071
2022-07-30,rail_lrt_ampang,rail,103035
2022-07-31,rail_lrt_ampang,rail,88705
2022-08-01,rail_lrt_ampang,rail,145387
2022-08-02,rail_lrt_ampang,rail,147793
2022-08-03,rail_lrt_ampang,rail,148050
2022-08-04,rail_lrt_ampang,rail,150031
2022-08-05,rail_lrt_ampang,rail,155395
2022-08-06,rail_lrt_ampang,rail,107678
2022-08-07,rail_lrt_ampang,rail,94151
2022-08-08,rail_lrt_ampang,rail,146547
2022-08-09,rail_lrt_ampang,rail,150965
2022-08-10,rail_lrt_ampang,rail,152762
2022-08-11,rail_lrt_ampang,rail,150168
2022-08-12,rail_lrt_ampang,rail,151993
2022-08-13,rail_lrt_ampang,rail,101045
2022-08-14,rail_lrt_ampang,rail,86580
2022-08-15,rail_lrt_ampang,rail,146836
2022-08-16,rail_lrt_ampang,rail,150633
2022-08-17,rail_lrt_ampang,rail,151232
2022-08-18,rail_lrt_ampang,rail,160782
2022-08-19,rail_lrt_ampang,rail,152171
2022-08-20,rail_lrt_ampang,rail,97033
2022-08-21,rail_lrt_ampang,rail,84907
2022-08-22,rail_lrt_ampang,rail,147002
2022-08-23,rail_lrt_ampang,rail,152237
2022-08-24,rail_lrt_ampang,rail,153364
2022-08-25,rail_lrt_ampang,rail,151014
2022-08-26,rail_lrt_ampang,rail,158883
2022-08-27,rail_lrt_ampang,rail,108547
2022-08-28,rail_lrt_ampang,rail,94873
2022-08-29,rail_lrt_ampang,rail,153956
2022-08-30,rail_lrt_ampang,rail,167338
2022-08-31,rail_lrt_ampang,rail,173713
2022-09-01,rail_lrt_ampang,rail,152642
2022-09-02,rail_lrt_ampang,rail,160229
2022-09-03,rail_lrt_ampang,rail,111243
2022-09-04,rail_lrt_ampang,rail,100744
2022-09-05,rail_lrt_ampang,rail,154253
2022-09-06,rail_lrt_ampang,rail,159092
2022-09-07,rail_lrt_ampang,rail,164828
2022-09-08,rail_lrt_ampang,rail,162335
2022-09-09,rail_lrt_ampang,rail,163997
2022-09-10,rail_lrt_ampang,rail,177487
2022-09-11,rail_lrt_ampang,rail,93666
2022-09-12,rail_lrt_ampang,rail,156689
2022-09-13,rail_lrt_ampang,rail,159617
2022-09-14,rail_lrt_ampang,rail,159729
2022-09-15,rail_lrt_ampang,rail,164838
2022-09-16,rail_lrt_ampang,rail,104734
2022-09-17,rail_lrt_ampang,rail,96704
2022-09-18,rail_lrt_ampang,rail,86581
2022-09-19,rail_lrt_ampang,rail,149896
2022-09-20,rail_lrt_ampang,rail,155978
2022-09-21,rail_lrt_ampang,rail,157815
2022-09-22,rail_lrt_ampang,rail,156310
2022-09-23,rail_lrt_ampang,rail,160308
2022-09-24,rail_lrt_ampang,rail,109484
2022-09-25,rail_lrt_ampang,rail,90950
2022-09-26,rail_lrt_ampang,rail,143071
2022-09-27,rail_lrt_ampang,rail,156668
2022-09-28,rail_lrt_ampang,rail,159188
2022-09-29,rail_lrt_ampang,rail,156950
2022-09-30,rail_lrt_ampang,rail,160936
2022-10-01,rail_lrt_ampang,rail,116122
2022-10-02,rail_lrt_ampang,rail,98055
2022-10-03,rail_lrt_ampang,rail,158374
2022-10-04,rail_lrt_ampang,rail,162512
2022-10-05,rail_lrt_ampang,rail,163866
2022-10-06,rail_lrt_ampang,rail,161898
2022-10-07,rail_lrt_ampang,rail,164935
2022-10-08,rail_lrt_ampang,rail,113894
2022-10-09,rail_lrt_ampang,rail,102401
2022-10-10,rail_lrt_ampang,rail,95038
2022-10-11,rail_lrt_ampang,rail,161625
2022-10-12,rail_lrt_ampang,rail,161413
2022-10-13,rail_lrt_ampang,rail,160827
2022-10-14,rail_lrt_ampang,rail,163305
2022-10-15,rail_lrt_ampang,rail,104253
2022-10-16,rail_lrt_ampang,rail,93832
2022-10-17,rail_lrt_ampang,rail,157299
2022-10-18,rail_lrt_ampang,rail,160972
2022-10-19,rail_lrt_ampang,rail,164448
2022-10-20,rail_lrt_ampang,rail,164358
2022-10-21,rail_lrt_ampang,rail,172207
2022-10-22,rail_lrt_ampang,rail,126259
2022-10-23,rail_lrt_ampang,rail,106936
2022-10-24,rail_lrt_ampang,rail,94237
2022-10-25,rail_lrt_ampang,rail,143924
2022-10-26,rail_lrt_ampang,rail,145891
2022-10-27,rail_lrt_ampang,rail,149982
2022-10-28,rail_lrt_ampang,rail,152216
2022-10-29,rail_lrt_ampang,rail,101828
2022-10-30,rail_lrt_ampang,rail,85914
2022-10-31,rail_lrt_ampang,rail,150314
2022-11-01,rail_lrt_ampang,rail,157158
2022-11-02,rail_lrt_ampang,rail,157499
2022-11-03,rail_lrt_ampang,rail,157201
2022-11-04,rail_lrt_ampang,rail,160658
2022-11-05,rail_lrt_ampang,rail,104667
2022-11-06,rail_lrt_ampang,rail,93949
2022-11-07,rail_lrt_ampang,rail,151803
2022-11-08,rail_lrt_ampang,rail,150193
2022-11-09,rail_lrt_ampang,rail,135603
2022-11-10,rail_lrt_ampang,rail,132122
2022-11-11,rail_lrt_ampang,rail,136665
2022-11-12,rail_lrt_ampang,rail,90957
2022-11-13,rail_lrt_ampang,rail,81764
2022-11-14,rail_lrt_ampang,rail,141677
2022-11-15,rail_lrt_ampang,rail,152135
2022-11-16,rail_lrt_ampang,rail,161277
2022-11-17,rail_lrt_ampang,rail,161586
2022-11-18,rail_lrt_ampang,rail,89991
2022-11-19,rail_lrt_ampang,rail,79947
2022-11-20,rail_lrt_ampang,rail,81538
2022-11-21,rail_lrt_ampang,rail,141156
2022-11-22,rail_lrt_ampang,rail,154721
2022-11-23,rail_lrt_ampang,rail,157174
2022-11-24,rail_lrt_ampang,rail,157011
2022-11-25,rail_lrt_ampang,rail,158861
2022-11-26,rail_lrt_ampang,rail,142717
2022-11-27,rail_lrt_ampang,rail,94343
2022-11-28,rail_lrt_ampang,rail,85296
2022-11-29,rail_lrt_ampang,rail,133636
2022-11-30,rail_lrt_ampang,rail,160686
2022-12-01,rail_lrt_ampang,rail,158719
2022-12-02,rail_lrt_ampang,rail,164755
2022-12-03,rail_lrt_ampang,rail,121916
2022-12-04,rail_lrt_ampang,rail,98235
2022-12-05,rail_lrt_ampang,rail,155870
2022-12-06,rail_lrt_ampang,rail,160070
2022-12-07,rail_lrt_ampang,rail,163403
2022-12-08,rail_lrt_ampang,rail,161393
2022-12-09,rail_lrt_ampang,rail,170777
2022-12-10,rail_lrt_ampang,rail,114875
2022-12-11,rail_lrt_ampang,rail,103791
2022-12-12,rail_lrt_ampang,rail,145952
2022-12-13,rail_lrt_ampang,rail,157791
2022-12-14,rail_lrt_ampang,rail,158698
2022-12-15,rail_lrt_ampang,rail,158121
2022-12-16,rail_lrt_ampang,rail,160770
2022-12-17,rail_lrt_ampang,rail,127553
2022-12-18,rail_lrt_ampang,rail,124515
2022-12-19,rail_lrt_ampang,rail,152009
2022-12-20,rail_lrt_ampang,rail,155502
2022-12-21,rail_lrt_ampang,rail,156148
2022-12-22,rail_lrt_ampang,rail,154101
2022-12-23,rail_lrt_ampang,rail,160878
2022-12-24,rail_lrt_ampang,rail,141842
2022-12-25,rail_lrt_ampang,rail,120559
2022-12-26,rail_lrt_ampang,rail,100469
2022-12-27,rail_lrt_ampang,rail,144998
2022-12-28,rail_lrt_ampang,rail,147319
2022-12-29,rail_lrt_ampang,rail,146241
2022-12-30,rail_lrt_ampang,rail,150034
2022-12-31,rail_lrt_ampang,rail,138382
2023-01-01,rail_lrt_ampang,rail,115467
2023-01-02,rail_lrt_ampang,rail,89820
2023-01-03,rail_lrt_ampang,rail,191994
2023-01-04,rail_lrt_ampang,rail,160504
2023-01-05,rail_lrt_ampang,rail,158133
2023-01-06,rail_lrt_ampang,rail,162067
2023-01-07,rail_lrt_ampang,rail,149618
2023-01-08,rail_lrt_ampang,rail,91472
2023-01-09,rail_lrt_ampang,rail,163522
2023-01-10,rail_lrt_ampang,rail,168476
2023-01-11,rail_lrt_ampang,rail,173549
2023-01-12,rail_lrt_ampang,rail,171901
2023-01-13,rail_lrt_ampang,rail,175529
2023-01-14,rail_lrt_ampang,rail,117070
2023-01-15,rail_lrt_ampang,rail,126288
2023-01-16,rail_lrt_ampang,rail,163697
2023-01-17,rail_lrt_ampang,rail,170034
2023-01-18,rail_lrt_ampang,rail,173405
2023-01-19,rail_lrt_ampang,rail,174880
2023-01-20,rail_lrt_ampang,rail,157762
2023-01-21,rail_lrt_ampang,rail,100099
2023-01-22,rail_lrt_ampang,rail,104291
2023-01-23,rail_lrt_ampang,rail,99938
2023-01-24,rail_lrt_ampang,rail,85384
2023-01-25,rail_lrt_ampang,rail,128882
2023-01-26,rail_lrt_ampang,rail,133492
2023-01-27,rail_lrt_ampang,rail,128567
2023-01-28,rail_lrt_ampang,rail,118891
2023-01-29,rail_lrt_ampang,rail,82803
2023-01-30,rail_lrt_ampang,rail,138834
2023-01-31,rail_lrt_ampang,rail,142870
2023-02-01,rail_lrt_ampang,rail,92490
2023-02-02,rail_lrt_ampang,rail,146401
2023-02-03,rail_lrt_ampang,rail,150563
2023-02-04,rail_lrt_ampang,rail,98443
2023-02-05,rail_lrt_ampang,rail,87869
2023-02-06,rail_lrt_ampang,rail,76272
2023-02-07,rail_lrt_ampang,rail,145987
2023-02-08,rail_lrt_ampang,rail,149118
2023-02-09,rail_lrt_ampang,rail,146689
2023-02-10,rail_lrt_ampang,rail,149205
2023-02-11,rail_lrt_ampang,rail,132885
2023-02-12,rail_lrt_ampang,rail,91573
2023-02-13,rail_lrt_ampang,rail,147759
2023-02-14,rail_lrt_ampang,rail,153891
2023-02-15,rail_lrt_ampang,rail,151032
2023-02-16,rail_lrt_ampang,rail,149254
2023-02-17,rail_lrt_ampang,rail,152272
2023-02-18,rail_lrt_ampang,rail,102683
2023-02-19,rail_lrt_ampang,rail,92005
2023-02-20,rail_lrt_ampang,rail,142058
2023-02-21,rail_lrt_ampang,rail,145244
2023-02-22,rail_lrt_ampang,rail,148150
2023-02-23,rail_lrt_ampang,rail,147057
2023-02-24,rail_lrt_ampang,rail,149371
2023-02-25,rail_lrt_ampang,rail,100736
2023-02-26,rail_lrt_ampang,rail,89343
2023-02-27,rail_lrt_ampang,rail,137458
2023-02-28,rail_lrt_ampang,rail,141073
2023-03-01,rail_lrt_ampang,rail,148868
2023-03-02,rail_lrt_ampang,rail,147786
2023-03-03,rail_lrt_ampang,rail,149640
2023-03-04,rail_lrt_ampang,rail,168384
2023-03-05,rail_lrt_ampang,rail,99450
2023-03-06,rail_lrt_ampang,rail,147080
2023-03-07,rail_lrt_ampang,rail,149853
2023-03-08,rail_lrt_ampang,rail,154959
2023-03-09,rail_lrt_ampang,rail,151292
2023-03-10,rail_lrt_ampang,rail,150242
2023-03-11,rail_lrt_ampang,rail,105186
2023-03-12,rail_lrt_ampang,rail,94621
2023-03-13,rail_lrt_ampang,rail,146750
2023-03-14,rail_lrt_ampang,rail,150553
2023-03-15,rail_lrt_ampang,rail,153580
2023-03-16,rail_lrt_ampang,rail,152272
2023-03-17,rail_lrt_ampang,rail,153510
2023-03-18,rail_lrt_ampang,rail,118171
2023-03-19,rail_lrt_ampang,rail,103407
2023-03-20,rail_lrt_ampang,rail,149525
2023-03-21,rail_lrt_ampang,rail,154444
2023-03-22,rail_lrt_ampang,rail,160028
2023-03-23,rail_lrt_ampang,rail,145300
2023-03-24,rail_lrt_ampang,rail,145984
2023-03-25,rail_lrt_ampang,rail,91234
2023-03-26,rail_lrt_ampang,rail,84770
2023-03-27,rail_lrt_ampang,rail,141894
2023-03-28,rail_lrt_ampang,rail,146104
2023-03-29,rail_lrt_ampang,rail,146962
2023-03-30,rail_lrt_ampang,rail,146416
2023-03-31,rail_lrt_ampang,rail,150414
2023-04-01,rail_lrt_ampang,rail,92646
2023-04-02,rail_lrt_ampang,rail,74873
2023-04-03,rail_lrt_ampang,rail,128403
2023-04-04,rail_lrt_ampang,rail,132094
2023-04-05,rail_lrt_ampang,rail,133122
2023-04-06,rail_lrt_ampang,rail,134499
2023-04-07,rail_lrt_ampang,rail,134497
2023-04-08,rail_lrt_ampang,rail,93709
2023-04-09,rail_lrt_ampang,rail,87183
2023-04-10,rail_lrt_ampang,rail,133575
2023-04-11,rail_lrt_ampang,rail,136234
2023-04-12,rail_lrt_ampang,rail,137832
2023-04-13,rail_lrt_ampang,rail,135636
2023-04-14,rail_lrt_ampang,rail,138070
2023-04-15,rail_lrt_ampang,rail,100248
2023-04-16,rail_lrt_ampang,rail,86889
2023-04-17,rail_lrt_ampang,rail,134216
2023-04-18,rail_lrt_ampang,rail,140288
2023-04-19,rail_lrt_ampang,rail,134237
2023-04-20,rail_lrt_ampang,rail,117269
2023-04-21,rail_lrt_ampang,rail,88026
2023-04-22,rail_lrt_ampang,rail,85722
2023-04-23,rail_lrt_ampang,rail,89689
2023-04-24,rail_lrt_ampang,rail,72625
2023-04-25,rail_lrt_ampang,rail,100388
2023-04-26,rail_lrt_ampang,rail,108400
2023-04-27,rail_lrt_ampang,rail,112148
2023-04-28,rail_lrt_ampang,rail,113102
2023-04-29,rail_lrt_ampang,rail,84014
2023-04-30,rail_lrt_ampang,rail,79052
2023-05-01,rail_lrt_ampang,rail,77329
2023-05-02,rail_lrt_ampang,rail,130834
2023-05-03,rail_lrt_ampang,rail,130830
2023-05-04,rail_lrt_ampang,rail,76525
2023-05-05,rail_lrt_ampang,rail,123940
2023-05-06,rail_lrt_ampang,rail,86071
2023-05-07,rail_lrt_ampang,rail,77914
2023-05-08,rail_lrt_ampang,rail,131862
2023-05-09,rail_lrt_ampang,rail,134542
2023-05-10,rail_lrt_ampang,rail,135326
2023-05-11,rail_lrt_ampang,rail,135193
2023-05-12,rail_lrt_ampang,rail,155220
2023-05-13,rail_lrt_ampang,rail,108804
2023-05-14,rail_lrt_ampang,rail,95452
2023-05-15,rail_lrt_ampang,rail,149682
2023-05-16,rail_lrt_ampang,rail,151847
2023-05-17,rail_lrt_ampang,rail,153952
2023-05-18,rail_lrt_ampang,rail,149259
2023-05-19,rail_lrt_ampang,rail,151662
2023-05-20,rail_lrt_ampang,rail,112752
2023-05-21,rail_lrt_ampang,rail,91464
2023-05-22,rail_lrt_ampang,rail,146979
2023-05-23,rail_lrt_ampang,rail,150232
2023-05-24,rail_lrt_ampang,rail,151343
2023-05-25,rail_lrt_ampang,rail,151274
2023-05-26,rail_lrt_ampang,rail,162951
2023-05-27,rail_lrt_ampang,rail,139102
2023-05-28,rail_lrt_ampang,rail,121106
2023-05-29,rail_lrt_ampang,rail,165647
2023-05-30,rail_lrt_ampang,rail,169100
2023-05-31,rail_lrt_ampang,rail,176657
2023-06-01,rail_lrt_ampang,rail,175361
2023-06-02,rail_lrt_ampang,rail,176485
2023-06-03,rail_lrt_ampang,rail,146465
2023-06-04,rail_lrt_ampang,rail,131090
2023-06-05,rail_lrt_ampang,rail,89366
2023-06-06,rail_lrt_ampang,rail,153661
2023-06-07,rail_lrt_ampang,rail,156567
2023-06-08,rail_lrt_ampang,rail,158115
2023-06-09,rail_lrt_ampang,rail,155450
2023-06-10,rail_lrt_ampang,rail,109688
2023-06-11,rail_lrt_ampang,rail,96137
2023-06-12,rail_lrt_ampang,rail,151140
2023-06-13,rail_lrt_ampang,rail,154145
2023-06-14,rail_lrt_ampang,rail,155494
2023-06-15,rail_lrt_ampang,rail,154757
2023-06-16,rail_lrt_ampang,rail,154099
2023-06-17,rail_lrt_ampang,rail,106553
2023-06-18,rail_lrt_ampang,rail,99336
2023-06-19,rail_lrt_ampang,rail,147796
2023-06-20,rail_lrt_ampang,rail,152233
2023-06-21,rail_lrt_ampang,rail,152905
2023-06-22,rail_lrt_ampang,rail,151261
2023-06-23,rail_lrt_ampang,rail,151629
2023-06-24,rail_lrt_ampang,rail,105357
2023-06-25,rail_lrt_ampang,rail,89285
2023-06-26,rail_lrt_ampang,rail,141876
2023-06-27,rail_lrt_ampang,rail,158847
2023-06-28,rail_lrt_ampang,rail,150136
2023-06-29,rail_lrt_ampang,rail,94379
2023-06-30,rail_lrt_ampang,rail,124076
2023-07-01,rail_lrt_ampang,rail,96982
2023-07-02,rail_lrt_ampang,rail,88114
2023-07-03,rail_lrt_ampang,rail,150804
2023-07-04,rail_lrt_ampang,rail,155993
2023-07-05,rail_lrt_ampang,rail,158150
2023-07-06,rail_lrt_ampang,rail,156377
2023-07-07,rail_lrt_ampang,rail,158379
2023-07-08,rail_lrt_ampang,rail,109990
2023-07-09,rail_lrt_ampang,rail,95203
2023-07-10,rail_lrt_ampang,rail,156303
2023-07-11,rail_lrt_ampang,rail,159590
2023-07-12,rail_lrt_ampang,rail,160348
2023-07-13,rail_lrt_ampang,rail,158721
2023-07-14,rail_lrt_ampang,rail,158547
2023-07-15,rail_lrt_ampang,rail,117871
2023-07-16,rail_lrt_ampang,rail,93528
2023-07-17,rail_lrt_ampang,rail,153444
2023-07-18,rail_lrt_ampang,rail,158609
2023-07-19,rail_lrt_ampang,rail,89868
2023-07-20,rail_lrt_ampang,rail,155134
2023-07-21,rail_lrt_ampang,rail,154701
2023-07-22,rail_lrt_ampang,rail,104782
2023-07-23,rail_lrt_ampang,rail,85410
2023-07-24,rail_lrt_ampang,rail,152450
2023-07-25,rail_lrt_ampang,rail,157682
2023-07-26,rail_lrt_ampang,rail,158925
2023-07-27,rail_lrt_ampang,rail,155926
2023-07-28,rail_lrt_ampang,rail,160555
2023-07-29,rail_lrt_ampang,rail,130020
2023-07-30,rail_lrt_ampang,rail,92113
2023-07-31,rail_lrt_ampang,rail,153214
2023-08-01,rail_lrt_ampang,rail,157947
2023-08-02,rail_lrt_ampang,rail,161205
2023-08-03,rail_lrt_ampang,rail,157425
2023-08-04,rail_lrt_ampang,rail,158400
2023-08-05,rail_lrt_ampang,rail,112118
2023-08-06,rail_lrt_ampang,rail,98591
2023-08-07,rail_lrt_ampang,rail,157318
2023-08-08,rail_lrt_ampang,rail,160812
2023-08-09,rail_lrt_ampang,rail,163797
2023-08-10,rail_lrt_ampang,rail,163809
2023-08-11,rail_lrt_ampang,rail,164588
2023-08-12,rail_lrt_ampang,rail,100952
2023-08-13,rail_lrt_ampang,rail,99308
2023-08-14,rail_lrt_ampang,rail,144076
2023-08-15,rail_lrt_ampang,rail,161691
2023-08-16,rail_lrt_ampang,rail,161948
2023-08-17,rail_lrt_ampang,rail,159244
2023-08-18,rail_lrt_ampang,rail,163271
2023-08-19,rail_lrt_ampang,rail,112091
2023-08-20,rail_lrt_ampang,rail,96216
2023-08-21,rail_lrt_ampang,rail,154047
2023-08-22,rail_lrt_ampang,rail,158572
2023-08-23,rail_lrt_ampang,rail,160366
2023-08-24,rail_lrt_ampang,rail,159491
2023-08-25,rail_lrt_ampang,rail,166331
2023-08-26,rail_lrt_ampang,rail,115171
2023-08-27,rail_lrt_ampang,rail,95205
2023-08-28,rail_lrt_ampang,rail,151161
2023-08-29,rail_lrt_ampang,rail,160390
2023-08-30,rail_lrt_ampang,rail,180258
2023-08-31,rail_lrt_ampang,rail,126266
2023-09-01,rail_lrt_ampang,rail,144989
2023-09-02,rail_lrt_ampang,rail,109734
2023-09-03,rail_lrt_ampang,rail,94648
2023-09-04,rail_lrt_ampang,rail,153973
2023-09-05,rail_lrt_ampang,rail,160965
2023-09-06,rail_lrt_ampang,rail,162466
2023-09-07,rail_lrt_ampang,rail,162063
2023-09-08,rail_lrt_ampang,rail,161362
2023-09-09,rail_lrt_ampang,rail,123587
2023-09-10,rail_lrt_ampang,rail,105562
2023-09-11,rail_lrt_ampang,rail,157865
2023-09-12,rail_lrt_ampang,rail,162603
2023-09-13,rail_lrt_ampang,rail,164264
2023-09-14,rail_lrt_ampang,rail,161769
2023-09-15,rail_lrt_ampang,rail,164722
2023-09-16,rail_lrt_ampang,rail,116146
2023-09-17,rail_lrt_ampang,rail,96759
2023-09-18,rail_lrt_ampang,rail,157074
2023-09-19,rail_lrt_ampang,rail,163811
2023-09-20,rail_lrt_ampang,rail,164254
2023-09-21,rail_lrt_ampang,rail,162734
2023-09-22,rail_lrt_ampang,rail,163194
2023-09-23,rail_lrt_ampang,rail,110680
2023-09-24,rail_lrt_ampang,rail,93123
2023-09-25,rail_lrt_ampang,rail,158798
2023-09-26,rail_lrt_ampang,rail,163203
2023-09-27,rail_lrt_ampang,rail,168906
2023-09-28,rail_lrt_ampang,rail,99592
2023-09-29,rail_lrt_ampang,rail,155834
2023-09-30,rail_lrt_ampang,rail,117356
2023-10-01,rail_lrt_ampang,rail,102970
2023-10-02,rail_lrt_ampang,rail,159335
2023-10-03,rail_lrt_ampang,rail,164939
2023-10-04,rail_lrt_ampang,rail,165967
2023-10-05,rail_lrt_ampang,rail,164723
2023-10-06,rail_lrt_ampang,rail,168200
2023-10-07,rail_lrt_ampang,rail,117280
2023-10-08,rail_lrt_ampang,rail,104194
2023-10-09,rail_lrt_ampang,rail,160677
2023-10-10,rail_lrt_ampang,rail,163932
2023-10-11,rail_lrt_ampang,rail,164959
2023-10-12,rail_lrt_ampang,rail,161817
2023-10-13,rail_lrt_ampang,rail,197735
2023-10-14,rail_lrt_ampang,rail,111920
2023-10-15,rail_lrt_ampang,rail,98380
2023-10-16,rail_lrt_ampang,rail,161959
2023-10-17,rail_lrt_ampang,rail,187016
2023-10-18,rail_lrt_ampang,rail,167017
2023-10-19,rail_lrt_ampang,rail,166233
2023-10-20,rail_lrt_ampang,rail,167968
2023-10-21,rail_lrt_ampang,rail,112580
2023-10-22,rail_lrt_ampang,rail,102503
2023-10-23,rail_lrt_ampang,rail,160945
2023-10-24,rail_lrt_ampang,rail,169839
2023-10-25,rail_lrt_ampang,rail,165138
2023-10-26,rail_lrt_ampang,rail,164608
2023-10-27,rail_lrt_ampang,rail,165783
2023-10-28,rail_lrt_ampang,rail,115211
2023-10-29,rail_lrt_ampang,rail,98246
2023-10-30,rail_lrt_ampang,rail,158224
2023-10-31,rail_lrt_ampang,rail,163126
2023-11-01,rail_lrt_ampang,rail,166517
2023-11-02,rail_lrt_ampang,rail,164381
2023-11-03,rail_lrt_ampang,rail,167152
2023-11-04,rail_lrt_ampang,rail,119716
2023-11-05,rail_lrt_ampang,rail,104440
2023-11-06,rail_lrt_ampang,rail,162582
2023-11-07,rail_lrt_ampang,rail,168981
2023-11-08,rail_lrt_ampang,rail,172189
2023-11-09,rail_lrt_ampang,rail,171653
2023-11-10,rail_lrt_ampang,rail,175560
2023-11-11,rail_lrt_ampang,rail,125150
2023-11-12,rail_lrt_ampang,rail,118480
2023-11-13,rail_lrt_ampang,rail,101664
2023-11-14,rail_lrt_ampang,rail,152628
2023-11-15,rail_lrt_ampang,rail,162135
2023-11-16,rail_lrt_ampang,rail,173089
2023-11-17,rail_lrt_ampang,rail,160067
2023-11-18,rail_lrt_ampang,rail,112646
2023-11-19,rail_lrt_ampang,rail,96012
2023-11-20,rail_lrt_ampang,rail,160409
2023-11-21,rail_lrt_ampang,rail,165504
2023-11-22,rail_lrt_ampang,rail,250614
2023-11-23,rail_lrt_ampang,rail,168627
2023-11-24,rail_lrt_ampang,rail,170630
2023-11-25,rail_lrt_ampang,rail,118685
2023-11-26,rail_lrt_ampang,rail,102424
2023-11-27,rail_lrt_ampang,rail,161414
2023-11-28,rail_lrt_ampang,rail,166671
2023-11-29,rail_lrt_ampang,rail,166895
2023-11-30,rail_lrt_ampang,rail,165275
2023-12-01,rail_lrt_ampang,rail,168552
2023-12-02,rail_lrt_ampang,rail,121162
2023-12-03,rail_lrt_ampang,rail,107791
2023-12-04,rail_lrt_ampang,rail,158852
2023-12-05,rail_lrt_ampang,rail,162829
2023-12-06,rail_lrt_ampang,rail,166493
2023-12-07,rail_lrt_ampang,rail,165729
2023-12-08,rail_lrt_ampang,rail,243298
2023-12-09,rail_lrt_ampang,rail,137022
2023-12-10,rail_lrt_ampang,rail,129807
2023-12-11,rail_lrt_ampang,rail,151346
2023-12-12,rail_lrt_ampang,rail,163424
2023-12-13,rail_lrt_ampang,rail,161783
2023-12-14,rail_lrt_ampang,rail,159575
2023-12-15,rail_lrt_ampang,rail,169157
2023-12-16,rail_lrt_ampang,rail,117347
2023-12-17,rail_lrt_ampang,rail,107590
2023-12-18,rail_lrt_ampang,rail,154378
2023-12-19,rail_lrt_ampang,rail,157400
2023-12-20,rail_lrt_ampang,rail,159376
2023-12-21,rail_lrt_ampang,rail,156390
2023-12-22,rail_lrt_ampang,rail,156009
2023-12-23,rail_lrt_ampang,rail,126178
2023-12-24,rail_lrt_ampang,rail,126020
2023-12-25,rail_lrt_ampang,rail,112249
2023-12-26,rail_lrt_ampang,rail,136939
2023-12-27,rail_lrt_ampang,rail,142064
2023-12-28,rail_lrt_ampang,rail,141124
2023-12-29,rail_lrt_ampang,rail,141251
2023-12-30,rail_lrt_ampang,rail,110788
2023-12-31,rail_lrt_ampang,rail,149183
2024-01-01,rail_lrt_ampang,rail,103076
2024-01-02,rail_lrt_ampang,rail,153716
2024-01-03,rail_lrt_ampang,rail,157042
2024-01-04,rail_lrt_ampang,rail,155018
2024-01-05,rail_lrt_ampang,rail,156007
2024-01-06,rail_lrt_ampang,rail,105102
2024-01-07,rail_lrt_ampang,rail,90321
2024-01-08,rail_lrt_ampang,rail,161338
2024-01-09,rail_lrt_ampang,rail,165949
2024-01-10,rail_lrt_ampang,rail,167526
2024-01-11,rail_lrt_ampang,rail,167341
2024-01-12,rail_lrt_ampang,rail,171423
2024-01-13,rail_lrt_ampang,rail,131116
2024-01-14,rail_lrt_ampang,rail,101780
2024-01-15,rail_lrt_ampang,rail,160979
2024-01-16,rail_lrt_ampang,rail,165856
2024-01-17,rail_lrt_ampang,rail,167244
2024-01-18,rail_lrt_ampang,rail,165975
2024-01-19,rail_lrt_ampang,rail,167326
2024-01-20,rail_lrt_ampang,rail,112232
2024-01-21,rail_lrt_ampang,rail,97180
2024-01-22,rail_lrt_ampang,rail,163130
2024-01-23,rail_lrt_ampang,rail,171129
2024-01-24,rail_lrt_ampang,rail,175617
2024-01-25,rail_lrt_ampang,rail,99739
2024-01-26,rail_lrt_ampang,rail,157017
2024-01-27,rail_lrt_ampang,rail,114892
2024-01-28,rail_lrt_ampang,rail,96029
2024-01-29,rail_lrt_ampang,rail,164224
2024-01-30,rail_lrt_ampang,rail,168871
2024-01-31,rail_lrt_ampang,rail,171748
2024-02-01,rail_lrt_ampang,rail,110345
2024-02-02,rail_lrt_ampang,rail,167247
2024-02-03,rail_lrt_ampang,rail,123360
2024-02-04,rail_lrt_ampang,rail,105648
2024-02-05,rail_lrt_ampang,rail,172179
2024-02-06,rail_lrt_ampang,rail,178800
2024-02-07,rail_lrt_ampang,rail,181361
2024-02-08,rail_lrt_ampang,rail,168826
2024-02-09,rail_lrt_ampang,rail,145126
2024-02-10,rail_lrt_ampang,rail,120724
2024-02-11,rail_lrt_ampang,rail,127252
2024-02-12,rail_lrt_ampang,rail,106837
2024-02-13,rail_lrt_ampang,rail,140635
2024-02-14,rail_lrt_ampang,rail,149656
2024-02-15,rail_lrt_ampang,rail,152668
2024-02-16,rail_lrt_ampang,rail,151510
2024-02-17,rail_lrt_ampang,rail,115135
2024-02-18,rail_lrt_ampang,rail,101449
2024-02-19,rail_lrt_ampang,rail,172723
2024-02-20,rail_lrt_ampang,rail,176499
2024-02-21,rail_lrt_ampang,rail,180768
2024-02-22,rail_lrt_ampang,rail,179822
2024-02-23,rail_lrt_ampang,rail,182119
2024-02-24,rail_lrt_ampang,rail,169623
2024-02-25,rail_lrt_ampang,rail,117169
2024-02-26,rail_lrt_ampang,rail,178115
2024-02-27,rail_lrt_ampang,rail,182934
2024-02-28,rail_lrt_ampang,rail,185713
2024-02-29,rail_lrt_ampang,rail,186270
2024-03-01,rail_lrt_ampang,rail,188995
2024-03-02,rail_lrt_ampang,rail,139706
2024-03-03,rail_lrt_ampang,rail,130402
2024-03-04,rail_lrt_ampang,rail,186477
2024-03-05,rail_lrt_ampang,rail,192409
2024-03-06,rail_lrt_ampang,rail,196748
2024-03-07,rail_lrt_ampang,rail,195279
2024-03-08,rail_lrt_ampang,rail,198209
2024-03-09,rail_lrt_ampang,rail,147949
2024-03-10,rail_lrt_ampang,rail,131424
2024-03-11,rail_lrt_ampang,rail,195586
2024-03-12,rail_lrt_ampang,rail,183417
2024-03-13,rail_lrt_ampang,rail,187531
2024-03-14,rail_lrt_ampang,rail,187979
2024-03-15,rail_lrt_ampang,rail,186992
2024-03-16,rail_lrt_ampang,rail,117619
2024-03-17,rail_lrt_ampang,rail,103038
2024-03-18,rail_lrt_ampang,rail,185402
2024-03-19,rail_lrt_ampang,rail,187656
2024-03-20,rail_lrt_ampang,rail,189346
2024-03-21,rail_lrt_ampang,rail,188363
2024-03-22,rail_lrt_ampang,rail,193518
2024-03-23,rail_lrt_ampang,rail,128138
2024-03-24,rail_lrt_ampang,rail,109748
2024-03-25,rail_lrt_ampang,rail,186459
2024-03-26,rail_lrt_ampang,rail,200366
2024-03-27,rail_lrt_ampang,rail,195860
2024-03-28,rail_lrt_ampang,rail,123967
2024-03-29,rail_lrt_ampang,rail,182922
2024-03-30,rail_lrt_ampang,rail,136787
2024-03-31,rail_lrt_ampang,rail,118616
2024-04-01,rail_lrt_ampang,rail,190688
2024-04-02,rail_lrt_ampang,rail,194353
2024-04-03,rail_lrt_ampang,rail,198362
2024-04-04,rail_lrt_ampang,rail,196235
2024-04-05,rail_lrt_ampang,rail,205028
2024-04-06,rail_lrt_ampang,rail,138273
2024-04-07,rail_lrt_ampang,rail,125082
2024-04-08,rail_lrt_ampang,rail,159953
2024-04-09,rail_lrt_ampang,rail,152799
2024-04-10,rail_lrt_ampang,rail,124942
2024-04-11,rail_lrt_ampang,rail,119246
2024-04-12,rail_lrt_ampang,rail,130820
2024-04-13,rail_lrt_ampang,rail,104348
2024-04-14,rail_lrt_ampang,rail,102134
2024-04-15,rail_lrt_ampang,rail,172157
2024-04-16,rail_lrt_ampang,rail,181350
2024-04-17,rail_lrt_ampang,rail,187724
2024-04-18,rail_lrt_ampang,rail,185814
2024-04-19,rail_lrt_ampang,rail,189184
2024-04-20,rail_lrt_ampang,rail,128980
2024-04-21,rail_lrt_ampang,rail,113505
2024-04-22,rail_lrt_ampang,rail,186110
2024-04-23,rail_lrt_ampang,rail,191353
2024-04-24,rail_lrt_ampang,rail,191429
2024-04-25,rail_lrt_ampang,rail,189166
2024-04-26,rail_lrt_ampang,rail,193453
2024-04-27,rail_lrt_ampang,rail,143091
2024-04-28,rail_lrt_ampang,rail,117225
2024-04-29,rail_lrt_ampang,rail,187311
2024-04-30,rail_lrt_ampang,rail,194819
2024-05-01,rail_lrt_ampang,rail,119793
2024-05-02,rail_lrt_ampang,rail,195431
2024-05-03,rail_lrt_ampang,rail,197806
2024-05-04,rail_lrt_ampang,rail,143552
2024-05-05,rail_lrt_ampang,rail,123295
2024-05-06,rail_lrt_ampang,rail,192678
2024-05-07,rail_lrt_ampang,rail,198206
2024-05-08,rail_lrt_ampang,rail,199795
2024-05-09,rail_lrt_ampang,rail,197917
2024-05-10,rail_lrt_ampang,rail,201590
2024-05-11,rail_lrt_ampang,rail,135207
2024-05-12,rail_lrt_ampang,rail,128056
2024-05-13,rail_lrt_ampang,rail,195021
2024-05-14,rail_lrt_ampang,rail,198047
2024-05-15,rail_lrt_ampang,rail,197979
2024-05-16,rail_lrt_ampang,rail,196937
2024-05-17,rail_lrt_ampang,rail,200726
2024-05-18,rail_lrt_ampang,rail,138417
2024-05-19,rail_lrt_ampang,rail,123106
2024-05-20,rail_lrt_ampang,rail,189554
2024-05-21,rail_lrt_ampang,rail,196286
2024-05-22,rail_lrt_ampang,rail,118052
2024-05-23,rail_lrt_ampang,rail,192282
2024-05-24,rail_lrt_ampang,rail,210072
2024-05-25,rail_lrt_ampang,rail,169115
2024-05-26,rail_lrt_ampang,rail,154341
2024-05-27,rail_lrt_ampang,rail,209792
2024-05-28,rail_lrt_ampang,rail,215276
2024-05-29,rail_lrt_ampang,rail,224227
2024-05-30,rail_lrt_ampang,rail,223563
2024-05-31,rail_lrt_ampang,rail,221354
2024-06-01,rail_lrt_ampang,rail,185932
2024-06-02,rail_lrt_ampang,rail,162167
2024-06-03,rail_lrt_ampang,rail,115327
2024-06-04,rail_lrt_ampang,rail,196980
2024-06-05,rail_lrt_ampang,rail,195988
2024-06-06,rail_lrt_ampang,rail,194376
2024-06-07,rail_lrt_ampang,rail,198250
2024-06-08,rail_lrt_ampang,rail,144743
2024-06-09,rail_lrt_ampang,rail,132320
2024-06-10,rail_lrt_ampang,rail,197865
2024-06-11,rail_lrt_ampang,rail,210343
2024-06-12,rail_lrt_ampang,rail,202214
2024-06-13,rail_lrt_ampang,rail,202468
2024-06-14,rail_lrt_ampang,rail,203495
2024-06-15,rail_lrt_ampang,rail,139011
2024-06-16,rail_lrt_ampang,rail,125659
2024-06-17,rail_lrt_ampang,rail,116649
2024-06-18,rail_lrt_ampang,rail,185441
2024-06-19,rail_lrt_ampang,rail,194749
2024-06-20,rail_lrt_ampang,rail,193956
2024-06-21,rail_lrt_ampang,rail,194890
2024-06-22,rail_lrt_ampang,rail,142584
2024-06-23,rail_lrt_ampang,rail,130091
2024-06-24,rail_lrt_ampang,rail,189584
2024-06-25,rail_lrt_ampang,rail,194186
2024-06-26,rail_lrt_ampang,rail,196416
2024-06-27,rail_lrt_ampang,rail,194265
2024-06-28,rail_lrt_ampang,rail,195212
2024-06-29,rail_lrt_ampang,rail,140938
2024-06-30,rail_lrt_ampang,rail,120543
2024-07-01,rail_lrt_ampang,rail,195781
2024-07-02,rail_lrt_ampang,rail,200482
2024-07-03,rail_lrt_ampang,rail,203010
2024-07-04,rail_lrt_ampang,rail,202097
2024-07-05,rail_lrt_ampang,rail,207116
2024-07-06,rail_lrt_ampang,rail,142730
2024-07-07,rail_lrt_ampang,rail,132547
2024-07-08,rail_lrt_ampang,rail,115556
2024-07-09,rail_lrt_ampang,rail,200793
2024-07-10,rail_lrt_ampang,rail,205059
2024-07-11,rail_lrt_ampang,rail,203117
2024-07-12,rail_lrt_ampang,rail,201799
2024-07-13,rail_lrt_ampang,rail,140503
2024-07-14,rail_lrt_ampang,rail,120570
2024-07-15,rail_lrt_ampang,rail,196946
2024-07-16,rail_lrt_ampang,rail,201215
2024-07-17,rail_lrt_ampang,rail,203820
2024-07-18,rail_lrt_ampang,rail,201041
2024-07-19,rail_lrt_ampang,rail,203725
2024-07-20,rail_lrt_ampang,rail,144224
2024-07-21,rail_lrt_ampang,rail,120702
2024-07-22,rail_lrt_ampang,rail,196906
2024-07-23,rail_lrt_ampang,rail,200663
2024-07-24,rail_lrt_ampang,rail,200489
2024-07-25,rail_lrt_ampang,rail,201412
2024-07-26,rail_lrt_ampang,rail,203776
2024-07-27,rail_lrt_ampang,rail,157058
2024-07-28,rail_lrt_ampang,rail,123404
2024-07-29,rail_lrt_ampang,rail,194951
2024-07-30,rail_lrt_ampang,rail,200996
2024-07-31,rail_lrt_ampang,rail,204121
2024-08-01,rail_lrt_ampang,rail,204262
2024-08-02,rail_lrt_ampang,rail,205429
2024-08-03,rail_lrt_ampang,rail,146392
2024-08-04,rail_lrt_ampang,rail,124605
2024-08-05,rail_lrt_ampang,rail,197994
2024-08-06,rail_lrt_ampang,rail,205357
2024-08-07,rail_lrt_ampang,rail,207151
2024-08-08,rail_lrt_ampang,rail,208296
2024-08-09,rail_lrt_ampang,rail,209159
2024-08-10,rail_lrt_ampang,rail,144796
2024-08-11,rail_lrt_ampang,rail,120850
2024-08-12,rail_lrt_ampang,rail,205055
2024-08-13,rail_lrt_ampang,rail,207568
2024-08-14,rail_lrt_ampang,rail,208371
2024-08-15,rail_lrt_ampang,rail,205831
2024-08-16,rail_lrt_ampang,rail,206027
2024-08-17,rail_lrt_ampang,rail,143562
2024-08-18,rail_lrt_ampang,rail,127114
2024-08-19,rail_lrt_ampang,rail,201172
2024-08-20,rail_lrt_ampang,rail,202945
2024-08-21,rail_lrt_ampang,rail,205962
2024-08-22,rail_lrt_ampang,rail,205098
2024-08-23,rail_lrt_ampang,rail,209914
2024-08-24,rail_lrt_ampang,rail,188168
2024-08-25,rail_lrt_ampang,rail,123771
2024-08-26,rail_lrt_ampang,rail,198966
2024-08-27,rail_lrt_ampang,rail,203016
2024-08-28,rail_lrt_ampang,rail,203051
2024-08-29,rail_lrt_ampang,rail,201717
2024-08-30,rail_lrt_ampang,rail,208483
2024-08-31,rail_lrt_ampang,rail,151077
2024-09-01,rail_lrt_ampang,rail,116430
2024-09-02,rail_lrt_ampang,rail,186296
2024-09-03,rail_lrt_ampang,rail,195168
2024-09-04,rail_lrt_ampang,rail,209439
2024-09-05,rail_lrt_ampang,rail,204667
2024-09-06,rail_lrt_ampang,rail,205926
2024-09-07,rail_lrt_ampang,rail,152736
2024-09-08,rail_lrt_ampang,rail,138454
2024-09-09,rail_lrt_ampang,rail,204112
2024-09-10,rail_lrt_ampang,rail,206941
2024-09-11,rail_lrt_ampang,rail,209305
2024-09-12,rail_lrt_ampang,rail,205705
2024-09-13,rail_lrt_ampang,rail,208120
2024-09-14,rail_lrt_ampang,rail,148318
2024-09-15,rail_lrt_ampang,rail,141572
2024-09-16,rail_lrt_ampang,rail,132111
2024-09-17,rail_lrt_ampang,rail,164068
2024-09-18,rail_lrt_ampang,rail,202184
2024-09-19,rail_lrt_ampang,rail,202851
2024-09-20,rail_lrt_ampang,rail,203038
2024-09-21,rail_lrt_ampang,rail,131042
2024-09-22,rail_lrt_ampang,rail,122522
2024-09-23,rail_lrt_ampang,rail,197533
2024-09-24,rail_lrt_ampang,rail,203545
2024-09-25,rail_lrt_ampang,rail,204256
2024-09-26,rail_lrt_ampang,rail,204768
2024-09-27,rail_lrt_ampang,rail,204716
2024-09-28,rail_lrt_ampang,rail,137363
2024-09-29,rail_lrt_ampang,rail,122237
2024-09-30,rail_lrt_ampang,rail,199707
2024-10-01,rail_lrt_ampang,rail,208157
2024-10-02,rail_lrt_ampang,rail,210868
2024-10-03,rail_lrt_ampang,rail,212972
2024-10-04,rail_lrt_ampang,rail,214432
2024-10-05,rail_lrt_ampang,rail,149540
2024-10-06,rail_lrt_ampang,rail,140175
2024-10-07,rail_lrt_ampang,rail,206418
2024-10-08,rail_lrt_ampang,rail,211624
2024-10-09,rail_lrt_ampang,rail,210946
2024-10-10,rail_lrt_ampang,rail,209120
2024-10-11,rail_lrt_ampang,rail,212082
2024-10-12,rail_lrt_ampang,rail,143683
2024-10-13,rail_lrt_ampang,rail,130716
2024-10-14,rail_lrt_ampang,rail,204927
2024-10-15,rail_lrt_ampang,rail,210346
2024-10-16,rail_lrt_ampang,rail,213317
2024-10-17,rail_lrt_ampang,rail,209294
2024-10-18,rail_lrt_ampang,rail,210764
2024-10-19,rail_lrt_ampang,rail,136167
2024-10-20,rail_lrt_ampang,rail,126704
2024-10-21,rail_lrt_ampang,rail,204313
2024-10-22,rail_lrt_ampang,rail,209169
2024-10-23,rail_lrt_ampang,rail,209391
2024-10-24,rail_lrt_ampang,rail,211567
2024-10-25,rail_lrt_ampang,rail,216805
2024-10-26,rail_lrt_ampang,rail,202770
2024-10-27,rail_lrt_ampang,rail,134913
2024-10-28,rail_lrt_ampang,rail,202283
2024-10-29,rail_lrt_ampang,rail,209759
2024-10-30,rail_lrt_ampang,rail,208718
2024-10-31,rail_lrt_ampang,rail,136394
2024-11-01,rail_lrt_ampang,rail,173509
2024-11-02,rail_lrt_ampang,rail,135572
2024-11-03,rail_lrt_ampang,rail,122312
2024-11-04,rail_lrt_ampang,rail,201885
2024-11-05,rail_lrt_ampang,rail,208504
2024-11-06,rail_lrt_ampang,rail,211114
2024-11-07,rail_lrt_ampang,rail,210981
2024-11-08,rail_lrt_ampang,rail,217237
2024-11-09,rail_lrt_ampang,rail,148826
2024-11-10,rail_lrt_ampang,rail,132608
2024-11-11,rail_lrt_ampang,rail,210460
2024-11-12,rail_lrt_ampang,rail,211918
2024-11-13,rail_lrt_ampang,rail,212083
2024-11-14,rail_lrt_ampang,rail,211084
2024-11-15,rail_lrt_ampang,rail,215283
2024-11-16,rail_lrt_ampang,rail,141851
2024-11-17,rail_lrt_ampang,rail,128644
2024-11-18,rail_lrt_ampang,rail,209250
2024-11-19,rail_lrt_ampang,rail,214740
2024-11-20,rail_lrt_ampang,rail,215276
2024-11-21,rail_lrt_ampang,rail,226664
2024-11-22,rail_lrt_ampang,rail,219280
2024-11-23,rail_lrt_ampang,rail,179338
2024-11-24,rail_lrt_ampang,rail,133715
2024-11-25,rail_lrt_ampang,rail,207317
2024-11-26,rail_lrt_ampang,rail,211488
2024-11-27,rail_lrt_ampang,rail,211400
2024-11-28,rail_lrt_ampang,rail,212373
2024-11-29,rail_lrt_ampang,rail,219553
2024-11-30,rail_lrt_ampang,rail,164062
2024-12-01,rail_lrt_ampang,rail,144193
2024-12-02,rail_lrt_ampang,rail,205735
2024-12-03,rail_lrt_ampang,rail,211026
2024-12-04,rail_lrt_ampang,rail,213656
2024-12-05,rail_lrt_ampang,rail,211076
2024-12-06,rail_lrt_ampang,rail,216168
2024-12-07,rail_lrt_ampang,rail,164251
2024-12-08,rail_lrt_ampang,rail,140502
2024-12-09,rail_lrt_ampang,rail,205708
2024-12-10,rail_lrt_ampang,rail,213122
2024-12-11,rail_lrt_ampang,rail,208507
2024-12-12,rail_lrt_ampang,rail,208516
2024-12-13,rail_lrt_ampang,rail,205706
2024-12-14,rail_lrt_ampang,rail,157720
2024-12-15,rail_lrt_ampang,rail,137366
2024-12-16,rail_lrt_ampang,rail,199972
2024-12-17,rail_lrt_ampang,rail,205046
2024-12-18,rail_lrt_ampang,rail,208895
2024-12-19,rail_lrt_ampang,rail,203466
2024-12-20,rail_lrt_ampang,rail,230838
2024-12-21,rail_lrt_ampang,rail,157688
2024-12-22,rail_lrt_ampang,rail,148044
2024-12-23,rail_lrt_ampang,rail,195769
2024-12-24,rail_lrt_ampang,rail,199032
2024-12-25,rail_lrt_ampang,rail,147069
2024-12-26,rail_lrt_ampang,rail,181588
2024-12-27,rail_lrt_ampang,rail,177554
2024-12-28,rail_lrt_ampang,rail,138977
2024-12-29,rail_lrt_ampang,rail,119588
2024-12-30,rail_lrt_ampang,rail,179275
2024-12-31,rail_lrt_ampang,rail,244890
2025-01-01,rail_lrt_ampang,rail,139336
2025-01-02,rail_lrt_ampang,rail,191527
2025-01-03,rail_lrt_ampang,rail,190163
2025-01-04,rail_lrt_ampang,rail,125243
2025-01-05,rail_lrt_ampang,rail,116910
2025-01-06,rail_lrt_ampang,rail,205114
2025-01-07,rail_lrt_ampang,rail,212315
2025-01-08,rail_lrt_ampang,rail,214420
2025-01-09,rail_lrt_ampang,rail,213773
2025-01-10,rail_lrt_ampang,rail,215163
2025-01-11,rail_lrt_ampang,rail,146068
2025-01-12,rail_lrt_ampang,rail,132054
2025-01-13,rail_lrt_ampang,rail,207734
2025-01-14,rail_lrt_ampang,rail,209381
2025-01-15,rail_lrt_ampang,rail,213138
2025-01-16,rail_lrt_ampang,rail,213592
2025-01-17,rail_lrt_ampang,rail,214706
2025-01-18,rail_lrt_ampang,rail,143047
2025-01-19,rail_lrt_ampang,rail,129010
2025-01-20,rail_lrt_ampang,rail,210454
2025-01-21,rail_lrt_ampang,rail,213945
2025-01-22,rail_lrt_ampang,rail,216049
2025-01-23,rail_lrt_ampang,rail,215772
2025-01-24,rail_lrt_ampang,rail,214693
2025-01-25,rail_lrt_ampang,rail,150521
2025-01-26,rail_lrt_ampang,rail,132141
2025-01-27,rail_lrt_ampang,rail,184606
2025-01-28,rail_lrt_ampang,rail,176661
2025-01-29,rail_lrt_ampang,rail,155474
2025-01-30,rail_lrt_ampang,rail,130545
2025-01-31,rail_lrt_ampang,rail,150392
2025-02-01,rail_lrt_ampang,rail,137750
2025-02-02,rail_lrt_ampang,rail,124982
2025-02-03,rail_lrt_ampang,rail,195569
2025-02-04,rail_lrt_ampang,rail,204350
2025-02-05,rail_lrt_ampang,rail,205615
2025-02-06,rail_lrt_ampang,rail,205056
2025-02-07,rail_lrt_ampang,rail,210820
2025-02-08,rail_lrt_ampang,rail,151911
2025-02-09,rail_lrt_ampang,rail,141149
2025-02-10,rail_lrt_ampang,rail,208441
2025-02-11,rail_lrt_ampang,rail,127200
2025-02-12,rail_lrt_ampang,rail,228225
2025-02-13,rail_lrt_ampang,rail,217769
2025-02-14,rail_lrt_ampang,rail,221124
2025-02-15,rail_lrt_ampang,rail,188603
2025-02-16,rail_lrt_ampang,rail,131794
2025-02-17,rail_lrt_ampang,rail,213795
2025-02-18,rail_lrt_ampang,rail,232156
2025-02-19,rail_lrt_ampang,rail,223616
2025-02-20,rail_lrt_ampang,rail,223185
2025-02-21,rail_lrt_ampang,rail,220640
2025-02-22,rail_lrt_ampang,rail,147805
2025-02-23,rail_lrt_ampang,rail,134713
2025-02-24,rail_lrt_ampang,rail,220881
2025-02-25,rail_lrt_ampang,rail,221891
2025-02-26,rail_lrt_ampang,rail,224522
2025-02-27,rail_lrt_ampang,rail,220964
2025-02-28,rail_lrt_ampang,rail,228126
2025-03-01,rail_lrt_ampang,rail,152291
2025-03-02,rail_lrt_ampang,rail,108614
2025-03-03,rail_lrt_ampang,rail,209186
2025-03-04,rail_lrt_ampang,rail,215561
2025-03-05,rail_lrt_ampang,rail,216790
2025-03-06,rail_lrt_ampang,rail,214727
2025-03-07,rail_lrt_ampang,rail,217914
2025-03-08,rail_lrt_ampang,rail,136018
2025-03-09,rail_lrt_ampang,rail,123482
2025-03-10,rail_lrt_ampang,rail,215293
2025-03-11,rail_lrt_ampang,rail,220271
2025-03-12,rail_lrt_ampang,rail,220890
2025-03-13,rail_lrt_ampang,rail,218780
2025-03-14,rail_lrt_ampang,rail,224709
2025-03-15,rail_lrt_ampang,rail,152871
2025-03-16,rail_lrt_ampang,rail,129348
2025-03-17,rail_lrt_ampang,rail,207441
2025-03-18,rail_lrt_ampang,rail,131185
2025-03-19,rail_lrt_ampang,rail,219638
2025-03-20,rail_lrt_ampang,rail,219719
2025-03-21,rail_lrt_ampang,rail,224703
2025-03-22,rail_lrt_ampang,rail,157746
2025-03-23,rail_lrt_ampang,rail,130348
2025-03-24,rail_lrt_ampang,rail,216856
2025-03-25,rail_lrt_ampang,rail,221884
2025-03-26,rail_lrt_ampang,rail,224121
2025-03-27,rail_lrt_ampang,rail,216794
2025-03-28,rail_lrt_ampang,rail,215045
2025-03-29,rail_lrt_ampang,rail,139460
2025-03-30,rail_lrt_ampang,rail,128761
2025-03-31,rail_lrt_ampang,rail,125487
2025-04-01,rail_lrt_ampang,rail,120820
2025-04-02,rail_lrt_ampang,rail,153667
2025-04-03,rail_lrt_ampang,rail,159454
2025-04-04,rail_lrt_ampang,rail,159731
2025-04-05,rail_lrt_ampang,rail,123961
2025-04-06,rail_lrt_ampang,rail,119403
2025-04-07,rail_lrt_ampang,rail,209011
2025-04-08,rail_lrt_ampang,rail,215301
2025-04-09,rail_lrt_ampang,rail,216843
2025-04-10,rail_lrt_ampang,rail,217079
2025-04-11,rail_lrt_ampang,rail,218680
2025-04-12,rail_lrt_ampang,rail,152090
2025-04-13,rail_lrt_ampang,rail,138284
2025-04-14,rail_lrt_ampang,rail,213442
2025-04-15,rail_lrt_ampang,rail,221006
2025-04-16,rail_lrt_ampang,rail,229770
2025-04-17,rail_lrt_ampang,rail,222820
2025-04-18,rail_lrt_ampang,rail,222826
2025-04-19,rail_lrt_ampang,rail,153268
2025-04-20,rail_lrt_ampang,rail,135852
2025-04-21,rail_lrt_ampang,rail,214644
2025-04-22,rail_lrt_ampang,rail,219717
2025-04-23,rail_lrt_ampang,rail,218590
2025-04-24,rail_lrt_ampang,rail,219041
2025-04-25,rail_lrt_ampang,rail,221078
2025-04-26,rail_lrt_ampang,rail,175316
2025-04-27,rail_lrt_ampang,rail,128766
2025-04-28,rail_lrt_ampang,rail,214520
2025-04-29,rail_lrt_ampang,rail,218225
2025-04-30,rail_lrt_ampang,rail,228437
2025-05-01,rail_lrt_ampang,rail,139832
2025-05-02,rail_lrt_ampang,rail,207353
2025-05-03,rail_lrt_ampang,rail,150575
2025-05-04,rail_lrt_ampang,rail,132118
2025-05-05,rail_lrt_ampang,rail,218783
2025-05-06,rail_lrt_ampang,rail,222059
2025-05-07,rail_lrt_ampang,rail,223517
2025-05-08,rail_lrt_ampang,rail,219484
2025-05-09,rail_lrt_ampang,rail,225336
2025-05-10,rail_lrt_ampang,rail,192139
2025-05-11,rail_lrt_ampang,rail,145098
2025-05-12,rail_lrt_ampang,rail,128331
2025-05-13,rail_lrt_ampang,rail,220529
2025-05-14,rail_lrt_ampang,rail,222783
2025-05-15,rail_lrt_ampang,rail,218574
2025-05-16,rail_lrt_ampang,rail,217546
2025-05-17,rail_lrt_ampang,rail,148074
2025-05-18,rail_lrt_ampang,rail,123265
2025-05-19,rail_lrt_ampang,rail,211621
2025-05-20,rail_lrt_ampang,rail,221115
2025-05-21,rail_lrt_ampang,rail,225754
2025-05-22,rail_lrt_ampang,rail,224460
2025-05-23,rail_lrt_ampang,rail,241346
2025-05-24,rail_lrt_ampang,rail,191555
2025-05-25,rail_lrt_ampang,rail,155888
2025-05-26,rail_lrt_ampang,rail,211797
2025-05-27,rail_lrt_ampang,rail,214400
2025-05-28,rail_lrt_ampang,rail,270317
2025-05-29,rail_lrt_ampang,rail,244905
2025-05-30,rail_lrt_ampang,rail,247706
2025-05-31,rail_lrt_ampang,rail,199745
2025-06-01,rail_lrt_ampang,rail,185693
2025-06-02,rail_lrt_ampang,rail,126401
2025-06-03,rail_lrt_ampang,rail,216820
2025-06-04,rail_lrt_ampang,rail,218953
2025-06-05,rail_lrt_ampang,rail,215161
2025-06-06,rail_lrt_ampang,rail,197827
2025-06-07,rail_lrt_ampang,rail,136151
2025-06-08,rail_lrt_ampang,rail,135915
2025-06-09,rail_lrt_ampang,rail,196179
2025-06-10,rail_lrt_ampang,rail,252132
2025-06-11,rail_lrt_ampang,rail,223976
2025-06-12,rail_lrt_ampang,rail,219157
2025-06-13,rail_lrt_ampang,rail,217800
2025-06-14,rail_lrt_ampang,rail,148285
2025-06-15,rail_lrt_ampang,rail,132153
2025-06-16,rail_lrt_ampang,rail,215238
2025-06-17,rail_lrt_ampang,rail,221237
2025-06-18,rail_lrt_ampang,rail,221978
2025-06-19,rail_lrt_ampang,rail,217680
2025-06-20,rail_lrt_ampang,rail,220118
2025-06-21,rail_lrt_ampang,rail,157278
2025-06-22,rail_lrt_ampang,rail,149515
2025-06-23,rail_lrt_ampang,rail,213906
2025-06-24,rail_lrt_ampang,rail,218889
2025-06-25,rail_lrt_ampang,rail,220795
2025-06-26,rail_lrt_ampang,rail,221297
2025-06-27,rail_lrt_ampang,rail,131376
2025-06-28,rail_lrt_ampang,rail,141403
2025-06-29,rail_lrt_ampang,rail,124740
2025-06-30,rail_lrt_ampang,rail,212414
2025-07-01,rail_lrt_ampang,rail,222150
2025-07-02,rail_lrt_ampang,rail,223299
2025-07-03,rail_lrt_ampang,rail,222007
2025-07-04,rail_lrt_ampang,rail,222107
2025-07-05,rail_lrt_ampang,rail,149693
2025-07-06,rail_lrt_ampang,rail,134579
2025-07-07,rail_lrt_ampang,rail,221986
2025-07-08,rail_lrt_ampang,rail,228014
2025-07-09,rail_lrt_ampang,rail,229293
2025-07-10,rail_lrt_ampang,rail,227122
2025-07-11,rail_lrt_ampang,rail,228559
2025-07-12,rail_lrt_ampang,rail,157374
2025-07-13,rail_lrt_ampang,rail,139303
2025-07-14,rail_lrt_ampang,rail,220343
2025-07-15,rail_lrt_ampang,rail,227381
2025-07-16,rail_lrt_ampang,rail,228324
2025-07-17,rail_lrt_ampang,rail,224411
2025-07-18,rail_lrt_ampang,rail,232094
2025-07-19,rail_lrt_ampang,rail,160924
2025-07-20,rail_lrt_ampang,rail,136108
2025-07-21,rail_lrt_ampang,rail,219730
2025-07-22,rail_lrt_ampang,rail,223872
2025-07-23,rail_lrt_ampang,rail,227249
2025-07-24,rail_lrt_ampang,rail,226674
2025-07-25,rail_lrt_ampang,rail,228439
2025-07-26,rail_lrt_ampang,rail,174696
2025-07-27,rail_lrt_ampang,rail,131494
2025-07-28,rail_lrt_ampang,rail,216294
2025-07-29,rail_lrt_ampang,rail,220764
2025-07-30,rail_lrt_ampang,rail,224223
2025-07-31,rail_lrt_ampang,rail,221768
2025-08-01,rail_lrt_ampang,rail,224995
2025-08-02,rail_lrt_ampang,rail,155185
2025-08-03,rail_lrt_ampang,rail,140376
2025-08-04,rail_lrt_ampang,rail,220815
2025-08-05,rail_lrt_ampang,rail,228302
2025-08-06,rail_lrt_ampang,rail,231107
2025-08-07,rail_lrt_ampang,rail,229949
2025-08-08,rail_lrt_ampang,rail,230579
2025-08-09,rail_lrt_ampang,rail,161110
2025-08-10,rail_lrt_ampang,rail,143079
2025-08-11,rail_lrt_ampang,rail,227198
2025-08-12,rail_lrt_ampang,rail,231574
2025-08-13,rail_lrt_ampang,rail,234026
2025-08-14,rail_lrt_ampang,rail,228220
2025-08-15,rail_lrt_ampang,rail,236250
2025-08-16,rail_lrt_ampang,rail,163331
2025-08-17,rail_lrt_ampang,rail,143260
2025-08-18,rail_lrt_ampang,rail,222256
2025-08-19,rail_lrt_ampang,rail,227785
2025-08-20,rail_lrt_ampang,rail,230437
2025-08-21,rail_lrt_ampang,rail,225511
2025-08-22,rail_lrt_ampang,rail,232112
2025-08-23,rail_lrt_ampang,rail,161738
2025-08-24,rail_lrt_ampang,rail,145195
2025-08-25,rail_lrt_ampang,rail,222327
2025-08-26,rail_lrt_ampang,rail,226225
2025-08-27,rail_lrt_ampang,rail,227024
2025-08-28,rail_lrt_ampang,rail,224592
2025-08-29,rail_lrt_ampang,rail,227900
2025-08-30,rail_lrt_ampang,rail,177518
2025-08-31,rail_lrt_ampang,rail,163868
2025-09-01,rail_lrt_ampang,rail,123590
2025-09-02,rail_lrt_ampang,rail,221172
2025-09-03,rail_lrt_ampang,rail,222752
2025-09-04,rail_lrt_ampang,rail,236328
2025-09-05,rail_lrt_ampang,rail,137357
2025-09-06,rail_lrt_ampang,rail,139337
2025-09-07,rail_lrt_ampang,rail,126849
2025-09-08,rail_lrt_ampang,rail,218944
2025-09-09,rail_lrt_ampang,rail,226285
2025-09-10,rail_lrt_ampang,rail,226766
2025-09-11,rail_lrt_ampang,rail,226085
2025-09-12,rail_lrt_ampang,rail,232658
2025-09-13,rail_lrt_ampang,rail,159119
2025-09-14,rail_lrt_ampang,rail,150123
2025-09-15,rail_lrt_ampang,rail,140930
2025-09-16,rail_lrt_ampang,rail,131435
2025-09-17,rail_lrt_ampang,rail,217719
2025-09-18,rail_lrt_ampang,rail,217539
2025-09-19,rail_lrt_ampang,rail,212612
2025-09-20,rail_lrt_ampang,rail,145668
2025-09-21,rail_lrt_ampang,rail,123434
2025-09-22,rail_lrt_ampang,rail,217704
2025-09-23,rail_lrt_ampang,rail,222617
2025-09-24,rail_lrt_ampang,rail,224543
2025-09-25,rail_lrt_ampang,rail,223720
2025-09-26,rail_lrt_ampang,rail,223056
2025-09-27,rail_lrt_ampang,rail,148294
2025-09-28,rail_lrt_ampang,rail,129909
2025-09-29,rail_lrt_ampang,rail,215741
2025-09-30,rail_lrt_ampang,rail,222353
2025-10-01,rail_lrt_ampang,rail,226351
2025-10-02,rail_lrt_ampang,rail,225735
2025-10-03,rail_lrt_ampang,rail,231505
2025-10-04,rail_lrt_ampang,rail,177261
2025-10-05,rail_lrt_ampang,rail,151404
2025-10-06,rail_lrt_ampang,rail,220172
2025-10-07,rail_lrt_ampang,rail,231301
2025-10-08,rail_lrt_ampang,rail,236636
2025-10-09,rail_lrt_ampang,rail,226763
2025-10-10,rail_lrt_ampang,rail,233265
2025-10-11,rail_lrt_ampang,rail,156549
2025-10-12,rail_lrt_ampang,rail,137030
2025-10-13,rail_lrt_ampang,rail,221130
2025-10-14,rail_lrt_ampang,rail,236420
2025-10-15,rail_lrt_ampang,rail,230576
2025-10-16,rail_lrt_ampang,rail,229042
2025-10-17,rail_lrt_ampang,rail,232219
2025-10-18,rail_lrt_ampang,rail,158967
2025-10-19,rail_lrt_ampang,rail,147909
2025-10-20,rail_lrt_ampang,rail,130003
2025-10-21,rail_lrt_ampang,rail,202409
2025-10-22,rail_lrt_ampang,rail,207047
2025-10-23,rail_lrt_ampang,rail,205376
2025-10-24,rail_lrt_ampang,rail,210983
2025-10-25,rail_lrt_ampang,rail,172917
2025-10-26,rail_lrt_ampang,rail,124217
2025-10-27,rail_lrt_ampang,rail,188362
2025-10-28,rail_lrt_ampang,rail,191938
2025-10-29,rail_lrt_ampang,rail,218432
2025-10-30,rail_lrt_ampang,rail,217969
2025-10-31,rail_lrt_ampang,rail,225355
2025-11-01,rail_lrt_ampang,rail,149885
2025-11-02,rail_lrt_ampang,rail,133120
2025-11-03,rail_lrt_ampang,rail,216462
2025-11-04,rail_lrt_ampang,rail,222175
2025-11-05,rail_lrt_ampang,rail,222777
2025-11-06,rail_lrt_ampang,rail,222782
2025-11-07,rail_lrt_ampang,rail,226654
2025-11-08,rail_lrt_ampang,rail,155344
2025-11-09,rail_lrt_ampang,rail,138147
2025-11-10,rail_lrt_ampang,rail,220899
2025-11-11,rail_lrt_ampang,rail,226510
2025-11-12,rail_lrt_ampang,rail,225888
2025-11-13,rail_lrt_ampang,rail,221000
2025-11-14,rail_lrt_ampang,rail,222802
2025-11-15,rail_lrt_ampang,rail,154926
2025-11-16,rail_lrt_ampang,rail,132435
2025-11-17,rail_lrt_ampang,rail,217858
2025-11-18,rail_lrt_ampang,rail,231049
2025-11-19,rail_lrt_ampang,rail,225114
2025-11-20,rail_lrt_ampang,rail,225834
2025-11-21,rail_lrt_ampang,rail,224530
2025-11-22,rail_lrt_ampang,rail,159111
2025-11-23,rail_lrt_ampang,rail,130309
2025-11-24,rail_lrt_ampang,rail,211218
2025-11-25,rail_lrt_ampang,rail,223766
2025-11-26,rail_lrt_ampang,rail,224604
2025-11-27,rail_lrt_ampang,rail,222862
2025-11-28,rail_lrt_ampang,rail,223141
2025-11-29,rail_lrt_ampang,rail,157045
2025-11-30,rail_lrt_ampang,rail,140860
2025-12-01,rail_lrt_ampang,rail,217658
2025-12-02,rail_lrt_ampang,rail,222009
2025-12-03,rail_lrt_ampang,rail,223335
2025-12-04,rail_lrt_ampang,rail,225889
2025-12-05,rail_lrt_ampang,rail,229878
2025-12-06,rail_lrt_ampang,rail,167350
2025-12-07,rail_lrt_ampang,rail,153478
2025-12-08,rail_lrt_ampang,rail,219162
2025-12-09,rail_lrt_ampang,rail,221884
2025-12-10,rail_lrt_ampang,rail,224456
2025-12-11,rail_lrt_ampang,rail,210020
2025-12-12,rail_lrt_ampang,rail,217948
2025-12-13,rail_lrt_ampang,rail,158958
2025-12-14,rail_lrt_ampang,rail,166201
2025-12-15,rail_lrt_ampang,rail,213137
2025-12-16,rail_lrt_ampang,rail,217803
2025-12-17,rail_lrt_ampang,rail,221485
2025-12-18,rail_lrt_ampang,rail,219630
2025-12-19,rail_lrt_ampang,rail,224242
2025-12-20,rail_lrt_ampang,rail,164449
2025-12-21,rail_lrt_ampang,rail,150899
2025-12-22,rail_lrt_ampang,rail,212272
2025-12-23,rail_lrt_ampang,rail,215637
2025-12-24,rail_lrt_ampang,rail,215370
2025-12-25,rail_lrt_ampang,rail,147465
2025-12-26,rail_lrt_ampang,rail,184252
2025-12-27,rail_lrt_ampang,rail,177134
2025-12-28,rail_lrt_ampang,rail,134928
2025-12-29,rail_lrt_ampang,rail,192173
2025-12-30,rail_lrt_ampang,rail,198262
2025-12-31,rail_lrt_ampang,rail,258283
2026-01-01,rail_lrt_ampang,rail,147097
2026-01-02,rail_lrt_ampang,rail,187882
2026-01-03,rail_lrt_ampang,rail,142550
2026-01-04,rail_lrt_ampang,rail,127976
2026-01-05,rail_lrt_ampang,rail,217048
2026-01-06,rail_lrt_ampang,rail,224491
2026-01-07,rail_lrt_ampang,rail,227902
2026-01-08,rail_lrt_ampang,rail,221212
2026-01-09,rail_lrt_ampang,rail,225801
2026-01-10,rail_lrt_ampang,rail,220405
2026-01-11,rail_lrt_ampang,rail,138170
2026-01-12,rail_lrt_ampang,rail,220250
2026-01-13,rail_lrt_ampang,rail,230314
2026-01-14,rail_lrt_ampang,rail,231371
2026-01-15,rail_lrt_ampang,rail,229239
2026-01-16,rail_lrt_ampang,rail,234260
2026-01-17,rail_lrt_ampang,rail,158991
2026-01-18,rail_lrt_ampang,rail,132795
2026-01-19,rail_lrt_ampang,rail,225381
2026-01-20,rail_lrt_ampang,rail,230404
2026-01-21,rail_lrt_ampang,rail,233002
2026-01-22,rail_lrt_ampang,rail,230102
2026-01-23,rail_lrt_ampang,rail,233216
2026-01-24,rail_lrt_ampang,rail,155632
2026-01-25,rail_lrt_ampang,rail,135824
2026-01-26,rail_lrt_ampang,rail,227042
2026-01-27,rail_lrt_ampang,rail,232683
2026-01-28,rail_lrt_ampang,rail,232540
2026-01-29,rail_lrt_ampang,rail,231160
2026-01-30,rail_lrt_ampang,rail,246646
2026-01-31,rail_lrt_ampang,rail,225163
2026-02-01,rail_lrt_ampang,rail,157151
2026-02-02,rail_lrt_ampang,rail,127253
2026-02-03,rail_lrt_ampang,rail,164252
2026-02-04,rail_lrt_ampang,rail,235544
2026-02-05,rail_lrt_ampang,rail,240655
2026-02-06,rail_lrt_ampang,rail,244955
2026-02-07,rail_lrt_ampang,rail,188584
2026-02-08,rail_lrt_ampang,rail,156309
2026-02-09,rail_lrt_ampang,rail,242328
2026-02-10,rail_lrt_ampang,rail,247720
2026-02-11,rail_lrt_ampang,rail,250205
2026-02-12,rail_lrt_ampang,rail,249556
2026-02-13,rail_lrt_ampang,rail,256720
2026-02-14,rail_lrt_ampang,rail,218040
2026-02-15,rail_lrt_ampang,rail,156201
2026-02-16,rail_lrt_ampang,rail,184297
2026-02-17,rail_lrt_ampang,rail,144242
2026-02-18,rail_lrt_ampang,rail,129126
2026-02-19,rail_lrt_ampang,rail,146509
2026-02-20,rail_lrt_ampang,rail,157847
2026-02-21,rail_lrt_ampang,rail,115529
2026-02-22,rail_lrt_ampang,rail,108650
2026-02-23,rail_lrt_ampang,rail,218211
2026-02-24,rail_lrt_ampang,rail,220522
2026-02-25,rail_lrt_ampang,rail,220194
2026-02-26,rail_lrt_ampang,rail,227525
2026-02-27,rail_lrt_ampang,rail,232341
2026-02-28,rail_lrt_ampang,rail,144164
2026-03-01,rail_lrt_ampang,rail,132379
2026-03-02,rail_lrt_ampang,rail,229455
2026-03-03,rail_lrt_ampang,rail,235997
2026-03-04,rail_lrt_ampang,rail,237758
2026-03-05,rail_lrt_ampang,rail,239120
2026-03-06,rail_lrt_ampang,rail,243557
2026-03-07,rail_lrt_ampang,rail,168793
2026-03-08,rail_lrt_ampang,rail,149808
2026-03-09,rail_lrt_ampang,rail,236312
2026-03-10,rail_lrt_ampang,rail,242228
2026-03-11,rail_lrt_ampang,rail,235077
2026-03-12,rail_lrt_ampang,rail,241070
2026-03-13,rail_lrt_ampang,rail,245657
2026-03-14,rail_lrt_ampang,rail,183867
2026-03-15,rail_lrt_ampang,rail,152632
2026-03-16,rail_lrt_ampang,rail,237942
2026-03-17,rail_lrt_ampang,rail,245665
2026-03-18,rail_lrt_ampang,rail,232857
2026-03-19,rail_lrt_ampang,rail,195204
2026-03-20,rail_lrt_ampang,rail,130260
2026-03-21,rail_lrt_ampang,rail,136973
2026-03-22,rail_lrt_ampang,rail,144019
2026-03-23,rail_lrt_ampang,rail,118338
2026-03-24,rail_lrt_ampang,rail,169150
2026-03-25,rail_lrt_ampang,rail,185446
2026-03-26,rail_lrt_ampang,rail,196469
2026-03-27,rail_lrt_ampang,rail,196604
2026-03-28,rail_lrt_ampang,rail,135566
2026-03-29,rail_lrt_ampang,rail,123851
2026-03-30,rail_lrt_ampang,rail,221104
2026-03-31,rail_lrt_ampang,rail,229303
2026-04-01,rail_lrt_ampang,rail,232818
2026-04-02,rail_lrt_ampang,rail,230204
2026-04-03,rail_lrt_ampang,rail,231039
2026-04-04,rail_lrt_ampang,rail,160963
2026-04-05,rail_lrt_ampang,rail,139638
2026-04-06,rail_lrt_ampang,rail,226696
2026-04-07,rail_lrt_ampang,rail,235378
2026-04-08,rail_lrt_ampang,rail,238107
2026-04-09,rail_lrt_ampang,rail,235623
2026-04-10,rail_lrt_ampang,rail,233247
2026-04-11,rail_lrt_ampang,rail,158651
2026-04-12,rail_lrt_ampang,rail,141309
2026-04-13,rail_lrt_ampang,rail,227570
2026-04-14,rail_lrt_ampang,rail,230684
2026-04-15,rail_lrt_ampang,rail,235413
2026-04-16,rail_lrt_ampang,rail,232486
2026-04-17,rail_lrt_ampang,rail,241685
2026-04-18,rail_lrt_ampang,rail,174478
2026-04-19,rail_lrt_ampang,rail,137967
2026-04-20,rail_lrt_ampang,rail,229165
2026-04-21,rail_lrt_ampang,rail,229222
2026-04-22,rail_lrt_ampang,rail,231647
2026-04-23,rail_lrt_ampang,rail,228294
2026-04-24,rail_lrt_ampang,rail,229251
2026-04-25,rail_lrt_ampang,rail,161515
2026-04-26,rail_lrt_ampang,rail,145858
2026-04-27,rail_lrt_ampang,rail,223079
2026-04-28,rail_lrt_ampang,rail,226475
2026-04-29,rail_lrt_ampang,rail,237482
2026-04-30,rail_lrt_ampang,rail,240332
2026-05-01,rail_lrt_ampang,rail,168047
2026-05-02,rail_lrt_ampang,rail,160366
2026-05-03,rail_lrt_ampang,rail,137542
2026-05-04,rail_lrt_ampang,rail,228321
2026-05-05,rail_lrt_ampang,rail,232455
2026-05-06,rail_lrt_ampang,rail,234382
2026-05-07,rail_lrt_ampang,rail,232114
2026-05-08,rail_lrt_ampang,rail,233385
2026-05-09,rail_lrt_ampang,rail,156938
2026-05-10,rail_lrt_ampang,rail,146250
2026-05-11,rail_lrt_ampang,rail,232657
2026-05-12,rail_lrt_ampang,rail,232166
2026-05-13,rail_lrt_ampang,rail,232529
2026-05-14,rail_lrt_ampang,rail,230753
2026-05-15,rail_lrt_ampang,rail,229593
2026-05-16,rail_lrt_ampang,rail,153508
2026-05-17,rail_lrt_ampang,rail,137688
2026-05-18,rail_lrt_ampang,rail,228875
2026-05-19,rail_lrt_ampang,rail,233732
2026-05-20,rail_lrt_ampang,rail,239170
2026-05-21,rail_lrt_ampang,rail,235928
2026-05-22,rail_lrt_ampang,rail,240223
2026-05-23,rail_lrt_ampang,rail,177855
2026-05-24,rail_lrt_ampang,rail,143126
2026-05-25,rail_lrt_ampang,rail,219541
2026-05-26,rail_lrt_ampang,rail,215093
2026-05-27,rail_lrt_ampang,rail,133802
2026-05-28,rail_lrt_ampang,rail,167898
2026-05-29,rail_lrt_ampang,rail,178900
2026-05-30,rail_lrt_ampang,rail,150430
2026-05-31,rail_lrt_ampang,rail,143249
2026-06-01,rail_lrt_ampang,rail,144708
2026-06-02,rail_lrt_ampang,rail,143076
2026-06-03,rail_lrt_ampang,rail,224672
2026-06-04,rail_lrt_ampang,rail,227047
2026-06-05,rail_lrt_ampang,rail,228899
2026-06-06,rail_lrt_ampang,rail,220732
2026-06-07,rail_lrt_ampang,rail,148737
2026-06-08,rail_lrt_ampang,rail,224269
2026-06-09,rail_lrt_ampang,rail,227377
2026-06-10,rail_lrt_ampang,rail,230427
2026-06-11,rail_lrt_ampang,rail,223989
2026-06-12,rail_lrt_ampang,rail,223646
2026-06-13,rail_lrt_ampang,rail,142514
2026-06-14,rail_lrt_ampang,rail,125007
2026-06-15,rail_lrt_ampang,rail,224664
2026-06-16,rail_lrt_ampang,rail,227668
2026-06-17,rail_lrt_ampang,rail,120050
2026-06-18,rail_lrt_ampang,rail,219649
2026-06-19,rail_lrt_ampang,rail,219450
2026-06-20,rail_lrt_ampang,rail,155087
2026-06-21,rail_lrt_ampang,rail,125423
2026-06-22,rail_lrt_ampang,rail,218408
2026-06-23,rail_lrt_ampang,rail,223609
2026-06-24,rail_lrt_ampang,rail,223262
2026-06-25,rail_lrt_ampang,rail,223792
2026-06-26,rail_lrt_ampang,rail,221983
2026-06-27,rail_lrt_ampang,rail,154250
2026-06-28,rail_lrt_ampang,rail,128318
2026-06-29,rail_lrt_ampang,rail,217708
2026-06-30,rail_lrt_ampang,rail,223892
2026-07-01,rail_lrt_ampang,rail,227696
2026-07-02,rail_lrt_ampang,rail,223570
2026-07-03,rail_lrt_ampang,rail,227033
2026-07-04,rail_lrt_ampang,rail,153405
2026-07-05,rail_lrt_ampang,rail,132536
2026-07-06,rail_lrt_ampang,rail,223832
2026-07-07,rail_lrt_ampang,rail,227347
2026-07-08,rail_lrt_ampang,rail,229704
2026-07-09,rail_lrt_ampang,rail,227184
2026-07-10,rail_lrt_ampang,rail,227467
2026-07-11,rail_lrt_ampang,rail,148515
2026-07-12,rail_lrt_ampang,rail,135590
2026-07-13,rail_lrt_ampang,rail,223757
2026-07-14,rail_lrt_ampang,rail,228299
2026-07-15,rail_lrt_ampang,rail,228752
2026-07-16,rail_lrt_ampang,rail,225227
2026-07-17,rail_lrt_ampang,rail,228369
2026-07-18,rail_lrt_ampang,rail,147861
2026-07-19,rail_lrt_ampang,rail,132650
2026-07-20,rail_lrt_ampang,rail,222038
2026-07-21,rail_lrt_ampang,rail,229902
2026-07-22,rail_lrt_ampang,rail,229367
2026-07-23,rail_lrt_ampang,rail,228652
2026-07-24,rail_lrt_ampang,rail,230436
2026-07-25,rail_lrt_ampang,rail,164119
2026-07-26,rail_lrt_ampang,rail,139478
2026-07-27,rail_lrt_ampang,rail,222940
2026-07-28,rail_lrt_ampang,rail,227881
2026-07-29,rail_lrt_ampang,rail,232268
2026-07-30,rail_lrt_ampang,rail,232692
2026-07-31,rail_lrt_ampang,rail,233242
2019-01-01,rail_lrt_kj,rail,139634
2019-01-02,rail_lrt_kj,rail,274224
2019-01-03,rail_lrt_kj,rail,286469
2019-01-04,rail_lrt_kj,rail,304755
2019-01-05,rail_lrt_kj,rail,145036
2019-01-06,rail_lrt_kj,rail,120032
2019-01-07,rail_lrt_kj,rail,301290
2019-01-08,rail_lrt_kj,rail,304680
2019-01-09,rail_lrt_kj,rail,307069
2019-01-10,rail_lrt_kj,rail,310510
2019-01-11,rail_lrt_kj,rail,326471
2019-01-12,rail_lrt_kj,rail,152720
2019-01-13,rail_lrt_kj,rail,127805
2019-01-14,rail_lrt_kj,rail,306455
2019-01-15,rail_lrt_kj,rail,305742
2019-01-16,rail_lrt_kj,rail,311279
2019-01-17,rail_lrt_kj,rail,314277
2019-01-18,rail_lrt_kj,rail,330484
2019-01-19,rail_lrt_kj,rail,157194
2019-01-20,rail_lrt_kj,rail,125599
2019-01-21,rail_lrt_kj,rail,125094
2019-01-22,rail_lrt_kj,rail,304452
2019-01-23,rail_lrt_kj,rail,308968
2019-01-24,rail_lrt_kj,rail,313285
2019-01-25,rail_lrt_kj,rail,332682
2019-01-26,rail_lrt_kj,rail,161765
2019-01-27,rail_lrt_kj,rail,128906
2019-01-28,rail_lrt_kj,rail,311540
2019-01-29,rail_lrt_kj,rail,317389
2019-01-30,rail_lrt_kj,rail,320084
2019-01-31,rail_lrt_kj,rail,324593
2019-02-01,rail_lrt_kj,rail,176585
2019-02-02,rail_lrt_kj,rail,130286
2019-02-03,rail_lrt_kj,rail,119030
2019-02-04,rail_lrt_kj,rail,200211
2019-02-05,rail_lrt_kj,rail,142522
2019-02-06,rail_lrt_kj,rail,118858
2019-02-07,rail_lrt_kj,rail,229122
2019-02-08,rail_lrt_kj,rail,245190
2019-02-09,rail_lrt_kj,rail,134543
2019-02-10,rail_lrt_kj,rail,115661
2019-02-11,rail_lrt_kj,rail,303415
2019-02-12,rail_lrt_kj,rail,308682
2019-02-13,rail_lrt_kj,rail,307471
2019-02-14,rail_lrt_kj,rail,315114
2019-02-15,rail_lrt_kj,rail,326085
2019-02-16,rail_lrt_kj,rail,160601
2019-02-17,rail_lrt_kj,rail,132422
2019-02-18,rail_lrt_kj,rail,271155
2019-02-19,rail_lrt_kj,rail,294107
2019-02-20,rail_lrt_kj,rail,312133
2019-02-21,rail_lrt_kj,rail,313732
2019-02-22,rail_lrt_kj,rail,330890
2019-02-23,rail_lrt_kj,rail,156854
2019-02-24,rail_lrt_kj,rail,126762
2019-02-25,rail_lrt_kj,rail,308389
2019-02-26,rail_lrt_kj,rail,312558
2019-02-27,rail_lrt_kj,rail,313176
2019-02-28,rail_lrt_kj,rail,317961
2019-03-01,rail_lrt_kj,rail,336857
2019-03-02,rail_lrt_kj,rail,165206
2019-03-03,rail_lrt_kj,rail,137573
2019-03-04,rail_lrt_kj,rail,307273
2019-03-05,rail_lrt_kj,rail,314642
2019-03-06,rail_lrt_kj,rail,319435
2019-03-07,rail_lrt_kj,rail,319841
2019-03-08,rail_lrt_kj,rail,343280
2019-03-09,rail_lrt_kj,rail,159221
2019-03-10,rail_lrt_kj,rail,128440
2019-03-11,rail_lrt_kj,rail,310035
2019-03-12,rail_lrt_kj,rail,316228
2019-03-13,rail_lrt_kj,rail,315024
2019-03-14,rail_lrt_kj,rail,312119
2019-03-15,rail_lrt_kj,rail,334809
2019-03-16,rail_lrt_kj,rail,161990
2019-03-17,rail_lrt_kj,rail,129970
2019-03-18,rail_lrt_kj,rail,303053
2019-03-19,rail_lrt_kj,rail,310379
2019-03-20,rail_lrt_kj,rail,311704
2019-03-21,rail_lrt_kj,rail,316024
2019-03-22,rail_lrt_kj,rail,330716
2019-03-23,rail_lrt_kj,rail,152413
2019-03-24,rail_lrt_kj,rail,124368
2019-03-25,rail_lrt_kj,rail,297773
2019-03-26,rail_lrt_kj,rail,306973
2019-03-27,rail_lrt_kj,rail,309805
2019-03-28,rail_lrt_kj,rail,311555
2019-03-29,rail_lrt_kj,rail,340778
2019-03-30,rail_lrt_kj,rail,166120
2019-03-31,rail_lrt_kj,rail,134139
2019-04-01,rail_lrt_kj,rail,306373
2019-04-02,rail_lrt_kj,rail,317075
2019-04-03,rail_lrt_kj,rail,322013
2019-04-04,rail_lrt_kj,rail,322939
2019-04-05,rail_lrt_kj,rail,340221
2019-04-06,rail_lrt_kj,rail,172325
2019-04-07,rail_lrt_kj,rail,139908
2019-04-08,rail_lrt_kj,rail,312395
2019-04-09,rail_lrt_kj,rail,317200
2019-04-10,rail_lrt_kj,rail,318125
2019-04-11,rail_lrt_kj,rail,316672
2019-04-12,rail_lrt_kj,rail,333770
2019-04-13,rail_lrt_kj,rail,166605
2019-04-14,rail_lrt_kj,rail,137712
2019-04-15,rail_lrt_kj,rail,308053
2019-04-16,rail_lrt_kj,rail,313531
2019-04-17,rail_lrt_kj,rail,313730
2019-04-18,rail_lrt_kj,rail,316735
2019-04-19,rail_lrt_kj,rail,328474
2019-04-20,rail_lrt_kj,rail,153408
2019-04-21,rail_lrt_kj,rail,128759
2019-04-22,rail_lrt_kj,rail,303587
2019-04-23,rail_lrt_kj,rail,307655
2019-04-24,rail_lrt_kj,rail,314979
2019-04-25,rail_lrt_kj,rail,314855
2019-04-26,rail_lrt_kj,rail,328788
2019-04-27,rail_lrt_kj,rail,167022
2019-04-28,rail_lrt_kj,rail,132350
2019-04-29,rail_lrt_kj,rail,311052
2019-04-30,rail_lrt_kj,rail,322908
2019-05-01,rail_lrt_kj,rail,154302
2019-05-02,rail_lrt_kj,rail,328376
2019-05-03,rail_lrt_kj,rail,346726
2019-05-04,rail_lrt_kj,rail,165331
2019-05-05,rail_lrt_kj,rail,129839
2019-05-06,rail_lrt_kj,rail,293625
2019-05-07,rail_lrt_kj,rail,306966
2019-05-08,rail_lrt_kj,rail,308408
2019-05-09,rail_lrt_kj,rail,309213
2019-05-10,rail_lrt_kj,rail,323111
2019-05-11,rail_lrt_kj,rail,135841
2019-05-12,rail_lrt_kj,rail,112571
2019-05-13,rail_lrt_kj,rail,302425
2019-05-14,rail_lrt_kj,rail,308101
2019-05-15,rail_lrt_kj,rail,311313
2019-05-16,rail_lrt_kj,rail,311273
2019-05-17,rail_lrt_kj,rail,328270
2019-05-18,rail_lrt_kj,rail,138106
2019-05-19,rail_lrt_kj,rail,116418
2019-05-20,rail_lrt_kj,rail,112665
2019-05-21,rail_lrt_kj,rail,262881
2019-05-22,rail_lrt_kj,rail,122774
2019-05-23,rail_lrt_kj,rail,307464
2019-05-24,rail_lrt_kj,rail,328454
2019-05-25,rail_lrt_kj,rail,152077
2019-05-26,rail_lrt_kj,rail,125480
2019-05-27,rail_lrt_kj,rail,311648
2019-05-28,rail_lrt_kj,rail,319008
2019-05-29,rail_lrt_kj,rail,319730
2019-05-30,rail_lrt_kj,rail,321934
2019-05-31,rail_lrt_kj,rail,331805
2019-06-01,rail_lrt_kj,rail,156277
2019-06-02,rail_lrt_kj,rail,128493
2019-06-03,rail_lrt_kj,rail,253244
2019-06-04,rail_lrt_kj,rail,219687
2019-06-05,rail_lrt_kj,rail,146230
2019-06-06,rail_lrt_kj,rail,139081
2019-06-07,rail_lrt_kj,rail,187797
2019-06-08,rail_lrt_kj,rail,120294
2019-06-09,rail_lrt_kj,rail,114728
2019-06-10,rail_lrt_kj,rail,268886
2019-06-11,rail_lrt_kj,rail,297717
2019-06-12,rail_lrt_kj,rail,306613
2019-06-13,rail_lrt_kj,rail,309099
2019-06-14,rail_lrt_kj,rail,323324
2019-06-15,rail_lrt_kj,rail,147057
2019-06-16,rail_lrt_kj,rail,121607
2019-06-17,rail_lrt_kj,rail,306584
2019-06-18,rail_lrt_kj,rail,315968
2019-06-19,rail_lrt_kj,rail,321455
2019-06-20,rail_lrt_kj,rail,321595
2019-06-21,rail_lrt_kj,rail,333322
2019-06-22,rail_lrt_kj,rail,156379
2019-06-23,rail_lrt_kj,rail,126129
2019-06-24,rail_lrt_kj,rail,282823
2019-06-25,rail_lrt_kj,rail,314328
2019-06-26,rail_lrt_kj,rail,318462
2019-06-27,rail_lrt_kj,rail,319535
2019-06-28,rail_lrt_kj,rail,338865
2019-06-29,rail_lrt_kj,rail,166462
2019-06-30,rail_lrt_kj,rail,138523
2019-07-01,rail_lrt_kj,rail,313644
2019-07-02,rail_lrt_kj,rail,318912
2019-07-03,rail_lrt_kj,rail,323874
2019-07-04,rail_lrt_kj,rail,327436
2019-07-05,rail_lrt_kj,rail,350399
2019-07-06,rail_lrt_kj,rail,181921
2019-07-07,rail_lrt_kj,rail,136371
2019-07-08,rail_lrt_kj,rail,319218
2019-07-09,rail_lrt_kj,rail,321242
2019-07-10,rail_lrt_kj,rail,324807
2019-07-11,rail_lrt_kj,rail,324597
2019-07-12,rail_lrt_kj,rail,348340
2019-07-13,rail_lrt_kj,rail,175782
2019-07-14,rail_lrt_kj,rail,139093
2019-07-15,rail_lrt_kj,rail,317127
2019-07-16,rail_lrt_kj,rail,319251
2019-07-17,rail_lrt_kj,rail,322933
2019-07-18,rail_lrt_kj,rail,326934
2019-07-19,rail_lrt_kj,rail,342441
2019-07-20,rail_lrt_kj,rail,157147
2019-07-21,rail_lrt_kj,rail,125746
2019-07-22,rail_lrt_kj,rail,314056
2019-07-23,rail_lrt_kj,rail,319810
2019-07-24,rail_lrt_kj,rail,321532
2019-07-25,rail_lrt_kj,rail,327835
2019-07-26,rail_lrt_kj,rail,346788
2019-07-27,rail_lrt_kj,rail,171755
2019-07-28,rail_lrt_kj,rail,134700
2019-07-29,rail_lrt_kj,rail,299820
2019-07-30,rail_lrt_kj,rail,139845
2019-07-31,rail_lrt_kj,rail,321874
2019-08-01,rail_lrt_kj,rail,324130
2019-08-02,rail_lrt_kj,rail,341205
2019-08-03,rail_lrt_kj,rail,163883
2019-08-04,rail_lrt_kj,rail,131532
2019-08-05,rail_lrt_kj,rail,320013
2019-08-06,rail_lrt_kj,rail,324338
2019-08-07,rail_lrt_kj,rail,325430
2019-08-08,rail_lrt_kj,rail,332273
2019-08-09,rail_lrt_kj,rail,347450
2019-08-10,rail_lrt_kj,rail,148139
2019-08-11,rail_lrt_kj,rail,136020
2019-08-12,rail_lrt_kj,rail,132383
2019-08-13,rail_lrt_kj,rail,287637
2019-08-14,rail_lrt_kj,rail,311820
2019-08-15,rail_lrt_kj,rail,322006
2019-08-16,rail_lrt_kj,rail,326949
2019-08-17,rail_lrt_kj,rail,160816
2019-08-18,rail_lrt_kj,rail,124744
2019-08-19,rail_lrt_kj,rail,312418
2019-08-20,rail_lrt_kj,rail,317255
2019-08-21,rail_lrt_kj,rail,319855
2019-08-22,rail_lrt_kj,rail,327419
2019-08-23,rail_lrt_kj,rail,337649
2019-08-24,rail_lrt_kj,rail,161421
2019-08-25,rail_lrt_kj,rail,130971
2019-08-26,rail_lrt_kj,rail,314404
2019-08-27,rail_lrt_kj,rail,318758
2019-08-28,rail_lrt_kj,rail,320276
2019-08-29,rail_lrt_kj,rail,323181
2019-08-30,rail_lrt_kj,rail,336081
2019-08-31,rail_lrt_kj,rail,157237
2019-09-01,rail_lrt_kj,rail,132125
2019-09-02,rail_lrt_kj,rail,128923
2019-09-03,rail_lrt_kj,rail,305003
2019-09-04,rail_lrt_kj,rail,311893
2019-09-05,rail_lrt_kj,rail,313881
2019-09-06,rail_lrt_kj,rail,336870
2019-09-07,rail_lrt_kj,rail,160811
2019-09-08,rail_lrt_kj,rail,141862
2019-09-09,rail_lrt_kj,rail,129724
2019-09-10,rail_lrt_kj,rail,313362
2019-09-11,rail_lrt_kj,rail,313226
2019-09-12,rail_lrt_kj,rail,318064
2019-09-13,rail_lrt_kj,rail,335426
2019-09-14,rail_lrt_kj,rail,157164
2019-09-15,rail_lrt_kj,rail,134168
2019-09-16,rail_lrt_kj,rail,128690
2019-09-17,rail_lrt_kj,rail,304026
2019-09-18,rail_lrt_kj,rail,308099
2019-09-19,rail_lrt_kj,rail,301043
2019-09-20,rail_lrt_kj,rail,315313
2019-09-21,rail_lrt_kj,rail,150278
2019-09-22,rail_lrt_kj,rail,119962
2019-09-23,rail_lrt_kj,rail,301297
2019-09-24,rail_lrt_kj,rail,311940
2019-09-25,rail_lrt_kj,rail,314682
2019-09-26,rail_lrt_kj,rail,319728
2019-09-27,rail_lrt_kj,rail,341312
2019-09-28,rail_lrt_kj,rail,166196
2019-09-29,rail_lrt_kj,rail,145896
2019-09-30,rail_lrt_kj,rail,310286
2019-10-01,rail_lrt_kj,rail,318464
2019-10-02,rail_lrt_kj,rail,321518
2019-10-03,rail_lrt_kj,rail,323530
2019-10-04,rail_lrt_kj,rail,345079
2019-10-05,rail_lrt_kj,rail,170164
2019-10-06,rail_lrt_kj,rail,143272
2019-10-07,rail_lrt_kj,rail,316953
2019-10-08,rail_lrt_kj,rail,322950
2019-10-09,rail_lrt_kj,rail,329192
2019-10-10,rail_lrt_kj,rail,330452
2019-10-11,rail_lrt_kj,rail,352328
2019-10-12,rail_lrt_kj,rail,169655
2019-10-13,rail_lrt_kj,rail,140845
2019-10-14,rail_lrt_kj,rail,323347
2019-10-15,rail_lrt_kj,rail,329281
2019-10-16,rail_lrt_kj,rail,329515
2019-10-17,rail_lrt_kj,rail,332981
2019-10-18,rail_lrt_kj,rail,349439
2019-10-19,rail_lrt_kj,rail,167092
2019-10-20,rail_lrt_kj,rail,140329
2019-10-21,rail_lrt_kj,rail,318447
2019-10-22,rail_lrt_kj,rail,326565
2019-10-23,rail_lrt_kj,rail,331042
2019-10-24,rail_lrt_kj,rail,335365
2019-10-25,rail_lrt_kj,rail,347715
2019-10-26,rail_lrt_kj,rail,158451
2019-10-27,rail_lrt_kj,rail,141201
2019-10-28,rail_lrt_kj,rail,128063
2019-10-29,rail_lrt_kj,rail,294670
2019-10-30,rail_lrt_kj,rail,313213
2019-10-31,rail_lrt_kj,rail,320142
2019-11-01,rail_lrt_kj,rail,337302
2019-11-02,rail_lrt_kj,rail,167889
2019-11-03,rail_lrt_kj,rail,143421
2019-11-04,rail_lrt_kj,rail,317551
2019-11-05,rail_lrt_kj,rail,321727
2019-11-06,rail_lrt_kj,rail,324817
2019-11-07,rail_lrt_kj,rail,327809
2019-11-08,rail_lrt_kj,rail,331333
2019-11-09,rail_lrt_kj,rail,159433
2019-11-10,rail_lrt_kj,rail,142461
2019-11-11,rail_lrt_kj,rail,316253
2019-11-12,rail_lrt_kj,rail,322491
2019-11-13,rail_lrt_kj,rail,325373
2019-11-14,rail_lrt_kj,rail,331392
2019-11-15,rail_lrt_kj,rail,345150
2019-11-16,rail_lrt_kj,rail,166050
2019-11-17,rail_lrt_kj,rail,138231
2019-11-18,rail_lrt_kj,rail,321000
2019-11-19,rail_lrt_kj,rail,334252
2019-11-20,rail_lrt_kj,rail,329008
2019-11-21,rail_lrt_kj,rail,325275
2019-11-22,rail_lrt_kj,rail,341447
2019-11-23,rail_lrt_kj,rail,163670
2019-11-24,rail_lrt_kj,rail,138576
2019-11-25,rail_lrt_kj,rail,314332
2019-11-26,rail_lrt_kj,rail,321178
2019-11-27,rail_lrt_kj,rail,327280
2019-11-28,rail_lrt_kj,rail,328032
2019-11-29,rail_lrt_kj,rail,346058
2019-11-30,rail_lrt_kj,rail,173098
2019-12-01,rail_lrt_kj,rail,146621
2019-12-02,rail_lrt_kj,rail,315424
2019-12-03,rail_lrt_kj,rail,324226
2019-12-04,rail_lrt_kj,rail,304015
2019-12-05,rail_lrt_kj,rail,325192
2019-12-06,rail_lrt_kj,rail,339415
2019-12-07,rail_lrt_kj,rail,179904
2019-12-08,rail_lrt_kj,rail,153735
2019-12-09,rail_lrt_kj,rail,314992
2019-12-10,rail_lrt_kj,rail,319919
2019-12-11,rail_lrt_kj,rail,302502
2019-12-12,rail_lrt_kj,rail,324354
2019-12-13,rail_lrt_kj,rail,330073
2019-12-14,rail_lrt_kj,rail,168594
2019-12-15,rail_lrt_kj,rail,141940
2019-12-16,rail_lrt_kj,rail,308131
2019-12-17,rail_lrt_kj,rail,315051
2019-12-18,rail_lrt_kj,rail,321476
2019-12-19,rail_lrt_kj,rail,320389
2019-12-20,rail_lrt_kj,rail,336905
2019-12-21,rail_lrt_kj,rail,204268
2019-12-22,rail_lrt_kj,rail,169433
2019-12-23,rail_lrt_kj,rail,298121
2019-12-24,rail_lrt_kj,rail,301004
2019-12-25,rail_lrt_kj,rail,158712
2019-12-26,rail_lrt_kj,rail,276860
2019-12-27,rail_lrt_kj,rail,286072
2019-12-28,rail_lrt_kj,rail,151058
2019-12-29,rail_lrt_kj,rail,132187
2019-12-30,rail_lrt_kj,rail,276014
2019-12-31,rail_lrt_kj,rail,346406
2020-01-01,rail_lrt_kj,rail,147877
2020-01-02,rail_lrt_kj,rail,286320
2020-01-03,rail_lrt_kj,rail,306157
2020-01-04,rail_lrt_kj,rail,148430
2020-01-05,rail_lrt_kj,rail,124886
2020-01-06,rail_lrt_kj,rail,314964
2020-01-07,rail_lrt_kj,rail,323376
2020-01-08,rail_lrt_kj,rail,326629
2020-01-09,rail_lrt_kj,rail,328124
2020-01-10,rail_lrt_kj,rail,348674
2020-01-11,rail_lrt_kj,rail,163074
2020-01-12,rail_lrt_kj,rail,136067
2020-01-13,rail_lrt_kj,rail,327535
2020-01-14,rail_lrt_kj,rail,332621
2020-01-15,rail_lrt_kj,rail,330542
2020-01-16,rail_lrt_kj,rail,334507
2020-01-17,rail_lrt_kj,rail,351479
2020-01-18,rail_lrt_kj,rail,164279
2020-01-19,rail_lrt_kj,rail,136700
2020-01-20,rail_lrt_kj,rail,328188
2020-01-21,rail_lrt_kj,rail,331467
2020-01-22,rail_lrt_kj,rail,336174
2020-01-23,rail_lrt_kj,rail,306105
2020-01-24,rail_lrt_kj,rail,235764
2020-01-25,rail_lrt_kj,rail,132816
2020-01-26,rail_lrt_kj,rail,120696
2020-01-27,rail_lrt_kj,rail,111374
2020-01-28,rail_lrt_kj,rail,241121
2020-01-29,rail_lrt_kj,rail,259281
2020-01-30,rail_lrt_kj,rail,282278
2020-01-31,rail_lrt_kj,rail,277512
2020-02-01,rail_lrt_kj,rail,125818
2020-02-02,rail_lrt_kj,rail,114564
2020-02-03,rail_lrt_kj,rail,308653
2020-02-04,rail_lrt_kj,rail,317549
2020-02-05,rail_lrt_kj,rail,318315
2020-02-06,rail_lrt_kj,rail,322595
2020-02-07,rail_lrt_kj,rail,314049
2020-02-08,rail_lrt_kj,rail,138608
2020-02-09,rail_lrt_kj,rail,128706
2020-02-10,rail_lrt_kj,rail,313487
2020-02-11,rail_lrt_kj,rail,318373
2020-02-12,rail_lrt_kj,rail,320454
2020-02-13,rail_lrt_kj,rail,322813
2020-02-14,rail_lrt_kj,rail,343242
2020-02-15,rail_lrt_kj,rail,150565
2020-02-16,rail_lrt_kj,rail,121879
2020-02-17,rail_lrt_kj,rail,314239
2020-02-18,rail_lrt_kj,rail,318193
2020-02-19,rail_lrt_kj,rail,321757
2020-02-20,rail_lrt_kj,rail,322698
2020-02-21,rail_lrt_kj,rail,335549
2020-02-22,rail_lrt_kj,rail,147875
2020-02-23,rail_lrt_kj,rail,121061
2020-02-24,rail_lrt_kj,rail,311327
2020-02-25,rail_lrt_kj,rail,317777
2020-02-26,rail_lrt_kj,rail,319794
2020-02-27,rail_lrt_kj,rail,320994
2020-02-28,rail_lrt_kj,rail,338381
2020-02-29,rail_lrt_kj,rail,159108
2020-03-01,rail_lrt_kj,rail,130646
2020-03-02,rail_lrt_kj,rail,312966
2020-03-03,rail_lrt_kj,rail,316525
2020-03-04,rail_lrt_kj,rail,315914
2020-03-05,rail_lrt_kj,rail,310527
2020-03-06,rail_lrt_kj,rail,322265
2020-03-07,rail_lrt_kj,rail,135989
2020-03-08,rail_lrt_kj,rail,122382
2020-03-09,rail_lrt_kj,rail,297116
2020-03-10,rail_lrt_kj,rail,300829
2020-03-11,rail_lrt_kj,rail,296463
2020-03-12,rail_lrt_kj,rail,290357
2020-03-13,rail_lrt_kj,rail,295429
2020-03-14,rail_lrt_kj,rail,113762
2020-03-15,rail_lrt_kj,rail,93910
2020-03-16,rail_lrt_kj,rail,236703
2020-03-17,rail_lrt_kj,rail,207362
2020-03-18,rail_lrt_kj,rail,78308
2020-03-19,rail_lrt_kj,rail,56173
2020-03-20,rail_lrt_kj,rail,41850
2020-03-21,rail_lrt_kj,rail,17465
2020-03-22,rail_lrt_kj,rail,10477
2020-03-23,rail_lrt_kj,rail,26778
2020-03-24,rail_lrt_kj,rail,22941
2020-03-25,rail_lrt_kj,rail,19728
2020-03-26,rail_lrt_kj,rail,19299
2020-03-27,rail_lrt_kj,rail,19149
2020-03-28,rail_lrt_kj,rail,9181
2020-03-29,rail_lrt_kj,rail,7195
2020-03-30,rail_lrt_kj,rail,18975
2020-03-31,rail_lrt_kj,rail,18814
2020-04-01,rail_lrt_kj,rail,19229
2020-04-02,rail_lrt_kj,rail,18322
2020-04-03,rail_lrt_kj,rail,18120
2020-04-04,rail_lrt_kj,rail,9072
2020-04-05,rail_lrt_kj,rail,7208
2020-04-06,rail_lrt_kj,rail,18499
2020-04-07,rail_lrt_kj,rail,17840
2020-04-08,rail_lrt_kj,rail,18048
2020-04-09,rail_lrt_kj,rail,17749
2020-04-10,rail_lrt_kj,rail,17764
2020-04-11,rail_lrt_kj,rail,9065
2020-04-12,rail_lrt_kj,rail,7244
2020-04-13,rail_lrt_kj,rail,18998
2020-04-14,rail_lrt_kj,rail,18611
2020-04-15,rail_lrt_kj,rail,18453
2020-04-16,rail_lrt_kj,rail,18041
2020-04-17,rail_lrt_kj,rail,18616
2020-04-18,rail_lrt_kj,rail,8966
2020-04-19,rail_lrt_kj,rail,7234
2020-04-20,rail_lrt_kj,rail,18884
2020-04-21,rail_lrt_kj,rail,18485
2020-04-22,rail_lrt_kj,rail,18594
2020-04-23,rail_lrt_kj,rail,18908
2020-04-24,rail_lrt_kj,rail,17724
2020-04-25,rail_lrt_kj,rail,9413
2020-04-26,rail_lrt_kj,rail,7455
2020-04-27,rail_lrt_kj,rail,19756
2020-04-28,rail_lrt_kj,rail,19402
2020-04-29,rail_lrt_kj,rail,20381
2020-04-30,rail_lrt_kj,rail,21291
2020-05-01,rail_lrt_kj,rail,9313
2020-05-02,rail_lrt_kj,rail,11019
2020-05-03,rail_lrt_kj,rail,9176
2020-05-04,rail_lrt_kj,rail,42714
2020-05-05,rail_lrt_kj,rail,44468
2020-05-06,rail_lrt_kj,rail,46874
2020-05-07,rail_lrt_kj,rail,22738
2020-05-08,rail_lrt_kj,rail,46917
2020-05-09,rail_lrt_kj,rail,27290
2020-05-10,rail_lrt_kj,rail,20718
2020-05-11,rail_lrt_kj,rail,26478
2020-05-12,rail_lrt_kj,rail,55582
2020-05-13,rail_lrt_kj,rail,60345
2020-05-14,rail_lrt_kj,rail,62524
2020-05-15,rail_lrt_kj,rail,61394
2020-05-16,rail_lrt_kj,rail,32324
2020-05-17,rail_lrt_kj,rail,25457
2020-05-18,rail_lrt_kj,rail,66943
2020-05-19,rail_lrt_kj,rail,66892
2020-05-20,rail_lrt_kj,rail,68022
2020-05-21,rail_lrt_kj,rail,66744
2020-05-22,rail_lrt_kj,rail,64837
2020-05-23,rail_lrt_kj,rail,35232
2020-05-24,rail_lrt_kj,rail,24568
2020-05-25,rail_lrt_kj,rail,27148
2020-05-26,rail_lrt_kj,rail,29703
2020-05-27,rail_lrt_kj,rail,64167
2020-05-28,rail_lrt_kj,rail,68611
2020-05-29,rail_lrt_kj,rail,70771
2020-05-30,rail_lrt_kj,rail,41962
2020-05-31,rail_lrt_kj,rail,31989
2020-06-01,rail_lrt_kj,rail,85064
2020-06-02,rail_lrt_kj,rail,85560
2020-06-03,rail_lrt_kj,rail,87332
2020-06-04,rail_lrt_kj,rail,84819
2020-06-05,rail_lrt_kj,rail,86464
2020-06-06,rail_lrt_kj,rail,47600
2020-06-07,rail_lrt_kj,rail,37366
2020-06-08,rail_lrt_kj,rail,38891
2020-06-09,rail_lrt_kj,rail,95250
2020-06-10,rail_lrt_kj,rail,104738
2020-06-11,rail_lrt_kj,rail,105472
2020-06-12,rail_lrt_kj,rail,105170
2020-06-13,rail_lrt_kj,rail,57448
2020-06-14,rail_lrt_kj,rail,45168
2020-06-15,rail_lrt_kj,rail,113004
2020-06-16,rail_lrt_kj,rail,116050
2020-06-17,rail_lrt_kj,rail,118125
2020-06-18,rail_lrt_kj,rail,117745
2020-06-19,rail_lrt_kj,rail,116565
2020-06-20,rail_lrt_kj,rail,62853
2020-06-21,rail_lrt_kj,rail,50238
2020-06-22,rail_lrt_kj,rail,116723
2020-06-23,rail_lrt_kj,rail,122889
2020-06-24,rail_lrt_kj,rail,124997
2020-06-25,rail_lrt_kj,rail,126033
2020-06-26,rail_lrt_kj,rail,126170
2020-06-27,rail_lrt_kj,rail,69439
2020-06-28,rail_lrt_kj,rail,56498
2020-06-29,rail_lrt_kj,rail,128041
2020-06-30,rail_lrt_kj,rail,131756
2020-07-01,rail_lrt_kj,rail,140909
2020-07-02,rail_lrt_kj,rail,140612
2020-07-03,rail_lrt_kj,rail,144362
2020-07-04,rail_lrt_kj,rail,80363
2020-07-05,rail_lrt_kj,rail,65698
2020-07-06,rail_lrt_kj,rail,143500
2020-07-07,rail_lrt_kj,rail,148347
2020-07-08,rail_lrt_kj,rail,151091
2020-07-09,rail_lrt_kj,rail,149820
2020-07-10,rail_lrt_kj,rail,153366
2020-07-11,rail_lrt_kj,rail,84754
2020-07-12,rail_lrt_kj,rail,70045
2020-07-13,rail_lrt_kj,rail,150480
2020-07-14,rail_lrt_kj,rail,155055
2020-07-15,rail_lrt_kj,rail,157384
2020-07-16,rail_lrt_kj,rail,155801
2020-07-17,rail_lrt_kj,rail,162026
2020-07-18,rail_lrt_kj,rail,83514
2020-07-19,rail_lrt_kj,rail,69202
2020-07-20,rail_lrt_kj,rail,157247
2020-07-21,rail_lrt_kj,rail,160487
2020-07-22,rail_lrt_kj,rail,161319
2020-07-23,rail_lrt_kj,rail,160711
2020-07-24,rail_lrt_kj,rail,162695
2020-07-25,rail_lrt_kj,rail,85028
2020-07-26,rail_lrt_kj,rail,68248
2020-07-27,rail_lrt_kj,rail,157741
2020-07-28,rail_lrt_kj,rail,161577
2020-07-29,rail_lrt_kj,rail,158198
2020-07-30,rail_lrt_kj,rail,136290
2020-07-31,rail_lrt_kj,rail,61388
2020-08-01,rail_lrt_kj,rail,66765
2020-08-02,rail_lrt_kj,rail,61263
2020-08-03,rail_lrt_kj,rail,139813
2020-08-04,rail_lrt_kj,rail,155140
2020-08-05,rail_lrt_kj,rail,161414
2020-08-06,rail_lrt_kj,rail,161256
2020-08-07,rail_lrt_kj,rail,165122
2020-08-08,rail_lrt_kj,rail,85814
2020-08-09,rail_lrt_kj,rail,69048
2020-08-10,rail_lrt_kj,rail,161067
2020-08-11,rail_lrt_kj,rail,164993
2020-08-12,rail_lrt_kj,rail,166937
2020-08-13,rail_lrt_kj,rail,166383
2020-08-14,rail_lrt_kj,rail,170115
2020-08-15,rail_lrt_kj,rail,85256
2020-08-16,rail_lrt_kj,rail,66668
2020-08-17,rail_lrt_kj,rail,167960
2020-08-18,rail_lrt_kj,rail,170030
2020-08-19,rail_lrt_kj,rail,174411
2020-08-20,rail_lrt_kj,rail,76953
2020-08-21,rail_lrt_kj,rail,154042
2020-08-22,rail_lrt_kj,rail,84974
2020-08-23,rail_lrt_kj,rail,67665
2020-08-24,rail_lrt_kj,rail,164036
2020-08-25,rail_lrt_kj,rail,171040
2020-08-26,rail_lrt_kj,rail,173481
2020-08-27,rail_lrt_kj,rail,171274
2020-08-28,rail_lrt_kj,rail,175445
2020-08-29,rail_lrt_kj,rail,89219
2020-08-30,rail_lrt_kj,rail,81657
2020-08-31,rail_lrt_kj,rail,77902
2020-09-01,rail_lrt_kj,rail,170073
2020-09-02,rail_lrt_kj,rail,178326
2020-09-03,rail_lrt_kj,rail,180473
2020-09-04,rail_lrt_kj,rail,184627
2020-09-05,rail_lrt_kj,rail,90992
2020-09-06,rail_lrt_kj,rail,74134
2020-09-07,rail_lrt_kj,rail,174741
2020-09-08,rail_lrt_kj,rail,183520
2020-09-09,rail_lrt_kj,rail,184266
2020-09-10,rail_lrt_kj,rail,186662
2020-09-11,rail_lrt_kj,rail,190510
2020-09-12,rail_lrt_kj,rail,97773
2020-09-13,rail_lrt_kj,rail,77296
2020-09-14,rail_lrt_kj,rail,178008
2020-09-15,rail_lrt_kj,rail,185675
2020-09-16,rail_lrt_kj,rail,85531
2020-09-17,rail_lrt_kj,rail,179667
2020-09-18,rail_lrt_kj,rail,183422
2020-09-19,rail_lrt_kj,rail,94028
2020-09-20,rail_lrt_kj,rail,72941
2020-09-21,rail_lrt_kj,rail,180283
2020-09-22,rail_lrt_kj,rail,185510
2020-09-23,rail_lrt_kj,rail,187352
2020-09-24,rail_lrt_kj,rail,186891
2020-09-25,rail_lrt_kj,rail,189738
2020-09-26,rail_lrt_kj,rail,97440
2020-09-27,rail_lrt_kj,rail,76633
2020-09-28,rail_lrt_kj,rail,170800
2020-09-29,rail_lrt_kj,rail,173050
2020-09-30,rail_lrt_kj,rail,174116
2020-10-01,rail_lrt_kj,rail,172929
2020-10-02,rail_lrt_kj,rail,168758
2020-10-03,rail_lrt_kj,rail,74841
2020-10-04,rail_lrt_kj,rail,61673
2020-10-05,rail_lrt_kj,rail,160718
2020-10-06,rail_lrt_kj,rail,157660
2020-10-07,rail_lrt_kj,rail,153389
2020-10-08,rail_lrt_kj,rail,152721
2020-10-09,rail_lrt_kj,rail,148645
2020-10-10,rail_lrt_kj,rail,70785
2020-10-11,rail_lrt_kj,rail,56344
2020-10-12,rail_lrt_kj,rail,137404
2020-10-13,rail_lrt_kj,rail,138528
2020-10-14,rail_lrt_kj,rail,96630
2020-10-15,rail_lrt_kj,rail,97353
2020-10-16,rail_lrt_kj,rail,97334
2020-10-17,rail_lrt_kj,rail,47698
2020-10-18,rail_lrt_kj,rail,34071
2020-10-19,rail_lrt_kj,rail,97737
2020-10-20,rail_lrt_kj,rail,96877
2020-10-21,rail_lrt_kj,rail,97229
2020-10-22,rail_lrt_kj,rail,73092
2020-10-23,rail_lrt_kj,rail,77358
2020-10-24,rail_lrt_kj,rail,48096
2020-10-25,rail_lrt_kj,rail,35756
2020-10-26,rail_lrt_kj,rail,79511
2020-10-27,rail_lrt_kj,rail,80955
2020-10-28,rail_lrt_kj,rail,84457
2020-10-29,rail_lrt_kj,rail,41943
2020-10-30,rail_lrt_kj,rail,83322
2020-10-31,rail_lrt_kj,rail,52252
2020-11-01,rail_lrt_kj,rail,40228
2020-11-02,rail_lrt_kj,rail,88316
2020-11-03,rail_lrt_kj,rail,88945
2020-11-04,rail_lrt_kj,rail,89014
2020-11-05,rail_lrt_kj,rail,88238
2020-11-06,rail_lrt_kj,rail,90294
2020-11-07,rail_lrt_kj,rail,56020
2020-11-08,rail_lrt_kj,rail,43870
2020-11-09,rail_lrt_kj,rail,91619
2020-11-10,rail_lrt_kj,rail,92042
2020-11-11,rail_lrt_kj,rail,92763
2020-11-12,rail_lrt_kj,rail,91165
2020-11-13,rail_lrt_kj,rail,89498
2020-11-14,rail_lrt_kj,rail,47240
2020-11-15,rail_lrt_kj,rail,41270
2020-11-16,rail_lrt_kj,rail,88794
2020-11-17,rail_lrt_kj,rail,90184
2020-11-18,rail_lrt_kj,rail,92777
2020-11-19,rail_lrt_kj,rail,92021
2020-11-20,rail_lrt_kj,rail,94084
2020-11-21,rail_lrt_kj,rail,54855
2020-11-22,rail_lrt_kj,rail,44318
2020-11-23,rail_lrt_kj,rail,93486
2020-11-24,rail_lrt_kj,rail,93524
2020-11-25,rail_lrt_kj,rail,95721
2020-11-26,rail_lrt_kj,rail,93655
2020-11-27,rail_lrt_kj,rail,96496
2020-11-28,rail_lrt_kj,rail,59494
2020-11-29,rail_lrt_kj,rail,46539
2020-11-30,rail_lrt_kj,rail,96327
2020-12-01,rail_lrt_kj,rail,98219
2020-12-02,rail_lrt_kj,rail,99230
2020-12-03,rail_lrt_kj,rail,97740
2020-12-04,rail_lrt_kj,rail,100379
2020-12-05,rail_lrt_kj,rail,61730
2020-12-06,rail_lrt_kj,rail,49627
2020-12-07,rail_lrt_kj,rail,101091
2020-12-08,rail_lrt_kj,rail,103566
2020-12-09,rail_lrt_kj,rail,103908
2020-12-10,rail_lrt_kj,rail,101527
2020-12-11,rail_lrt_kj,rail,92751
2020-12-12,rail_lrt_kj,rail,62336
2020-12-13,rail_lrt_kj,rail,50816
2020-12-14,rail_lrt_kj,rail,100969
2020-12-15,rail_lrt_kj,rail,104376
2020-12-16,rail_lrt_kj,rail,106261
2020-12-17,rail_lrt_kj,rail,105085
2020-12-18,rail_lrt_kj,rail,105391
2020-12-19,rail_lrt_kj,rail,65516
2020-12-20,rail_lrt_kj,rail,52377
2020-12-21,rail_lrt_kj,rail,104371
2020-12-22,rail_lrt_kj,rail,107356
2020-12-23,rail_lrt_kj,rail,106738
2020-12-24,rail_lrt_kj,rail,102065
2020-12-25,rail_lrt_kj,rail,55174
2020-12-26,rail_lrt_kj,rail,57444
2020-12-27,rail_lrt_kj,rail,50926
2020-12-28,rail_lrt_kj,rail,97483
2020-12-29,rail_lrt_kj,rail,99143
2020-12-30,rail_lrt_kj,rail,101232
2020-12-31,rail_lrt_kj,rail,101935
2021-01-01,rail_lrt_kj,rail,56441
2021-01-02,rail_lrt_kj,rail,59116
2021-01-03,rail_lrt_kj,rail,46212
2021-01-04,rail_lrt_kj,rail,105722
2021-01-05,rail_lrt_kj,rail,107425
2021-01-06,rail_lrt_kj,rail,108447
2021-01-07,rail_lrt_kj,rail,106278
2021-01-08,rail_lrt_kj,rail,106353
2021-01-09,rail_lrt_kj,rail,61519
2021-01-10,rail_lrt_kj,rail,50852
2021-01-11,rail_lrt_kj,rail,102358
2021-01-12,rail_lrt_kj,rail,108346
2021-01-13,rail_lrt_kj,rail,56878
2021-01-14,rail_lrt_kj,rail,58141
2021-01-15,rail_lrt_kj,rail,61169
2021-01-16,rail_lrt_kj,rail,32613
2021-01-17,rail_lrt_kj,rail,21883
2021-01-18,rail_lrt_kj,rail,62247
2021-01-19,rail_lrt_kj,rail,61749
2021-01-20,rail_lrt_kj,rail,62261
2021-01-21,rail_lrt_kj,rail,62297
2021-01-22,rail_lrt_kj,rail,62662
2021-01-23,rail_lrt_kj,rail,34947
2021-01-24,rail_lrt_kj,rail,24620
2021-01-25,rail_lrt_kj,rail,66111
2021-01-26,rail_lrt_kj,rail,65473
2021-01-27,rail_lrt_kj,rail,67459
2021-01-28,rail_lrt_kj,rail,30811
2021-01-29,rail_lrt_kj,rail,65862
2021-01-30,rail_lrt_kj,rail,37156
2021-01-31,rail_lrt_kj,rail,26957
2021-02-01,rail_lrt_kj,rail,39619
2021-02-02,rail_lrt_kj,rail,70196
2021-02-03,rail_lrt_kj,rail,69893
2021-02-04,rail_lrt_kj,rail,70189
2021-02-05,rail_lrt_kj,rail,72160
2021-02-06,rail_lrt_kj,rail,41153
2021-02-07,rail_lrt_kj,rail,30294
2021-02-08,rail_lrt_kj,rail,74054
2021-02-09,rail_lrt_kj,rail,74408
2021-02-10,rail_lrt_kj,rail,76120
2021-02-11,rail_lrt_kj,rail,68335
2021-02-12,rail_lrt_kj,rail,35574
2021-02-13,rail_lrt_kj,rail,36887
2021-02-14,rail_lrt_kj,rail,37788
2021-02-15,rail_lrt_kj,rail,73785
2021-02-16,rail_lrt_kj,rail,76752
2021-02-17,rail_lrt_kj,rail,77794
2021-02-18,rail_lrt_kj,rail,80181
2021-02-19,rail_lrt_kj,rail,82378
2021-02-20,rail_lrt_kj,rail,53163
2021-02-21,rail_lrt_kj,rail,42100
2021-02-22,rail_lrt_kj,rail,85543
2021-02-23,rail_lrt_kj,rail,86853
2021-02-24,rail_lrt_kj,rail,86974
2021-02-25,rail_lrt_kj,rail,86872
2021-02-26,rail_lrt_kj,rail,89099
2021-02-27,rail_lrt_kj,rail,58981
2021-02-28,rail_lrt_kj,rail,47842
2021-03-01,rail_lrt_kj,rail,92058
2021-03-02,rail_lrt_kj,rail,92411
2021-03-03,rail_lrt_kj,rail,94027
2021-03-04,rail_lrt_kj,rail,94162
2021-03-05,rail_lrt_kj,rail,101936
2021-03-06,rail_lrt_kj,rail,66104
2021-03-07,rail_lrt_kj,rail,54533
2021-03-08,rail_lrt_kj,rail,105108
2021-03-09,rail_lrt_kj,rail,108667
2021-03-10,rail_lrt_kj,rail,110849
2021-03-11,rail_lrt_kj,rail,108473
2021-03-12,rail_lrt_kj,rail,111022
2021-03-13,rail_lrt_kj,rail,69772
2021-03-14,rail_lrt_kj,rail,56178
2021-03-15,rail_lrt_kj,rail,110124
2021-03-16,rail_lrt_kj,rail,111874
2021-03-17,rail_lrt_kj,rail,113717
2021-03-18,rail_lrt_kj,rail,112372
2021-03-19,rail_lrt_kj,rail,115688
2021-03-20,rail_lrt_kj,rail,72641
2021-03-21,rail_lrt_kj,rail,57925
2021-03-22,rail_lrt_kj,rail,113268
2021-03-23,rail_lrt_kj,rail,115322
2021-03-24,rail_lrt_kj,rail,117147
2021-03-25,rail_lrt_kj,rail,116785
2021-03-26,rail_lrt_kj,rail,119991
2021-03-27,rail_lrt_kj,rail,76454
2021-03-28,rail_lrt_kj,rail,62657
2021-03-29,rail_lrt_kj,rail,111647
2021-03-30,rail_lrt_kj,rail,119692
2021-03-31,rail_lrt_kj,rail,121257
2021-04-01,rail_lrt_kj,rail,124099
2021-04-02,rail_lrt_kj,rail,125897
2021-04-03,rail_lrt_kj,rail,81259
2021-04-04,rail_lrt_kj,rail,65377
2021-04-05,rail_lrt_kj,rail,126050
2021-04-06,rail_lrt_kj,rail,130179
2021-04-07,rail_lrt_kj,rail,132895
2021-04-08,rail_lrt_kj,rail,132562
2021-04-09,rail_lrt_kj,rail,138352
2021-04-10,rail_lrt_kj,rail,87269
2021-04-11,rail_lrt_kj,rail,71158
2021-04-12,rail_lrt_kj,rail,137307
2021-04-13,rail_lrt_kj,rail,122661
2021-04-14,rail_lrt_kj,rail,126411
2021-04-15,rail_lrt_kj,rail,127339
2021-04-16,rail_lrt_kj,rail,128502
2021-04-17,rail_lrt_kj,rail,66992
2021-04-18,rail_lrt_kj,rail,53374
2021-04-19,rail_lrt_kj,rail,123934
2021-04-20,rail_lrt_kj,rail,125511
2021-04-21,rail_lrt_kj,rail,125346
2021-04-22,rail_lrt_kj,rail,122826
2021-04-23,rail_lrt_kj,rail,125586
2021-04-24,rail_lrt_kj,rail,68983
2021-04-25,rail_lrt_kj,rail,53755
2021-04-26,rail_lrt_kj,rail,121348
2021-04-27,rail_lrt_kj,rail,121352
2021-04-28,rail_lrt_kj,rail,123513
2021-04-29,rail_lrt_kj,rail,61174
2021-04-30,rail_lrt_kj,rail,115031
2021-05-01,rail_lrt_kj,rail,61649
2021-05-02,rail_lrt_kj,rail,53313
2021-05-03,rail_lrt_kj,rail,118646
2021-05-04,rail_lrt_kj,rail,118594
2021-05-05,rail_lrt_kj,rail,126221
2021-05-06,rail_lrt_kj,rail,108438
2021-05-07,rail_lrt_kj,rail,97879
2021-05-08,rail_lrt_kj,rail,51798
2021-05-09,rail_lrt_kj,rail,34109
2021-05-10,rail_lrt_kj,rail,81575
2021-05-11,rail_lrt_kj,rail,77436
2021-05-12,rail_lrt_kj,rail,65534
2021-05-13,rail_lrt_kj,rail,23173
2021-05-14,rail_lrt_kj,rail,26414
2021-05-15,rail_lrt_kj,rail,34669
2021-05-16,rail_lrt_kj,rail,29457
2021-05-17,rail_lrt_kj,rail,73794
2021-05-18,rail_lrt_kj,rail,75846
2021-05-19,rail_lrt_kj,rail,77931
2021-05-20,rail_lrt_kj,rail,74901
2021-05-21,rail_lrt_kj,rail,74120
2021-05-22,rail_lrt_kj,rail,39848
2021-05-23,rail_lrt_kj,rail,26259
2021-05-24,rail_lrt_kj,rail,69981
2021-05-25,rail_lrt_kj,rail,48469
2021-05-26,rail_lrt_kj,rail,22670
2021-05-27,rail_lrt_kj,rail,49948
2021-05-28,rail_lrt_kj,rail,48823
2021-05-29,rail_lrt_kj,rail,32566
2021-05-30,rail_lrt_kj,rail,23407
2021-05-31,rail_lrt_kj,rail,57284
2021-06-01,rail_lrt_kj,rail,25904
2021-06-02,rail_lrt_kj,rail,27862
2021-06-03,rail_lrt_kj,rail,28476
2021-06-04,rail_lrt_kj,rail,28452
2021-06-05,rail_lrt_kj,rail,16510
2021-06-06,rail_lrt_kj,rail,12108
2021-06-07,rail_lrt_kj,rail,13201
2021-06-08,rail_lrt_kj,rail,30626
2021-06-09,rail_lrt_kj,rail,30925
2021-06-10,rail_lrt_kj,rail,31204
2021-06-11,rail_lrt_kj,rail,31623
2021-06-12,rail_lrt_kj,rail,17835
2021-06-13,rail_lrt_kj,rail,13775
2021-06-14,rail_lrt_kj,rail,33289
2021-06-15,rail_lrt_kj,rail,34156
2021-06-16,rail_lrt_kj,rail,34037
2021-06-17,rail_lrt_kj,rail,33881
2021-06-18,rail_lrt_kj,rail,34181
2021-06-19,rail_lrt_kj,rail,19957
2021-06-20,rail_lrt_kj,rail,13733
2021-06-21,rail_lrt_kj,rail,35097
2021-06-22,rail_lrt_kj,rail,34981
2021-06-23,rail_lrt_kj,rail,35213
2021-06-24,rail_lrt_kj,rail,35001
2021-06-25,rail_lrt_kj,rail,35379
2021-06-26,rail_lrt_kj,rail,20955
2021-06-27,rail_lrt_kj,rail,14572
2021-06-28,rail_lrt_kj,rail,35873
2021-06-29,rail_lrt_kj,rail,36947
2021-06-30,rail_lrt_kj,rail,38094
2021-07-01,rail_lrt_kj,rail,37838
2021-07-02,rail_lrt_kj,rail,39779
2021-07-03,rail_lrt_kj,rail,17602
2021-07-04,rail_lrt_kj,rail,13341
2021-07-05,rail_lrt_kj,rail,30976
2021-07-06,rail_lrt_kj,rail,31404
2021-07-07,rail_lrt_kj,rail,32047
2021-07-08,rail_lrt_kj,rail,31655
2021-07-09,rail_lrt_kj,rail,32508
2021-07-10,rail_lrt_kj,rail,19210
2021-07-11,rail_lrt_kj,rail,14099
2021-07-12,rail_lrt_kj,rail,32868
2021-07-13,rail_lrt_kj,rail,32817
2021-07-14,rail_lrt_kj,rail,32533
2021-07-15,rail_lrt_kj,rail,32400
2021-07-16,rail_lrt_kj,rail,32348
2021-07-17,rail_lrt_kj,rail,20183
2021-07-18,rail_lrt_kj,rail,15458
2021-07-19,rail_lrt_kj,rail,33404
2021-07-20,rail_lrt_kj,rail,15442
2021-07-21,rail_lrt_kj,rail,33517
2021-07-22,rail_lrt_kj,rail,34958
2021-07-23,rail_lrt_kj,rail,35405
2021-07-24,rail_lrt_kj,rail,21818
2021-07-25,rail_lrt_kj,rail,16010
2021-07-26,rail_lrt_kj,rail,36619
2021-07-27,rail_lrt_kj,rail,36545
2021-07-28,rail_lrt_kj,rail,36812
2021-07-29,rail_lrt_kj,rail,36230
2021-07-30,rail_lrt_kj,rail,37136
2021-07-31,rail_lrt_kj,rail,24050
2021-08-01,rail_lrt_kj,rail,17678
2021-08-02,rail_lrt_kj,rail,37432
2021-08-03,rail_lrt_kj,rail,36467
2021-08-04,rail_lrt_kj,rail,36820
2021-08-05,rail_lrt_kj,rail,36330
2021-08-06,rail_lrt_kj,rail,36807
2021-08-07,rail_lrt_kj,rail,22937
2021-08-08,rail_lrt_kj,rail,16691
2021-08-09,rail_lrt_kj,rail,38919
2021-08-10,rail_lrt_kj,rail,20399
2021-08-11,rail_lrt_kj,rail,39321
2021-08-12,rail_lrt_kj,rail,38936
2021-08-13,rail_lrt_kj,rail,39405
2021-08-14,rail_lrt_kj,rail,25005
2021-08-15,rail_lrt_kj,rail,17822
2021-08-16,rail_lrt_kj,rail,42716
2021-08-17,rail_lrt_kj,rail,42859
2021-08-18,rail_lrt_kj,rail,43961
2021-08-19,rail_lrt_kj,rail,44314
2021-08-20,rail_lrt_kj,rail,46225
2021-08-21,rail_lrt_kj,rail,26479
2021-08-22,rail_lrt_kj,rail,24315
2021-08-23,rail_lrt_kj,rail,45287
2021-08-24,rail_lrt_kj,rail,44954
2021-08-25,rail_lrt_kj,rail,46271
2021-08-26,rail_lrt_kj,rail,46028
2021-08-27,rail_lrt_kj,rail,47007
2021-08-28,rail_lrt_kj,rail,32874
2021-08-29,rail_lrt_kj,rail,24797
2021-08-30,rail_lrt_kj,rail,48363
2021-08-31,rail_lrt_kj,rail,26186
2021-09-01,rail_lrt_kj,rail,51066
2021-09-02,rail_lrt_kj,rail,50883
2021-09-03,rail_lrt_kj,rail,52020
2021-09-04,rail_lrt_kj,rail,36715
2021-09-05,rail_lrt_kj,rail,29180
2021-09-06,rail_lrt_kj,rail,54421
2021-09-07,rail_lrt_kj,rail,54579
2021-09-08,rail_lrt_kj,rail,55414
2021-09-09,rail_lrt_kj,rail,55234
2021-09-10,rail_lrt_kj,rail,57171
2021-09-11,rail_lrt_kj,rail,42950
2021-09-12,rail_lrt_kj,rail,35059
2021-09-13,rail_lrt_kj,rail,58399
2021-09-14,rail_lrt_kj,rail,60726
2021-09-15,rail_lrt_kj,rail,62667
2021-09-16,rail_lrt_kj,rail,37270
2021-09-17,rail_lrt_kj,rail,60696
2021-09-18,rail_lrt_kj,rail,43757
2021-09-19,rail_lrt_kj,rail,36303
2021-09-20,rail_lrt_kj,rail,65313
2021-09-21,rail_lrt_kj,rail,64237
2021-09-22,rail_lrt_kj,rail,66409
2021-09-23,rail_lrt_kj,rail,66331
2021-09-24,rail_lrt_kj,rail,67809
2021-09-25,rail_lrt_kj,rail,49764
2021-09-26,rail_lrt_kj,rail,39094
2021-09-27,rail_lrt_kj,rail,69287
2021-09-28,rail_lrt_kj,rail,69490
2021-09-29,rail_lrt_kj,rail,70513
2021-09-30,rail_lrt_kj,rail,71666
2021-10-01,rail_lrt_kj,rail,75816
2021-10-02,rail_lrt_kj,rail,55193
2021-10-03,rail_lrt_kj,rail,46457
2021-10-04,rail_lrt_kj,rail,78100
2021-10-05,rail_lrt_kj,rail,78925
2021-10-06,rail_lrt_kj,rail,80785
2021-10-07,rail_lrt_kj,rail,80582
2021-10-08,rail_lrt_kj,rail,84593
2021-10-09,rail_lrt_kj,rail,61120
2021-10-10,rail_lrt_kj,rail,51303
2021-10-11,rail_lrt_kj,rail,84459
2021-10-12,rail_lrt_kj,rail,85624
2021-10-13,rail_lrt_kj,rail,85803
2021-10-14,rail_lrt_kj,rail,84689
2021-10-15,rail_lrt_kj,rail,86445
2021-10-16,rail_lrt_kj,rail,61053
2021-10-17,rail_lrt_kj,rail,50456
2021-10-18,rail_lrt_kj,rail,82533
2021-10-19,rail_lrt_kj,rail,52386
2021-10-20,rail_lrt_kj,rail,89523
2021-10-21,rail_lrt_kj,rail,91679
2021-10-22,rail_lrt_kj,rail,95080
2021-10-23,rail_lrt_kj,rail,60774
2021-10-24,rail_lrt_kj,rail,49475
2021-10-25,rail_lrt_kj,rail,91283
2021-10-26,rail_lrt_kj,rail,93399
2021-10-27,rail_lrt_kj,rail,95063
2021-10-28,rail_lrt_kj,rail,94715
2021-10-29,rail_lrt_kj,rail,100053
2021-10-30,rail_lrt_kj,rail,69309
2021-10-31,rail_lrt_kj,rail,59246
2021-11-01,rail_lrt_kj,rail,104905
2021-11-02,rail_lrt_kj,rail,106712
2021-11-03,rail_lrt_kj,rail,107388
2021-11-04,rail_lrt_kj,rail,65000
2021-11-05,rail_lrt_kj,rail,98945
2021-11-06,rail_lrt_kj,rail,71646
2021-11-07,rail_lrt_kj,rail,57591
2021-11-08,rail_lrt_kj,rail,106991
2021-11-09,rail_lrt_kj,rail,109067
2021-11-10,rail_lrt_kj,rail,112012
2021-11-11,rail_lrt_kj,rail,111312
2021-11-12,rail_lrt_kj,rail,114562
2021-11-13,rail_lrt_kj,rail,72628
2021-11-14,rail_lrt_kj,rail,60513
2021-11-15,rail_lrt_kj,rail,110823
2021-11-16,rail_lrt_kj,rail,114461
2021-11-17,rail_lrt_kj,rail,116211
2021-11-18,rail_lrt_kj,rail,114512
2021-11-19,rail_lrt_kj,rail,117102
2021-11-20,rail_lrt_kj,rail,71981
2021-11-21,rail_lrt_kj,rail,60291
2021-11-22,rail_lrt_kj,rail,113073
2021-11-23,rail_lrt_kj,rail,115782
2021-11-24,rail_lrt_kj,rail,117942
2021-11-25,rail_lrt_kj,rail,116067
2021-11-26,rail_lrt_kj,rail,120365
2021-11-27,rail_lrt_kj,rail,78203
2021-11-28,rail_lrt_kj,rail,65438
2021-11-29,rail_lrt_kj,rail,113725
2021-11-30,rail_lrt_kj,rail,117002
2021-12-01,rail_lrt_kj,rail,119729
2021-12-02,rail_lrt_kj,rail,118429
2021-12-03,rail_lrt_kj,rail,92108
2021-12-04,rail_lrt_kj,rail,80805
2021-12-05,rail_lrt_kj,rail,68820
2021-12-06,rail_lrt_kj,rail,117216
2021-12-07,rail_lrt_kj,rail,120498
2021-12-08,rail_lrt_kj,rail,123450
2021-12-09,rail_lrt_kj,rail,124696
2021-12-10,rail_lrt_kj,rail,128119
2021-12-11,rail_lrt_kj,rail,87969
2021-12-12,rail_lrt_kj,rail,72652
2021-12-13,rail_lrt_kj,rail,119855
2021-12-14,rail_lrt_kj,rail,123406
2021-12-15,rail_lrt_kj,rail,125779
2021-12-16,rail_lrt_kj,rail,126617
2021-12-17,rail_lrt_kj,rail,126018
2021-12-18,rail_lrt_kj,rail,76103
2021-12-19,rail_lrt_kj,rail,64835
2021-12-20,rail_lrt_kj,rail,109618
2021-12-21,rail_lrt_kj,rail,116675
2021-12-22,rail_lrt_kj,rail,118920
2021-12-23,rail_lrt_kj,rail,119331
2021-12-24,rail_lrt_kj,rail,117766
2021-12-25,rail_lrt_kj,rail,76780
2021-12-26,rail_lrt_kj,rail,68342
2021-12-27,rail_lrt_kj,rail,113198
2021-12-28,rail_lrt_kj,rail,116871
2021-12-29,rail_lrt_kj,rail,118043
2021-12-30,rail_lrt_kj,rail,117573
2021-12-31,rail_lrt_kj,rail,126328
2022-01-01,rail_lrt_kj,rail,84319
2022-01-02,rail_lrt_kj,rail,69092
2022-01-03,rail_lrt_kj,rail,127098
2022-01-04,rail_lrt_kj,rail,132713
2022-01-05,rail_lrt_kj,rail,133924
2022-01-06,rail_lrt_kj,rail,132767
2022-01-07,rail_lrt_kj,rail,134437
2022-01-08,rail_lrt_kj,rail,81698
2022-01-09,rail_lrt_kj,rail,68595
2022-01-10,rail_lrt_kj,rail,136382
2022-01-11,rail_lrt_kj,rail,137666
2022-01-12,rail_lrt_kj,rail,138009
2022-01-13,rail_lrt_kj,rail,136254
2022-01-14,rail_lrt_kj,rail,138134
2022-01-15,rail_lrt_kj,rail,79576
2022-01-16,rail_lrt_kj,rail,66479
2022-01-17,rail_lrt_kj,rail,129828
2022-01-18,rail_lrt_kj,rail,67733
2022-01-19,rail_lrt_kj,rail,140682
2022-01-20,rail_lrt_kj,rail,137868
2022-01-21,rail_lrt_kj,rail,138395
2022-01-22,rail_lrt_kj,rail,61840
2022-01-23,rail_lrt_kj,rail,62420
2022-01-24,rail_lrt_kj,rail,135619
2022-01-25,rail_lrt_kj,rail,140534
2022-01-26,rail_lrt_kj,rail,141511
2022-01-27,rail_lrt_kj,rail,138386
2022-01-28,rail_lrt_kj,rail,139472
2022-01-29,rail_lrt_kj,rail,75894
2022-01-30,rail_lrt_kj,rail,65290
2022-01-31,rail_lrt_kj,rail,97788
2022-02-01,rail_lrt_kj,rail,78843
2022-02-02,rail_lrt_kj,rail,63266
2022-02-03,rail_lrt_kj,rail,74221
2022-02-04,rail_lrt_kj,rail,93248
2022-02-05,rail_lrt_kj,rail,63713
2022-02-06,rail_lrt_kj,rail,55194
2022-02-07,rail_lrt_kj,rail,124610
2022-02-08,rail_lrt_kj,rail,124969
2022-02-09,rail_lrt_kj,rail,121477
2022-02-10,rail_lrt_kj,rail,118187
2022-02-11,rail_lrt_kj,rail,118590
2022-02-12,rail_lrt_kj,rail,68628
2022-02-13,rail_lrt_kj,rail,58540
2022-02-14,rail_lrt_kj,rail,117568
2022-02-15,rail_lrt_kj,rail,115961
2022-02-16,rail_lrt_kj,rail,115810
2022-02-17,rail_lrt_kj,rail,111937
2022-02-18,rail_lrt_kj,rail,111114
2022-02-19,rail_lrt_kj,rail,67440
2022-02-20,rail_lrt_kj,rail,54777
2022-02-21,rail_lrt_kj,rail,109198
2022-02-22,rail_lrt_kj,rail,110337
2022-02-23,rail_lrt_kj,rail,110634
2022-02-24,rail_lrt_kj,rail,106205
2022-02-25,rail_lrt_kj,rail,108539
2022-02-26,rail_lrt_kj,rail,69957
2022-02-27,rail_lrt_kj,rail,59557
2022-02-28,rail_lrt_kj,rail,110044
2022-03-01,rail_lrt_kj,rail,111374
2022-03-02,rail_lrt_kj,rail,112833
2022-03-03,rail_lrt_kj,rail,111200
2022-03-04,rail_lrt_kj,rail,110925
2022-03-05,rail_lrt_kj,rail,69349
2022-03-06,rail_lrt_kj,rail,64235
2022-03-07,rail_lrt_kj,rail,119234
2022-03-08,rail_lrt_kj,rail,116376
2022-03-09,rail_lrt_kj,rail,117385
2022-03-10,rail_lrt_kj,rail,115746
2022-03-11,rail_lrt_kj,rail,116836
2022-03-12,rail_lrt_kj,rail,73444
2022-03-13,rail_lrt_kj,rail,65658
2022-03-14,rail_lrt_kj,rail,114490
2022-03-15,rail_lrt_kj,rail,117249
2022-03-16,rail_lrt_kj,rail,118663
2022-03-17,rail_lrt_kj,rail,117285
2022-03-18,rail_lrt_kj,rail,119756
2022-03-19,rail_lrt_kj,rail,78543
2022-03-20,rail_lrt_kj,rail,65824
2022-03-21,rail_lrt_kj,rail,115708
2022-03-22,rail_lrt_kj,rail,118980
2022-03-23,rail_lrt_kj,rail,122409
2022-03-24,rail_lrt_kj,rail,122554
2022-03-25,rail_lrt_kj,rail,128740
2022-03-26,rail_lrt_kj,rail,88042
2022-03-27,rail_lrt_kj,rail,73897
2022-03-28,rail_lrt_kj,rail,122934
2022-03-29,rail_lrt_kj,rail,128467
2022-03-30,rail_lrt_kj,rail,133843
2022-03-31,rail_lrt_kj,rail,136642
2022-04-01,rail_lrt_kj,rail,146680
2022-04-02,rail_lrt_kj,rail,93015
2022-04-03,rail_lrt_kj,rail,55332
2022-04-04,rail_lrt_kj,rail,126512
2022-04-05,rail_lrt_kj,rail,132361
2022-04-06,rail_lrt_kj,rail,137164
2022-04-07,rail_lrt_kj,rail,137458
2022-04-08,rail_lrt_kj,rail,141574
2022-04-09,rail_lrt_kj,rail,75926
2022-04-10,rail_lrt_kj,rail,66454
2022-04-11,rail_lrt_kj,rail,138042
2022-04-12,rail_lrt_kj,rail,142081
2022-04-13,rail_lrt_kj,rail,145722
2022-04-14,rail_lrt_kj,rail,144658
2022-04-15,rail_lrt_kj,rail,149336
2022-04-16,rail_lrt_kj,rail,89478
2022-04-17,rail_lrt_kj,rail,73724
2022-04-18,rail_lrt_kj,rail,136265
2022-04-19,rail_lrt_kj,rail,77848
2022-04-20,rail_lrt_kj,rail,152385
2022-04-21,rail_lrt_kj,rail,154833
2022-04-22,rail_lrt_kj,rail,162330
2022-04-23,rail_lrt_kj,rail,113889
2022-04-24,rail_lrt_kj,rail,94331
2022-04-25,rail_lrt_kj,rail,162437
2022-04-26,rail_lrt_kj,rail,166623
2022-04-27,rail_lrt_kj,rail,168954
2022-04-28,rail_lrt_kj,rail,169249
2022-04-29,rail_lrt_kj,rail,167248
2022-04-30,rail_lrt_kj,rail,97826
2022-05-01,rail_lrt_kj,rail,88100
2022-05-02,rail_lrt_kj,rail,91386
2022-05-03,rail_lrt_kj,rail,106558
2022-05-04,rail_lrt_kj,rail,84030
2022-05-05,rail_lrt_kj,rail,109830
2022-05-06,rail_lrt_kj,rail,112954
2022-05-07,rail_lrt_kj,rail,85848
2022-05-08,rail_lrt_kj,rail,81006
2022-05-09,rail_lrt_kj,rail,154107
2022-05-10,rail_lrt_kj,rail,162942
2022-05-11,rail_lrt_kj,rail,168866
2022-05-12,rail_lrt_kj,rail,169588
2022-05-13,rail_lrt_kj,rail,178090
2022-05-14,rail_lrt_kj,rail,123882
2022-05-15,rail_lrt_kj,rail,111061
2022-05-16,rail_lrt_kj,rail,92095
2022-05-17,rail_lrt_kj,rail,173924
2022-05-18,rail_lrt_kj,rail,179596
2022-05-19,rail_lrt_kj,rail,179286
2022-05-20,rail_lrt_kj,rail,177055
2022-05-21,rail_lrt_kj,rail,112718
2022-05-22,rail_lrt_kj,rail,95912
2022-05-23,rail_lrt_kj,rail,171952
2022-05-24,rail_lrt_kj,rail,179714
2022-05-25,rail_lrt_kj,rail,182571
2022-05-26,rail_lrt_kj,rail,183744
2022-05-27,rail_lrt_kj,rail,188027
2022-05-28,rail_lrt_kj,rail,125357
2022-05-29,rail_lrt_kj,rail,101529
2022-05-30,rail_lrt_kj,rail,177696
2022-05-31,rail_lrt_kj,rail,186095
2022-06-01,rail_lrt_kj,rail,193943
2022-06-02,rail_lrt_kj,rail,190196
2022-06-03,rail_lrt_kj,rail,194596
2022-06-04,rail_lrt_kj,rail,126549
2022-06-05,rail_lrt_kj,rail,128614
2022-06-06,rail_lrt_kj,rail,113716
2022-06-07,rail_lrt_kj,rail,193520
2022-06-08,rail_lrt_kj,rail,207724
2022-06-09,rail_lrt_kj,rail,204177
2022-06-10,rail_lrt_kj,rail,199677
2022-06-11,rail_lrt_kj,rail,129486
2022-06-12,rail_lrt_kj,rail,101999
2022-06-13,rail_lrt_kj,rail,181545
2022-06-14,rail_lrt_kj,rail,193835
2022-06-15,rail_lrt_kj,rail,192143
2022-06-16,rail_lrt_kj,rail,195241
2022-06-17,rail_lrt_kj,rail,207611
2022-06-18,rail_lrt_kj,rail,143497
2022-06-19,rail_lrt_kj,rail,127028
2022-06-20,rail_lrt_kj,rail,198575
2022-06-21,rail_lrt_kj,rail,209439
2022-06-22,rail_lrt_kj,rail,213269
2022-06-23,rail_lrt_kj,rail,212473
2022-06-24,rail_lrt_kj,rail,216502
2022-06-25,rail_lrt_kj,rail,162279
2022-06-26,rail_lrt_kj,rail,140700
2022-06-27,rail_lrt_kj,rail,204633
2022-06-28,rail_lrt_kj,rail,211062
2022-06-29,rail_lrt_kj,rail,216743
2022-06-30,rail_lrt_kj,rail,215592
2022-07-01,rail_lrt_kj,rail,222001
2022-07-02,rail_lrt_kj,rail,165494
2022-07-03,rail_lrt_kj,rail,139231
2022-07-04,rail_lrt_kj,rail,205686
2022-07-05,rail_lrt_kj,rail,217152
2022-07-06,rail_lrt_kj,rail,221650
2022-07-07,rail_lrt_kj,rail,217903
2022-07-08,rail_lrt_kj,rail,208846
2022-07-09,rail_lrt_kj,rail,128805
2022-07-10,rail_lrt_kj,rail,129409
2022-07-11,rail_lrt_kj,rail,119503
2022-07-12,rail_lrt_kj,rail,210442
2022-07-13,rail_lrt_kj,rail,211022
2022-07-14,rail_lrt_kj,rail,213817
2022-07-15,rail_lrt_kj,rail,213174
2022-07-16,rail_lrt_kj,rail,116248
2022-07-17,rail_lrt_kj,rail,93781
2022-07-18,rail_lrt_kj,rail,181558
2022-07-19,rail_lrt_kj,rail,193037
2022-07-20,rail_lrt_kj,rail,197842
2022-07-21,rail_lrt_kj,rail,192678
2022-07-22,rail_lrt_kj,rail,187516
2022-07-23,rail_lrt_kj,rail,108353
2022-07-24,rail_lrt_kj,rail,88813
2022-07-25,rail_lrt_kj,rail,183219
2022-07-26,rail_lrt_kj,rail,197510
2022-07-27,rail_lrt_kj,rail,196302
2022-07-28,rail_lrt_kj,rail,191922
2022-07-29,rail_lrt_kj,rail,187346
2022-07-30,rail_lrt_kj,rail,119090
2022-07-31,rail_lrt_kj,rail,101614
2022-08-01,rail_lrt_kj,rail,186888
2022-08-02,rail_lrt_kj,rail,198902
2022-08-03,rail_lrt_kj,rail,202120
2022-08-04,rail_lrt_kj,rail,200429
2022-08-05,rail_lrt_kj,rail,197260
2022-08-06,rail_lrt_kj,rail,119981
2022-08-07,rail_lrt_kj,rail,101612
2022-08-08,rail_lrt_kj,rail,190783
2022-08-09,rail_lrt_kj,rail,204577
2022-08-10,rail_lrt_kj,rail,207871
2022-08-11,rail_lrt_kj,rail,202523
2022-08-12,rail_lrt_kj,rail,196478
2022-08-13,rail_lrt_kj,rail,115701
2022-08-14,rail_lrt_kj,rail,96053
2022-08-15,rail_lrt_kj,rail,190010
2022-08-16,rail_lrt_kj,rail,204832
2022-08-17,rail_lrt_kj,rail,207230
2022-08-18,rail_lrt_kj,rail,203418
2022-08-19,rail_lrt_kj,rail,198205
2022-08-20,rail_lrt_kj,rail,114357
2022-08-21,rail_lrt_kj,rail,97222
2022-08-22,rail_lrt_kj,rail,191757
2022-08-23,rail_lrt_kj,rail,207057
2022-08-24,rail_lrt_kj,rail,211256
2022-08-25,rail_lrt_kj,rail,205547
2022-08-26,rail_lrt_kj,rail,204589
2022-08-27,rail_lrt_kj,rail,120729
2022-08-28,rail_lrt_kj,rail,102529
2022-08-29,rail_lrt_kj,rail,199398
2022-08-30,rail_lrt_kj,rail,228041
2022-08-31,rail_lrt_kj,rail,184232
2022-09-01,rail_lrt_kj,rail,202727
2022-09-02,rail_lrt_kj,rail,200995
2022-09-03,rail_lrt_kj,rail,123338
2022-09-04,rail_lrt_kj,rail,111391
2022-09-05,rail_lrt_kj,rail,205600
2022-09-06,rail_lrt_kj,rail,221795
2022-09-07,rail_lrt_kj,rail,230551
2022-09-08,rail_lrt_kj,rail,226156
2022-09-09,rail_lrt_kj,rail,212490
2022-09-10,rail_lrt_kj,rail,137828
2022-09-11,rail_lrt_kj,rail,102184
2022-09-12,rail_lrt_kj,rail,203283
2022-09-13,rail_lrt_kj,rail,217410
2022-09-14,rail_lrt_kj,rail,220095
2022-09-15,rail_lrt_kj,rail,219467
2022-09-16,rail_lrt_kj,rail,122381
2022-09-17,rail_lrt_kj,rail,115563
2022-09-18,rail_lrt_kj,rail,94374
2022-09-19,rail_lrt_kj,rail,193719
2022-09-20,rail_lrt_kj,rail,212002
2022-09-21,rail_lrt_kj,rail,215809
2022-09-22,rail_lrt_kj,rail,209113
2022-09-23,rail_lrt_kj,rail,204794
2022-09-24,rail_lrt_kj,rail,122413
2022-09-25,rail_lrt_kj,rail,99624
2022-09-26,rail_lrt_kj,rail,188643
2022-09-27,rail_lrt_kj,rail,210920
2022-09-28,rail_lrt_kj,rail,215116
2022-09-29,rail_lrt_kj,rail,210350
2022-09-30,rail_lrt_kj,rail,205963
2022-10-01,rail_lrt_kj,rail,127192
2022-10-02,rail_lrt_kj,rail,109332
2022-10-03,rail_lrt_kj,rail,205792
2022-10-04,rail_lrt_kj,rail,221519
2022-10-05,rail_lrt_kj,rail,225715
2022-10-06,rail_lrt_kj,rail,221409
2022-10-07,rail_lrt_kj,rail,212753
2022-10-08,rail_lrt_kj,rail,133005
2022-10-09,rail_lrt_kj,rail,120017
2022-10-10,rail_lrt_kj,rail,102022
2022-10-11,rail_lrt_kj,rail,217648
2022-10-12,rail_lrt_kj,rail,221821
2022-10-13,rail_lrt_kj,rail,220431
2022-10-14,rail_lrt_kj,rail,214623
2022-10-15,rail_lrt_kj,rail,124157
2022-10-16,rail_lrt_kj,rail,106501
2022-10-17,rail_lrt_kj,rail,205096
2022-10-18,rail_lrt_kj,rail,219875
2022-10-19,rail_lrt_kj,rail,225231
2022-10-20,rail_lrt_kj,rail,221514
2022-10-21,rail_lrt_kj,rail,216630
2022-10-22,rail_lrt_kj,rail,135745
2022-10-23,rail_lrt_kj,rail,133166
2022-10-24,rail_lrt_kj,rail,110824
2022-10-25,rail_lrt_kj,rail,192263
2022-10-26,rail_lrt_kj,rail,200722
2022-10-27,rail_lrt_kj,rail,204578
2022-10-28,rail_lrt_kj,rail,200216
2022-10-29,rail_lrt_kj,rail,124113
2022-10-30,rail_lrt_kj,rail,100900
2022-10-31,rail_lrt_kj,rail,196177
2022-11-01,rail_lrt_kj,rail,213340
2022-11-02,rail_lrt_kj,rail,215830
2022-11-03,rail_lrt_kj,rail,212684
2022-11-04,rail_lrt_kj,rail,207194
2022-11-05,rail_lrt_kj,rail,118744
2022-11-06,rail_lrt_kj,rail,102587
2022-11-07,rail_lrt_kj,rail,186418
2022-11-08,rail_lrt_kj,rail,134319
2022-11-09,rail_lrt_kj,rail,46292
2022-11-10,rail_lrt_kj,rail,40717
2022-11-11,rail_lrt_kj,rail,39608
2022-11-12,rail_lrt_kj,rail,21820
2022-11-13,rail_lrt_kj,rail,18080
2022-11-14,rail_lrt_kj,rail,157358
2022-11-15,rail_lrt_kj,rail,197786
2022-11-16,rail_lrt_kj,rail,218582
2022-11-17,rail_lrt_kj,rail,209881
2022-11-18,rail_lrt_kj,rail,105703
2022-11-19,rail_lrt_kj,rail,89707
2022-11-20,rail_lrt_kj,rail,94362
2022-11-21,rail_lrt_kj,rail,173870
2022-11-22,rail_lrt_kj,rail,208018
2022-11-23,rail_lrt_kj,rail,215463
2022-11-24,rail_lrt_kj,rail,213730
2022-11-25,rail_lrt_kj,rail,208569
2022-11-26,rail_lrt_kj,rail,132412
2022-11-27,rail_lrt_kj,rail,113005
2022-11-28,rail_lrt_kj,rail,100718
2022-11-29,rail_lrt_kj,rail,177906
2022-11-30,rail_lrt_kj,rail,216826
2022-12-01,rail_lrt_kj,rail,219104
2022-12-02,rail_lrt_kj,rail,215439
2022-12-03,rail_lrt_kj,rail,147355
2022-12-04,rail_lrt_kj,rail,116524
2022-12-05,rail_lrt_kj,rail,206273
2022-12-06,rail_lrt_kj,rail,220625
2022-12-07,rail_lrt_kj,rail,221959
2022-12-08,rail_lrt_kj,rail,221779
2022-12-09,rail_lrt_kj,rail,216881
2022-12-10,rail_lrt_kj,rail,134952
2022-12-11,rail_lrt_kj,rail,119193
2022-12-12,rail_lrt_kj,rail,186561
2022-12-13,rail_lrt_kj,rail,220856
2022-12-14,rail_lrt_kj,rail,222619
2022-12-15,rail_lrt_kj,rail,221878
2022-12-16,rail_lrt_kj,rail,217175
2022-12-17,rail_lrt_kj,rail,173060
2022-12-18,rail_lrt_kj,rail,150667
2022-12-19,rail_lrt_kj,rail,200710
2022-12-20,rail_lrt_kj,rail,212073
2022-12-21,rail_lrt_kj,rail,216365
2022-12-22,rail_lrt_kj,rail,208509
2022-12-23,rail_lrt_kj,rail,205977
2022-12-24,rail_lrt_kj,rail,149332
2022-12-25,rail_lrt_kj,rail,147068
2022-12-26,rail_lrt_kj,rail,116910
2022-12-27,rail_lrt_kj,rail,188181
2022-12-28,rail_lrt_kj,rail,195445
2022-12-29,rail_lrt_kj,rail,192497
2022-12-30,rail_lrt_kj,rail,189596
2022-12-31,rail_lrt_kj,rail,165835
2023-01-01,rail_lrt_kj,rail,132223
2023-01-02,rail_lrt_kj,rail,99292
2023-01-03,rail_lrt_kj,rail,219836
2023-01-04,rail_lrt_kj,rail,223011
2023-01-05,rail_lrt_kj,rail,212051
2023-01-06,rail_lrt_kj,rail,212909
2023-01-07,rail_lrt_kj,rail,128515
2023-01-08,rail_lrt_kj,rail,102887
2023-01-09,rail_lrt_kj,rail,215462
2023-01-10,rail_lrt_kj,rail,231756
2023-01-11,rail_lrt_kj,rail,238110
2023-01-12,rail_lrt_kj,rail,235587
2023-01-13,rail_lrt_kj,rail,224938
2023-01-14,rail_lrt_kj,rail,129034
2023-01-15,rail_lrt_kj,rail,108926
2023-01-16,rail_lrt_kj,rail,216800
2023-01-17,rail_lrt_kj,rail,235205
2023-01-18,rail_lrt_kj,rail,236860
2023-01-19,rail_lrt_kj,rail,229248
2023-01-20,rail_lrt_kj,rail,196827
2023-01-21,rail_lrt_kj,rail,112134
2023-01-22,rail_lrt_kj,rail,127183
2023-01-23,rail_lrt_kj,rail,121796
2023-01-24,rail_lrt_kj,rail,96409
2023-01-25,rail_lrt_kj,rail,174525
2023-01-26,rail_lrt_kj,rail,181900
2023-01-27,rail_lrt_kj,rail,181851
2023-01-28,rail_lrt_kj,rail,116321
2023-01-29,rail_lrt_kj,rail,102989
2023-01-30,rail_lrt_kj,rail,200412
2023-01-31,rail_lrt_kj,rail,220187
2023-02-01,rail_lrt_kj,rail,132513
2023-02-02,rail_lrt_kj,rail,223621
2023-02-03,rail_lrt_kj,rail,221199
2023-02-04,rail_lrt_kj,rail,125235
2023-02-05,rail_lrt_kj,rail,113545
2023-02-06,rail_lrt_kj,rail,96772
2023-02-07,rail_lrt_kj,rail,226316
2023-02-08,rail_lrt_kj,rail,233640
2023-02-09,rail_lrt_kj,rail,231776
2023-02-10,rail_lrt_kj,rail,223607
2023-02-11,rail_lrt_kj,rail,130562
2023-02-12,rail_lrt_kj,rail,113915
2023-02-13,rail_lrt_kj,rail,224187
2023-02-14,rail_lrt_kj,rail,248887
2023-02-15,rail_lrt_kj,rail,242868
2023-02-16,rail_lrt_kj,rail,236958
2023-02-17,rail_lrt_kj,rail,226770
2023-02-18,rail_lrt_kj,rail,128846
2023-02-19,rail_lrt_kj,rail,110341
2023-02-20,rail_lrt_kj,rail,218594
2023-02-21,rail_lrt_kj,rail,233774
2023-02-22,rail_lrt_kj,rail,237250
2023-02-23,rail_lrt_kj,rail,232099
2023-02-24,rail_lrt_kj,rail,225257
2023-02-25,rail_lrt_kj,rail,141674
2023-02-26,rail_lrt_kj,rail,119406
2023-02-27,rail_lrt_kj,rail,216193
2023-02-28,rail_lrt_kj,rail,234425
2023-03-01,rail_lrt_kj,rail,245142
2023-03-02,rail_lrt_kj,rail,244336
2023-03-03,rail_lrt_kj,rail,233789
2023-03-04,rail_lrt_kj,rail,155536
2023-03-05,rail_lrt_kj,rail,133771
2023-03-06,rail_lrt_kj,rail,229775
2023-03-07,rail_lrt_kj,rail,249058
2023-03-08,rail_lrt_kj,rail,257188
2023-03-09,rail_lrt_kj,rail,248278
2023-03-10,rail_lrt_kj,rail,238785
2023-03-11,rail_lrt_kj,rail,144100
2023-03-12,rail_lrt_kj,rail,127304
2023-03-13,rail_lrt_kj,rail,229730
2023-03-14,rail_lrt_kj,rail,251005
2023-03-15,rail_lrt_kj,rail,255717
2023-03-16,rail_lrt_kj,rail,249727
2023-03-17,rail_lrt_kj,rail,237651
2023-03-18,rail_lrt_kj,rail,150929
2023-03-19,rail_lrt_kj,rail,129319
2023-03-20,rail_lrt_kj,rail,224568
2023-03-21,rail_lrt_kj,rail,245435
2023-03-22,rail_lrt_kj,rail,249230
2023-03-23,rail_lrt_kj,rail,217888
2023-03-24,rail_lrt_kj,rail,213186
2023-03-25,rail_lrt_kj,rail,111617
2023-03-26,rail_lrt_kj,rail,101461
2023-03-27,rail_lrt_kj,rail,210153
2023-03-28,rail_lrt_kj,rail,227302
2023-03-29,rail_lrt_kj,rail,229649
2023-03-30,rail_lrt_kj,rail,226105
2023-03-31,rail_lrt_kj,rail,221817
2023-04-01,rail_lrt_kj,rail,118086
2023-04-02,rail_lrt_kj,rail,107542
2023-04-03,rail_lrt_kj,rail,217793
2023-04-04,rail_lrt_kj,rail,233637
2023-04-05,rail_lrt_kj,rail,235454
2023-04-06,rail_lrt_kj,rail,233543
2023-04-07,rail_lrt_kj,rail,224667
2023-04-08,rail_lrt_kj,rail,137765
2023-04-09,rail_lrt_kj,rail,121577
2023-04-10,rail_lrt_kj,rail,223350
2023-04-11,rail_lrt_kj,rail,240064
2023-04-12,rail_lrt_kj,rail,241156
2023-04-13,rail_lrt_kj,rail,237110
2023-04-14,rail_lrt_kj,rail,232315
2023-04-15,rail_lrt_kj,rail,142299
2023-04-16,rail_lrt_kj,rail,118937
2023-04-17,rail_lrt_kj,rail,225110
2023-04-18,rail_lrt_kj,rail,239400
2023-04-19,rail_lrt_kj,rail,223392
2023-04-20,rail_lrt_kj,rail,182749
2023-04-21,rail_lrt_kj,rail,108068
2023-04-22,rail_lrt_kj,rail,143378
2023-04-23,rail_lrt_kj,rail,151754
2023-04-24,rail_lrt_kj,rail,105575
2023-04-25,rail_lrt_kj,rail,159110
2023-04-26,rail_lrt_kj,rail,178284
2023-04-27,rail_lrt_kj,rail,189643
2023-04-28,rail_lrt_kj,rail,189982
2023-04-29,rail_lrt_kj,rail,120367
2023-04-30,rail_lrt_kj,rail,117791
2023-05-01,rail_lrt_kj,rail,109753
2023-05-02,rail_lrt_kj,rail,223631
2023-05-03,rail_lrt_kj,rail,230754
2023-05-04,rail_lrt_kj,rail,116922
2023-05-05,rail_lrt_kj,rail,204238
2023-05-06,rail_lrt_kj,rail,125426
2023-05-07,rail_lrt_kj,rail,111288
2023-05-08,rail_lrt_kj,rail,218336
2023-05-09,rail_lrt_kj,rail,237094
2023-05-10,rail_lrt_kj,rail,237838
2023-05-11,rail_lrt_kj,rail,235515
2023-05-12,rail_lrt_kj,rail,228790
2023-05-13,rail_lrt_kj,rail,133087
2023-05-14,rail_lrt_kj,rail,113623
2023-05-15,rail_lrt_kj,rail,222055
2023-05-16,rail_lrt_kj,rail,235020
2023-05-17,rail_lrt_kj,rail,240904
2023-05-18,rail_lrt_kj,rail,231263
2023-05-19,rail_lrt_kj,rail,224887
2023-05-20,rail_lrt_kj,rail,140750
2023-05-21,rail_lrt_kj,rail,118419
2023-05-22,rail_lrt_kj,rail,214510
2023-05-23,rail_lrt_kj,rail,228305
2023-05-24,rail_lrt_kj,rail,231269
2023-05-25,rail_lrt_kj,rail,230250
2023-05-26,rail_lrt_kj,rail,224838
2023-05-27,rail_lrt_kj,rail,148598
2023-05-28,rail_lrt_kj,rail,130072
2023-05-29,rail_lrt_kj,rail,226965
2023-05-30,rail_lrt_kj,rail,242751
2023-05-31,rail_lrt_kj,rail,250260
2023-06-01,rail_lrt_kj,rail,249299
2023-06-02,rail_lrt_kj,rail,232407
2023-06-03,rail_lrt_kj,rail,157850
2023-06-04,rail_lrt_kj,rail,148583
2023-06-05,rail_lrt_kj,rail,115493
2023-06-06,rail_lrt_kj,rail,234435
2023-06-07,rail_lrt_kj,rail,241051
2023-06-08,rail_lrt_kj,rail,242224
2023-06-09,rail_lrt_kj,rail,231582
2023-06-10,rail_lrt_kj,rail,146083
2023-06-11,rail_lrt_kj,rail,124821
2023-06-12,rail_lrt_kj,rail,219201
2023-06-13,rail_lrt_kj,rail,237871
2023-06-14,rail_lrt_kj,rail,240286
2023-06-15,rail_lrt_kj,rail,235490
2023-06-16,rail_lrt_kj,rail,225714
2023-06-17,rail_lrt_kj,rail,135582
2023-06-18,rail_lrt_kj,rail,114613
2023-06-19,rail_lrt_kj,rail,220256
2023-06-20,rail_lrt_kj,rail,236741
2023-06-21,rail_lrt_kj,rail,238545
2023-06-22,rail_lrt_kj,rail,234815
2023-06-23,rail_lrt_kj,rail,225022
2023-06-24,rail_lrt_kj,rail,133626
2023-06-25,rail_lrt_kj,rail,114546
2023-06-26,rail_lrt_kj,rail,223349
2023-06-27,rail_lrt_kj,rail,243056
2023-06-28,rail_lrt_kj,rail,223054
2023-06-29,rail_lrt_kj,rail,134229
2023-06-30,rail_lrt_kj,rail,180964
2023-07-01,rail_lrt_kj,rail,122778
2023-07-02,rail_lrt_kj,rail,107603
2023-07-03,rail_lrt_kj,rail,220856
2023-07-04,rail_lrt_kj,rail,243157
2023-07-05,rail_lrt_kj,rail,249099
2023-07-06,rail_lrt_kj,rail,246739
2023-07-07,rail_lrt_kj,rail,239307
2023-07-08,rail_lrt_kj,rail,145983
2023-07-09,rail_lrt_kj,rail,125290
2023-07-10,rail_lrt_kj,rail,233699
2023-07-11,rail_lrt_kj,rail,252151
2023-07-12,rail_lrt_kj,rail,254575
2023-07-13,rail_lrt_kj,rail,250390
2023-07-14,rail_lrt_kj,rail,238584
2023-07-15,rail_lrt_kj,rail,152884
2023-07-16,rail_lrt_kj,rail,121497
2023-07-17,rail_lrt_kj,rail,231488
2023-07-18,rail_lrt_kj,rail,250644
2023-07-19,rail_lrt_kj,rail,121792
2023-07-20,rail_lrt_kj,rail,240312
2023-07-21,rail_lrt_kj,rail,229539
2023-07-22,rail_lrt_kj,rail,129784
2023-07-23,rail_lrt_kj,rail,108945
2023-07-24,rail_lrt_kj,rail,227971
2023-07-25,rail_lrt_kj,rail,245899
2023-07-26,rail_lrt_kj,rail,250042
2023-07-27,rail_lrt_kj,rail,246229
2023-07-28,rail_lrt_kj,rail,242525
2023-07-29,rail_lrt_kj,rail,149707
2023-07-30,rail_lrt_kj,rail,121221
2023-07-31,rail_lrt_kj,rail,229047
2023-08-01,rail_lrt_kj,rail,246663
2023-08-02,rail_lrt_kj,rail,249761
2023-08-03,rail_lrt_kj,rail,242369
2023-08-04,rail_lrt_kj,rail,236546
2023-08-05,rail_lrt_kj,rail,145065
2023-08-06,rail_lrt_kj,rail,125688
2023-08-07,rail_lrt_kj,rail,230452
2023-08-08,rail_lrt_kj,rail,248630
2023-08-09,rail_lrt_kj,rail,253454
2023-08-10,rail_lrt_kj,rail,248750
2023-08-11,rail_lrt_kj,rail,228997
2023-08-12,rail_lrt_kj,rail,122176
2023-08-13,rail_lrt_kj,rail,118576
2023-08-14,rail_lrt_kj,rail,202927
2023-08-15,rail_lrt_kj,rail,252887
2023-08-16,rail_lrt_kj,rail,254367
2023-08-17,rail_lrt_kj,rail,249124
2023-08-18,rail_lrt_kj,rail,237307
2023-08-19,rail_lrt_kj,rail,143345
2023-08-20,rail_lrt_kj,rail,120247
2023-08-21,rail_lrt_kj,rail,229676
2023-08-22,rail_lrt_kj,rail,246448
2023-08-23,rail_lrt_kj,rail,252884
2023-08-24,rail_lrt_kj,rail,246224
2023-08-25,rail_lrt_kj,rail,242579
2023-08-26,rail_lrt_kj,rail,146511
2023-08-27,rail_lrt_kj,rail,127873
2023-08-28,rail_lrt_kj,rail,231908
2023-08-29,rail_lrt_kj,rail,256027
2023-08-30,rail_lrt_kj,rail,280470
2023-08-31,rail_lrt_kj,rail,165805
2023-09-01,rail_lrt_kj,rail,210958
2023-09-02,rail_lrt_kj,rail,135639
2023-09-03,rail_lrt_kj,rail,115149
2023-09-04,rail_lrt_kj,rail,228323
2023-09-05,rail_lrt_kj,rail,250816
2023-09-06,rail_lrt_kj,rail,256737
2023-09-07,rail_lrt_kj,rail,251881
2023-09-08,rail_lrt_kj,rail,242112
2023-09-09,rail_lrt_kj,rail,149557
2023-09-10,rail_lrt_kj,rail,130885
2023-09-11,rail_lrt_kj,rail,237034
2023-09-12,rail_lrt_kj,rail,253835
2023-09-13,rail_lrt_kj,rail,259750
2023-09-14,rail_lrt_kj,rail,255083
2023-09-15,rail_lrt_kj,rail,241988
2023-09-16,rail_lrt_kj,rail,171404
2023-09-17,rail_lrt_kj,rail,120994
2023-09-18,rail_lrt_kj,rail,235237
2023-09-19,rail_lrt_kj,rail,257218
2023-09-20,rail_lrt_kj,rail,260235
2023-09-21,rail_lrt_kj,rail,254011
2023-09-22,rail_lrt_kj,rail,243528
2023-09-23,rail_lrt_kj,rail,138337
2023-09-24,rail_lrt_kj,rail,117086
2023-09-25,rail_lrt_kj,rail,238390
2023-09-26,rail_lrt_kj,rail,255331
2023-09-27,rail_lrt_kj,rail,262935
2023-09-28,rail_lrt_kj,rail,135230
2023-09-29,rail_lrt_kj,rail,229233
2023-09-30,rail_lrt_kj,rail,163281
2023-10-01,rail_lrt_kj,rail,130356
2023-10-02,rail_lrt_kj,rail,236388
2023-10-03,rail_lrt_kj,rail,256508
2023-10-04,rail_lrt_kj,rail,260010
2023-10-05,rail_lrt_kj,rail,256480
2023-10-06,rail_lrt_kj,rail,249901
2023-10-07,rail_lrt_kj,rail,149888
2023-10-08,rail_lrt_kj,rail,131443
2023-10-09,rail_lrt_kj,rail,238280
2023-10-10,rail_lrt_kj,rail,257111
2023-10-11,rail_lrt_kj,rail,259229
2023-10-12,rail_lrt_kj,rail,255148
2023-10-13,rail_lrt_kj,rail,254238
2023-10-14,rail_lrt_kj,rail,147492
2023-10-15,rail_lrt_kj,rail,125136
2023-10-16,rail_lrt_kj,rail,242090
2023-10-17,rail_lrt_kj,rail,257936
2023-10-18,rail_lrt_kj,rail,263026
2023-10-19,rail_lrt_kj,rail,260680
2023-10-20,rail_lrt_kj,rail,254227
2023-10-21,rail_lrt_kj,rail,146632
2023-10-22,rail_lrt_kj,rail,133302
2023-10-23,rail_lrt_kj,rail,241915
2023-10-24,rail_lrt_kj,rail,259416
2023-10-25,rail_lrt_kj,rail,262082
2023-10-26,rail_lrt_kj,rail,257185
2023-10-27,rail_lrt_kj,rail,250659
2023-10-28,rail_lrt_kj,rail,168030
2023-10-29,rail_lrt_kj,rail,129694
2023-10-30,rail_lrt_kj,rail,236468
2023-10-31,rail_lrt_kj,rail,253988
2023-11-01,rail_lrt_kj,rail,260585
2023-11-02,rail_lrt_kj,rail,254647
2023-11-03,rail_lrt_kj,rail,248645
2023-11-04,rail_lrt_kj,rail,150292
2023-11-05,rail_lrt_kj,rail,129068
2023-11-06,rail_lrt_kj,rail,241351
2023-11-07,rail_lrt_kj,rail,261146
2023-11-08,rail_lrt_kj,rail,265948
2023-11-09,rail_lrt_kj,rail,260325
2023-11-10,rail_lrt_kj,rail,250724
2023-11-11,rail_lrt_kj,rail,162248
2023-11-12,rail_lrt_kj,rail,165194
2023-11-13,rail_lrt_kj,rail,134013
2023-11-14,rail_lrt_kj,rail,232587
2023-11-15,rail_lrt_kj,rail,249036
2023-11-16,rail_lrt_kj,rail,247627
2023-11-17,rail_lrt_kj,rail,238037
2023-11-18,rail_lrt_kj,rail,145501
2023-11-19,rail_lrt_kj,rail,123975
2023-11-20,rail_lrt_kj,rail,241405
2023-11-21,rail_lrt_kj,rail,260150
2023-11-22,rail_lrt_kj,rail,272525
2023-11-23,rail_lrt_kj,rail,263220
2023-11-24,rail_lrt_kj,rail,260425
2023-11-25,rail_lrt_kj,rail,156854
2023-11-26,rail_lrt_kj,rail,133373
2023-11-27,rail_lrt_kj,rail,244234
2023-11-28,rail_lrt_kj,rail,259900
2023-11-29,rail_lrt_kj,rail,263619
2023-11-30,rail_lrt_kj,rail,253598
2023-12-01,rail_lrt_kj,rail,248375
2023-12-02,rail_lrt_kj,rail,156112
2023-12-03,rail_lrt_kj,rail,134888
2023-12-04,rail_lrt_kj,rail,240874
2023-12-05,rail_lrt_kj,rail,251648
2023-12-06,rail_lrt_kj,rail,260962
2023-12-07,rail_lrt_kj,rail,257507
2023-12-08,rail_lrt_kj,rail,263425
2023-12-09,rail_lrt_kj,rail,160538
2023-12-10,rail_lrt_kj,rail,146307
2023-12-11,rail_lrt_kj,rail,215770
2023-12-12,rail_lrt_kj,rail,250993
2023-12-13,rail_lrt_kj,rail,252973
2023-12-14,rail_lrt_kj,rail,243813
2023-12-15,rail_lrt_kj,rail,238620
2023-12-16,rail_lrt_kj,rail,149150
2023-12-17,rail_lrt_kj,rail,136255
2023-12-18,rail_lrt_kj,rail,231376
2023-12-19,rail_lrt_kj,rail,243310
2023-12-20,rail_lrt_kj,rail,243860
2023-12-21,rail_lrt_kj,rail,235833
2023-12-22,rail_lrt_kj,rail,224242
2023-12-23,rail_lrt_kj,rail,179219
2023-12-24,rail_lrt_kj,rail,184568
2023-12-25,rail_lrt_kj,rail,144255
2023-12-26,rail_lrt_kj,rail,203335
2023-12-27,rail_lrt_kj,rail,215793
2023-12-28,rail_lrt_kj,rail,211994
2023-12-29,rail_lrt_kj,rail,207230
2023-12-30,rail_lrt_kj,rail,145818
2023-12-31,rail_lrt_kj,rail,200627
2024-01-01,rail_lrt_kj,rail,130595
2024-01-02,rail_lrt_kj,rail,237751
2024-01-03,rail_lrt_kj,rail,246491
2024-01-04,rail_lrt_kj,rail,243042
2024-01-05,rail_lrt_kj,rail,237731
2024-01-06,rail_lrt_kj,rail,132972
2024-01-07,rail_lrt_kj,rail,110222
2024-01-08,rail_lrt_kj,rail,239274
2024-01-09,rail_lrt_kj,rail,253414
2024-01-10,rail_lrt_kj,rail,256824
2024-01-11,rail_lrt_kj,rail,252494
2024-01-12,rail_lrt_kj,rail,250510
2024-01-13,rail_lrt_kj,rail,145906
2024-01-14,rail_lrt_kj,rail,122902
2024-01-15,rail_lrt_kj,rail,241545
2024-01-16,rail_lrt_kj,rail,258528
2024-01-17,rail_lrt_kj,rail,261518
2024-01-18,rail_lrt_kj,rail,256519
2024-01-19,rail_lrt_kj,rail,250623
2024-01-20,rail_lrt_kj,rail,143735
2024-01-21,rail_lrt_kj,rail,122746
2024-01-22,rail_lrt_kj,rail,249564
2024-01-23,rail_lrt_kj,rail,271194
2024-01-24,rail_lrt_kj,rail,274327
2024-01-25,rail_lrt_kj,rail,131578
2024-01-26,rail_lrt_kj,rail,231260
2024-01-27,rail_lrt_kj,rail,138859
2024-01-28,rail_lrt_kj,rail,119092
2024-01-29,rail_lrt_kj,rail,248727
2024-01-30,rail_lrt_kj,rail,263233
2024-01-31,rail_lrt_kj,rail,268155
2024-02-01,rail_lrt_kj,rail,155342
2024-02-02,rail_lrt_kj,rail,243097
2024-02-03,rail_lrt_kj,rail,156792
2024-02-04,rail_lrt_kj,rail,130682
2024-02-05,rail_lrt_kj,rail,254947
2024-02-06,rail_lrt_kj,rail,269133
2024-02-07,rail_lrt_kj,rail,270568
2024-02-08,rail_lrt_kj,rail,242448
2024-02-09,rail_lrt_kj,rail,196128
2024-02-10,rail_lrt_kj,rail,169787
2024-02-11,rail_lrt_kj,rail,165241
2024-02-12,rail_lrt_kj,rail,130448
2024-02-13,rail_lrt_kj,rail,207234
2024-02-14,rail_lrt_kj,rail,228180
2024-02-15,rail_lrt_kj,rail,230530
2024-02-16,rail_lrt_kj,rail,221662
2024-02-17,rail_lrt_kj,rail,132749
2024-02-18,rail_lrt_kj,rail,119540
2024-02-19,rail_lrt_kj,rail,253215
2024-02-20,rail_lrt_kj,rail,269049
2024-02-21,rail_lrt_kj,rail,275475
2024-02-22,rail_lrt_kj,rail,269488
2024-02-23,rail_lrt_kj,rail,256988
2024-02-24,rail_lrt_kj,rail,159240
2024-02-25,rail_lrt_kj,rail,140301
2024-02-26,rail_lrt_kj,rail,258185
2024-02-27,rail_lrt_kj,rail,274435
2024-02-28,rail_lrt_kj,rail,279314
2024-02-29,rail_lrt_kj,rail,276409
2024-03-01,rail_lrt_kj,rail,268053
2024-03-02,rail_lrt_kj,rail,171995
2024-03-03,rail_lrt_kj,rail,152048
2024-03-04,rail_lrt_kj,rail,265134
2024-03-05,rail_lrt_kj,rail,282178
2024-03-06,rail_lrt_kj,rail,289291
2024-03-07,rail_lrt_kj,rail,285010
2024-03-08,rail_lrt_kj,rail,276187
2024-03-09,rail_lrt_kj,rail,171162
2024-03-10,rail_lrt_kj,rail,151129
2024-03-11,rail_lrt_kj,rail,269096
2024-03-12,rail_lrt_kj,rail,262745
2024-03-13,rail_lrt_kj,rail,270672
2024-03-14,rail_lrt_kj,rail,269152
2024-03-15,rail_lrt_kj,rail,254316
2024-03-16,rail_lrt_kj,rail,132485
2024-03-17,rail_lrt_kj,rail,114307
2024-03-18,rail_lrt_kj,rail,257175
2024-03-19,rail_lrt_kj,rail,270490
2024-03-20,rail_lrt_kj,rail,270583
2024-03-21,rail_lrt_kj,rail,268426
2024-03-22,rail_lrt_kj,rail,260941
2024-03-23,rail_lrt_kj,rail,144677
2024-03-24,rail_lrt_kj,rail,122018
2024-03-25,rail_lrt_kj,rail,258471
2024-03-26,rail_lrt_kj,rail,272008
2024-03-27,rail_lrt_kj,rail,278863
2024-03-28,rail_lrt_kj,rail,138478
2024-03-29,rail_lrt_kj,rail,241375
2024-03-30,rail_lrt_kj,rail,145586
2024-03-31,rail_lrt_kj,rail,123186
2024-04-01,rail_lrt_kj,rail,258673
2024-04-02,rail_lrt_kj,rail,272919
2024-04-03,rail_lrt_kj,rail,277684
2024-04-04,rail_lrt_kj,rail,270034
2024-04-05,rail_lrt_kj,rail,263195
2024-04-06,rail_lrt_kj,rail,142798
2024-04-07,rail_lrt_kj,rail,127142
2024-04-08,rail_lrt_kj,rail,203412
2024-04-09,rail_lrt_kj,rail,188202
2024-04-10,rail_lrt_kj,rail,180266
2024-04-11,rail_lrt_kj,rail,165380
2024-04-12,rail_lrt_kj,rail,170704
2024-04-13,rail_lrt_kj,rail,122924
2024-04-14,rail_lrt_kj,rail,116722
2024-04-15,rail_lrt_kj,rail,227652
2024-04-16,rail_lrt_kj,rail,248474
2024-04-17,rail_lrt_kj,rail,260804
2024-04-18,rail_lrt_kj,rail,260304
2024-04-19,rail_lrt_kj,rail,254263
2024-04-20,rail_lrt_kj,rail,145335
2024-04-21,rail_lrt_kj,rail,124892
2024-04-22,rail_lrt_kj,rail,256725
2024-04-23,rail_lrt_kj,rail,272842
2024-04-24,rail_lrt_kj,rail,274518
2024-04-25,rail_lrt_kj,rail,270387
2024-04-26,rail_lrt_kj,rail,262936
2024-04-27,rail_lrt_kj,rail,156561
2024-04-28,rail_lrt_kj,rail,133240
2024-04-29,rail_lrt_kj,rail,260006
2024-04-30,rail_lrt_kj,rail,276262
2024-05-01,rail_lrt_kj,rail,142909
2024-05-02,rail_lrt_kj,rail,274442
2024-05-03,rail_lrt_kj,rail,266068
2024-05-04,rail_lrt_kj,rail,162346
2024-05-05,rail_lrt_kj,rail,138060
2024-05-06,rail_lrt_kj,rail,262910
2024-05-07,rail_lrt_kj,rail,283428
2024-05-08,rail_lrt_kj,rail,288099
2024-05-09,rail_lrt_kj,rail,277288
2024-05-10,rail_lrt_kj,rail,271257
2024-05-11,rail_lrt_kj,rail,153531
2024-05-12,rail_lrt_kj,rail,139061
2024-05-13,rail_lrt_kj,rail,263810
2024-05-14,rail_lrt_kj,rail,277017
2024-05-15,rail_lrt_kj,rail,277887
2024-05-16,rail_lrt_kj,rail,275188
2024-05-17,rail_lrt_kj,rail,267692
2024-05-18,rail_lrt_kj,rail,153988
2024-05-19,rail_lrt_kj,rail,133420
2024-05-20,rail_lrt_kj,rail,258466
2024-05-21,rail_lrt_kj,rail,276190
2024-05-22,rail_lrt_kj,rail,137209
2024-05-23,rail_lrt_kj,rail,259669
2024-05-24,rail_lrt_kj,rail,264581
2024-05-25,rail_lrt_kj,rail,173761
2024-05-26,rail_lrt_kj,rail,150886
2024-05-27,rail_lrt_kj,rail,261486
2024-05-28,rail_lrt_kj,rail,279863
2024-05-29,rail_lrt_kj,rail,286982
2024-05-30,rail_lrt_kj,rail,281624
2024-05-31,rail_lrt_kj,rail,267879
2024-06-01,rail_lrt_kj,rail,175552
2024-06-02,rail_lrt_kj,rail,159489
2024-06-03,rail_lrt_kj,rail,127811
2024-06-04,rail_lrt_kj,rail,269312
2024-06-05,rail_lrt_kj,rail,271351
2024-06-06,rail_lrt_kj,rail,265179
2024-06-07,rail_lrt_kj,rail,260313
2024-06-08,rail_lrt_kj,rail,158833
2024-06-09,rail_lrt_kj,rail,144354
2024-06-10,rail_lrt_kj,rail,262844
2024-06-11,rail_lrt_kj,rail,278563
2024-06-12,rail_lrt_kj,rail,277640
2024-06-13,rail_lrt_kj,rail,273266
2024-06-14,rail_lrt_kj,rail,256356
2024-06-15,rail_lrt_kj,rail,144886
2024-06-16,rail_lrt_kj,rail,133785
2024-06-17,rail_lrt_kj,rail,138594
2024-06-18,rail_lrt_kj,rail,244971
2024-06-19,rail_lrt_kj,rail,264955
2024-06-20,rail_lrt_kj,rail,265578
2024-06-21,rail_lrt_kj,rail,257011
2024-06-22,rail_lrt_kj,rail,150885
2024-06-23,rail_lrt_kj,rail,130408
2024-06-24,rail_lrt_kj,rail,256702
2024-06-25,rail_lrt_kj,rail,273199
2024-06-26,rail_lrt_kj,rail,275959
2024-06-27,rail_lrt_kj,rail,270789
2024-06-28,rail_lrt_kj,rail,265508
2024-06-29,rail_lrt_kj,rail,164337
2024-06-30,rail_lrt_kj,rail,137399
2024-07-01,rail_lrt_kj,rail,268960
2024-07-02,rail_lrt_kj,rail,282862
2024-07-03,rail_lrt_kj,rail,289412
2024-07-04,rail_lrt_kj,rail,286994
2024-07-05,rail_lrt_kj,rail,282608
2024-07-06,rail_lrt_kj,rail,172441
2024-07-07,rail_lrt_kj,rail,157584
2024-07-08,rail_lrt_kj,rail,134575
2024-07-09,rail_lrt_kj,rail,280219
2024-07-10,rail_lrt_kj,rail,289561
2024-07-11,rail_lrt_kj,rail,286550
2024-07-12,rail_lrt_kj,rail,272404
2024-07-13,rail_lrt_kj,rail,168997
2024-07-14,rail_lrt_kj,rail,145532
2024-07-15,rail_lrt_kj,rail,267546
2024-07-16,rail_lrt_kj,rail,284143
2024-07-17,rail_lrt_kj,rail,287944
2024-07-18,rail_lrt_kj,rail,280222
2024-07-19,rail_lrt_kj,rail,276902
2024-07-20,rail_lrt_kj,rail,171208
2024-07-21,rail_lrt_kj,rail,136580
2024-07-22,rail_lrt_kj,rail,269822
2024-07-23,rail_lrt_kj,rail,282154
2024-07-24,rail_lrt_kj,rail,283903
2024-07-25,rail_lrt_kj,rail,281000
2024-07-26,rail_lrt_kj,rail,275418
2024-07-27,rail_lrt_kj,rail,165456
2024-07-28,rail_lrt_kj,rail,140308
2024-07-29,rail_lrt_kj,rail,267116
2024-07-30,rail_lrt_kj,rail,283005
2024-07-31,rail_lrt_kj,rail,288374
2024-08-01,rail_lrt_kj,rail,283299
2024-08-02,rail_lrt_kj,rail,275437
2024-08-03,rail_lrt_kj,rail,163524
2024-08-04,rail_lrt_kj,rail,139641
2024-08-05,rail_lrt_kj,rail,271244
2024-08-06,rail_lrt_kj,rail,288986
2024-08-07,rail_lrt_kj,rail,293819
2024-08-08,rail_lrt_kj,rail,291644
2024-08-09,rail_lrt_kj,rail,280580
2024-08-10,rail_lrt_kj,rail,172413
2024-08-11,rail_lrt_kj,rail,138005
2024-08-12,rail_lrt_kj,rail,278485
2024-08-13,rail_lrt_kj,rail,288121
2024-08-14,rail_lrt_kj,rail,289782
2024-08-15,rail_lrt_kj,rail,284800
2024-08-16,rail_lrt_kj,rail,275293
2024-08-17,rail_lrt_kj,rail,161007
2024-08-18,rail_lrt_kj,rail,140575
2024-08-19,rail_lrt_kj,rail,270365
2024-08-20,rail_lrt_kj,rail,285503
2024-08-21,rail_lrt_kj,rail,289959
2024-08-22,rail_lrt_kj,rail,283952
2024-08-23,rail_lrt_kj,rail,276761
2024-08-24,rail_lrt_kj,rail,170855
2024-08-25,rail_lrt_kj,rail,140539
2024-08-26,rail_lrt_kj,rail,267069
2024-08-27,rail_lrt_kj,rail,284023
2024-08-28,rail_lrt_kj,rail,284092
2024-08-29,rail_lrt_kj,rail,276108
2024-08-30,rail_lrt_kj,rail,275060
2024-08-31,rail_lrt_kj,rail,175854
2024-09-01,rail_lrt_kj,rail,131669
2024-09-02,rail_lrt_kj,rail,243045
2024-09-03,rail_lrt_kj,rail,264268
2024-09-04,rail_lrt_kj,rail,286793
2024-09-05,rail_lrt_kj,rail,281002
2024-09-06,rail_lrt_kj,rail,269408
2024-09-07,rail_lrt_kj,rail,164817
2024-09-08,rail_lrt_kj,rail,142798
2024-09-09,rail_lrt_kj,rail,271762
2024-09-10,rail_lrt_kj,rail,284576
2024-09-11,rail_lrt_kj,rail,286563
2024-09-12,rail_lrt_kj,rail,276742
2024-09-13,rail_lrt_kj,rail,268945
2024-09-14,rail_lrt_kj,rail,190399
2024-09-15,rail_lrt_kj,rail,164844
2024-09-16,rail_lrt_kj,rail,153319
2024-09-17,rail_lrt_kj,rail,157083
2024-09-18,rail_lrt_kj,rail,276713
2024-09-19,rail_lrt_kj,rail,281772
2024-09-20,rail_lrt_kj,rail,271812
2024-09-21,rail_lrt_kj,rail,153013
2024-09-22,rail_lrt_kj,rail,127708
2024-09-23,rail_lrt_kj,rail,264470
2024-09-24,rail_lrt_kj,rail,281314
2024-09-25,rail_lrt_kj,rail,285648
2024-09-26,rail_lrt_kj,rail,285567
2024-09-27,rail_lrt_kj,rail,273673
2024-09-28,rail_lrt_kj,rail,158885
2024-09-29,rail_lrt_kj,rail,136454
2024-09-30,rail_lrt_kj,rail,265341
2024-10-01,rail_lrt_kj,rail,289395
2024-10-02,rail_lrt_kj,rail,288946
2024-10-03,rail_lrt_kj,rail,298050
2024-10-04,rail_lrt_kj,rail,287214
2024-10-05,rail_lrt_kj,rail,180639
2024-10-06,rail_lrt_kj,rail,155697
2024-10-07,rail_lrt_kj,rail,272631
2024-10-08,rail_lrt_kj,rail,288687
2024-10-09,rail_lrt_kj,rail,289876
2024-10-10,rail_lrt_kj,rail,289309
2024-10-11,rail_lrt_kj,rail,285020
2024-10-12,rail_lrt_kj,rail,171213
2024-10-13,rail_lrt_kj,rail,150112
2024-10-14,rail_lrt_kj,rail,274238
2024-10-15,rail_lrt_kj,rail,288521
2024-10-16,rail_lrt_kj,rail,298753
2024-10-17,rail_lrt_kj,rail,293310
2024-10-18,rail_lrt_kj,rail,284900
2024-10-19,rail_lrt_kj,rail,163206
2024-10-20,rail_lrt_kj,rail,144502
2024-10-21,rail_lrt_kj,rail,271104
2024-10-22,rail_lrt_kj,rail,288022
2024-10-23,rail_lrt_kj,rail,291410
2024-10-24,rail_lrt_kj,rail,285948
2024-10-25,rail_lrt_kj,rail,278886
2024-10-26,rail_lrt_kj,rail,174377
2024-10-27,rail_lrt_kj,rail,145518
2024-10-28,rail_lrt_kj,rail,265115
2024-10-29,rail_lrt_kj,rail,282005
2024-10-30,rail_lrt_kj,rail,279543
2024-10-31,rail_lrt_kj,rail,168734
2024-11-01,rail_lrt_kj,rail,230842
2024-11-02,rail_lrt_kj,rail,155180
2024-11-03,rail_lrt_kj,rail,136212
2024-11-04,rail_lrt_kj,rail,264791
2024-11-05,rail_lrt_kj,rail,283946
2024-11-06,rail_lrt_kj,rail,289907
2024-11-07,rail_lrt_kj,rail,287998
2024-11-08,rail_lrt_kj,rail,283954
2024-11-09,rail_lrt_kj,rail,172061
2024-11-10,rail_lrt_kj,rail,145455
2024-11-11,rail_lrt_kj,rail,279646
2024-11-12,rail_lrt_kj,rail,290445
2024-11-13,rail_lrt_kj,rail,293691
2024-11-14,rail_lrt_kj,rail,288957
2024-11-15,rail_lrt_kj,rail,282571
2024-11-16,rail_lrt_kj,rail,164315
2024-11-17,rail_lrt_kj,rail,146476
2024-11-18,rail_lrt_kj,rail,279269
2024-11-19,rail_lrt_kj,rail,298090
2024-11-20,rail_lrt_kj,rail,300438
2024-11-21,rail_lrt_kj,rail,298928
2024-11-22,rail_lrt_kj,rail,296832
2024-11-23,rail_lrt_kj,rail,181410
2024-11-24,rail_lrt_kj,rail,154147
2024-11-25,rail_lrt_kj,rail,278506
2024-11-26,rail_lrt_kj,rail,292895
2024-11-27,rail_lrt_kj,rail,295633
2024-11-28,rail_lrt_kj,rail,295202
2024-11-29,rail_lrt_kj,rail,289005
2024-11-30,rail_lrt_kj,rail,180474
2024-12-01,rail_lrt_kj,rail,156978
2024-12-02,rail_lrt_kj,rail,276065
2024-12-03,rail_lrt_kj,rail,292450
2024-12-04,rail_lrt_kj,rail,294813
2024-12-05,rail_lrt_kj,rail,290093
2024-12-06,rail_lrt_kj,rail,287192
2024-12-07,rail_lrt_kj,rail,185877
2024-12-08,rail_lrt_kj,rail,157139
2024-12-09,rail_lrt_kj,rail,277074
2024-12-10,rail_lrt_kj,rail,297640
2024-12-11,rail_lrt_kj,rail,272453
2024-12-12,rail_lrt_kj,rail,289402
2024-12-13,rail_lrt_kj,rail,274310
2024-12-14,rail_lrt_kj,rail,175027
2024-12-15,rail_lrt_kj,rail,151379
2024-12-16,rail_lrt_kj,rail,269285
2024-12-17,rail_lrt_kj,rail,284270
2024-12-18,rail_lrt_kj,rail,289104
2024-12-19,rail_lrt_kj,rail,279528
2024-12-20,rail_lrt_kj,rail,280343
2024-12-21,rail_lrt_kj,rail,208087
2024-12-22,rail_lrt_kj,rail,193753
2024-12-23,rail_lrt_kj,rail,260918
2024-12-24,rail_lrt_kj,rail,270090
2024-12-25,rail_lrt_kj,rail,181419
2024-12-26,rail_lrt_kj,rail,241158
2024-12-27,rail_lrt_kj,rail,231765
2024-12-28,rail_lrt_kj,rail,157602
2024-12-29,rail_lrt_kj,rail,136026
2024-12-30,rail_lrt_kj,rail,233831
2024-12-31,rail_lrt_kj,rail,345814
2025-01-01,rail_lrt_kj,rail,162360
2025-01-02,rail_lrt_kj,rail,254590
2025-01-03,rail_lrt_kj,rail,249606
2025-01-04,rail_lrt_kj,rail,141258
2025-01-05,rail_lrt_kj,rail,126861
2025-01-06,rail_lrt_kj,rail,275308
2025-01-07,rail_lrt_kj,rail,288926
2025-01-08,rail_lrt_kj,rail,295394
2025-01-09,rail_lrt_kj,rail,289617
2025-01-10,rail_lrt_kj,rail,280623
2025-01-11,rail_lrt_kj,rail,165687
2025-01-12,rail_lrt_kj,rail,145138
2025-01-13,rail_lrt_kj,rail,279036
2025-01-14,rail_lrt_kj,rail,288133
2025-01-15,rail_lrt_kj,rail,292122
2025-01-16,rail_lrt_kj,rail,287989
2025-01-17,rail_lrt_kj,rail,283497
2025-01-18,rail_lrt_kj,rail,163172
2025-01-19,rail_lrt_kj,rail,144509
2025-01-20,rail_lrt_kj,rail,284103
2025-01-21,rail_lrt_kj,rail,296880
2025-01-22,rail_lrt_kj,rail,299737
2025-01-23,rail_lrt_kj,rail,294254
2025-01-24,rail_lrt_kj,rail,281200
2025-01-25,rail_lrt_kj,rail,165741
2025-01-26,rail_lrt_kj,rail,144681
2025-01-27,rail_lrt_kj,rail,246992
2025-01-28,rail_lrt_kj,rail,234046
2025-01-29,rail_lrt_kj,rail,195245
2025-01-30,rail_lrt_kj,rail,157908
2025-01-31,rail_lrt_kj,rail,184831
2025-02-01,rail_lrt_kj,rail,138597
2025-02-02,rail_lrt_kj,rail,129272
2025-02-03,rail_lrt_kj,rail,257597
2025-02-04,rail_lrt_kj,rail,281843
2025-02-05,rail_lrt_kj,rail,285795
2025-02-06,rail_lrt_kj,rail,285767
2025-02-07,rail_lrt_kj,rail,283409
2025-02-08,rail_lrt_kj,rail,187399
2025-02-09,rail_lrt_kj,rail,160726
2025-02-10,rail_lrt_kj,rail,281405
2025-02-11,rail_lrt_kj,rail,152504
2025-02-12,rail_lrt_kj,rail,307971
2025-02-13,rail_lrt_kj,rail,303574
2025-02-14,rail_lrt_kj,rail,298646
2025-02-15,rail_lrt_kj,rail,166202
2025-02-16,rail_lrt_kj,rail,142267
2025-02-17,rail_lrt_kj,rail,282648
2025-02-18,rail_lrt_kj,rail,303539
2025-02-19,rail_lrt_kj,rail,307313
2025-02-20,rail_lrt_kj,rail,301726
2025-02-21,rail_lrt_kj,rail,289580
2025-02-22,rail_lrt_kj,rail,170373
2025-02-23,rail_lrt_kj,rail,149424
2025-02-24,rail_lrt_kj,rail,287593
2025-02-25,rail_lrt_kj,rail,303996
2025-02-26,rail_lrt_kj,rail,307859
2025-02-27,rail_lrt_kj,rail,303152
2025-02-28,rail_lrt_kj,rail,299468
2025-03-01,rail_lrt_kj,rail,162128
2025-03-02,rail_lrt_kj,rail,116641
2025-03-03,rail_lrt_kj,rail,274757
2025-03-04,rail_lrt_kj,rail,293917
2025-03-05,rail_lrt_kj,rail,298071
2025-03-06,rail_lrt_kj,rail,294019
2025-03-07,rail_lrt_kj,rail,286686
2025-03-08,rail_lrt_kj,rail,146987
2025-03-09,rail_lrt_kj,rail,130383
2025-03-10,rail_lrt_kj,rail,284597
2025-03-11,rail_lrt_kj,rail,299687
2025-03-12,rail_lrt_kj,rail,302111
2025-03-13,rail_lrt_kj,rail,296453
2025-03-14,rail_lrt_kj,rail,288565
2025-03-15,rail_lrt_kj,rail,159203
2025-03-16,rail_lrt_kj,rail,131738
2025-03-17,rail_lrt_kj,rail,266872
2025-03-18,rail_lrt_kj,rail,142580
2025-03-19,rail_lrt_kj,rail,298777
2025-03-20,rail_lrt_kj,rail,296807
2025-03-21,rail_lrt_kj,rail,290029
2025-03-22,rail_lrt_kj,rail,158468
2025-03-23,rail_lrt_kj,rail,128594
2025-03-24,rail_lrt_kj,rail,283211
2025-03-25,rail_lrt_kj,rail,294321
2025-03-26,rail_lrt_kj,rail,295631
2025-03-27,rail_lrt_kj,rail,277986
2025-03-28,rail_lrt_kj,rail,252770
2025-03-29,rail_lrt_kj,rail,134753
2025-03-30,rail_lrt_kj,rail,127149
2025-03-31,rail_lrt_kj,rail,160592
2025-04-01,rail_lrt_kj,rail,144421
2025-04-02,rail_lrt_kj,rail,196889
2025-04-03,rail_lrt_kj,rail,206907
2025-04-04,rail_lrt_kj,rail,207683
2025-04-05,rail_lrt_kj,rail,138499
2025-04-06,rail_lrt_kj,rail,133382
2025-04-07,rail_lrt_kj,rail,272277
2025-04-08,rail_lrt_kj,rail,292750
2025-04-09,rail_lrt_kj,rail,293341
2025-04-10,rail_lrt_kj,rail,292542
2025-04-11,rail_lrt_kj,rail,284975
2025-04-12,rail_lrt_kj,rail,164455
2025-04-13,rail_lrt_kj,rail,146700
2025-04-14,rail_lrt_kj,rail,283577
2025-04-15,rail_lrt_kj,rail,305162
2025-04-16,rail_lrt_kj,rail,312761
2025-04-17,rail_lrt_kj,rail,301862
2025-04-18,rail_lrt_kj,rail,292847
2025-04-19,rail_lrt_kj,rail,175667
2025-04-20,rail_lrt_kj,rail,150513
2025-04-21,rail_lrt_kj,rail,285916
2025-04-22,rail_lrt_kj,rail,300380
2025-04-23,rail_lrt_kj,rail,298208
2025-04-24,rail_lrt_kj,rail,297763
2025-04-25,rail_lrt_kj,rail,292278
2025-04-26,rail_lrt_kj,rail,176135
2025-04-27,rail_lrt_kj,rail,144898
2025-04-28,rail_lrt_kj,rail,282024
2025-04-29,rail_lrt_kj,rail,299046
2025-04-30,rail_lrt_kj,rail,311493
2025-05-01,rail_lrt_kj,rail,158125
2025-05-02,rail_lrt_kj,rail,265022
2025-05-03,rail_lrt_kj,rail,167036
2025-05-04,rail_lrt_kj,rail,139676
2025-05-05,rail_lrt_kj,rail,283720
2025-05-06,rail_lrt_kj,rail,300131
2025-05-07,rail_lrt_kj,rail,302816
2025-05-08,rail_lrt_kj,rail,296488
2025-05-09,rail_lrt_kj,rail,289431
2025-05-10,rail_lrt_kj,rail,173349
2025-05-11,rail_lrt_kj,rail,160752
2025-05-12,rail_lrt_kj,rail,140568
2025-05-13,rail_lrt_kj,rail,291787
2025-05-14,rail_lrt_kj,rail,298657
2025-05-15,rail_lrt_kj,rail,294290
2025-05-16,rail_lrt_kj,rail,281246
2025-05-17,rail_lrt_kj,rail,156281
2025-05-18,rail_lrt_kj,rail,134966
2025-05-19,rail_lrt_kj,rail,277903
2025-05-20,rail_lrt_kj,rail,297661
2025-05-21,rail_lrt_kj,rail,303713
2025-05-22,rail_lrt_kj,rail,296006
2025-05-23,rail_lrt_kj,rail,289691
2025-05-24,rail_lrt_kj,rail,188541
2025-05-25,rail_lrt_kj,rail,150989
2025-05-26,rail_lrt_kj,rail,252576
2025-05-27,rail_lrt_kj,rail,262720
2025-05-28,rail_lrt_kj,rail,282321
2025-05-29,rail_lrt_kj,rail,304006
2025-05-30,rail_lrt_kj,rail,302365
2025-05-31,rail_lrt_kj,rail,188242
2025-06-01,rail_lrt_kj,rail,179404
2025-06-02,rail_lrt_kj,rail,144498
2025-06-03,rail_lrt_kj,rail,288984
2025-06-04,rail_lrt_kj,rail,296449
2025-06-05,rail_lrt_kj,rail,285038
2025-06-06,rail_lrt_kj,rail,240260
2025-06-07,rail_lrt_kj,rail,150741
2025-06-08,rail_lrt_kj,rail,145130
2025-06-09,rail_lrt_kj,rail,237301
2025-06-10,rail_lrt_kj,rail,287171
2025-06-11,rail_lrt_kj,rail,296277
2025-06-12,rail_lrt_kj,rail,289320
2025-06-13,rail_lrt_kj,rail,277369
2025-06-14,rail_lrt_kj,rail,160299
2025-06-15,rail_lrt_kj,rail,139076
2025-06-16,rail_lrt_kj,rail,277473
2025-06-17,rail_lrt_kj,rail,294656
2025-06-18,rail_lrt_kj,rail,296544
2025-06-19,rail_lrt_kj,rail,289771
2025-06-20,rail_lrt_kj,rail,277965
2025-06-21,rail_lrt_kj,rail,160517
2025-06-22,rail_lrt_kj,rail,141265
2025-06-23,rail_lrt_kj,rail,281495
2025-06-24,rail_lrt_kj,rail,296082
2025-06-25,rail_lrt_kj,rail,300362
2025-06-26,rail_lrt_kj,rail,297387
2025-06-27,rail_lrt_kj,rail,150529
2025-06-28,rail_lrt_kj,rail,162083
2025-06-29,rail_lrt_kj,rail,138694
2025-06-30,rail_lrt_kj,rail,273845
2025-07-01,rail_lrt_kj,rail,298681
2025-07-02,rail_lrt_kj,rail,302036
2025-07-03,rail_lrt_kj,rail,298877
2025-07-04,rail_lrt_kj,rail,291332
2025-07-05,rail_lrt_kj,rail,171882
2025-07-06,rail_lrt_kj,rail,147216
2025-07-07,rail_lrt_kj,rail,292336
2025-07-08,rail_lrt_kj,rail,308817
2025-07-09,rail_lrt_kj,rail,311399
2025-07-10,rail_lrt_kj,rail,306566
2025-07-11,rail_lrt_kj,rail,296461
2025-07-12,rail_lrt_kj,rail,179416
2025-07-13,rail_lrt_kj,rail,153544
2025-07-14,rail_lrt_kj,rail,293231
2025-07-15,rail_lrt_kj,rail,311634
2025-07-16,rail_lrt_kj,rail,313542
2025-07-17,rail_lrt_kj,rail,304802
2025-07-18,rail_lrt_kj,rail,297190
2025-07-19,rail_lrt_kj,rail,169018
2025-07-20,rail_lrt_kj,rail,143599
2025-07-21,rail_lrt_kj,rail,289758
2025-07-22,rail_lrt_kj,rail,302002
2025-07-23,rail_lrt_kj,rail,311409
2025-07-24,rail_lrt_kj,rail,309036
2025-07-25,rail_lrt_kj,rail,303201
2025-07-26,rail_lrt_kj,rail,185963
2025-07-27,rail_lrt_kj,rail,146739
2025-07-28,rail_lrt_kj,rail,287166
2025-07-29,rail_lrt_kj,rail,300777
2025-07-30,rail_lrt_kj,rail,307186
2025-07-31,rail_lrt_kj,rail,301414
2025-08-01,rail_lrt_kj,rail,295086
2025-08-02,rail_lrt_kj,rail,174831
2025-08-03,rail_lrt_kj,rail,149570
2025-08-04,rail_lrt_kj,rail,291599
2025-08-05,rail_lrt_kj,rail,313375
2025-08-06,rail_lrt_kj,rail,315200
2025-08-07,rail_lrt_kj,rail,311523
2025-08-08,rail_lrt_kj,rail,304869
2025-08-09,rail_lrt_kj,rail,183453
2025-08-10,rail_lrt_kj,rail,156323
2025-08-11,rail_lrt_kj,rail,298124
2025-08-12,rail_lrt_kj,rail,313864
2025-08-13,rail_lrt_kj,rail,317711
2025-08-14,rail_lrt_kj,rail,310138
2025-08-15,rail_lrt_kj,rail,302575
2025-08-16,rail_lrt_kj,rail,179423
2025-08-17,rail_lrt_kj,rail,149871
2025-08-18,rail_lrt_kj,rail,294249
2025-08-19,rail_lrt_kj,rail,310787
2025-08-20,rail_lrt_kj,rail,314664
2025-08-21,rail_lrt_kj,rail,305933
2025-08-22,rail_lrt_kj,rail,298371
2025-08-23,rail_lrt_kj,rail,173210
2025-08-24,rail_lrt_kj,rail,148618
2025-08-25,rail_lrt_kj,rail,291967
2025-08-26,rail_lrt_kj,rail,303887
2025-08-27,rail_lrt_kj,rail,307534
2025-08-28,rail_lrt_kj,rail,301116
2025-08-29,rail_lrt_kj,rail,294741
2025-08-30,rail_lrt_kj,rail,206196
2025-08-31,rail_lrt_kj,rail,177127
2025-09-01,rail_lrt_kj,rail,136334
2025-09-02,rail_lrt_kj,rail,292560
2025-09-03,rail_lrt_kj,rail,298834
2025-09-04,rail_lrt_kj,rail,301093
2025-09-05,rail_lrt_kj,rail,157325
2025-09-06,rail_lrt_kj,rail,154070
2025-09-07,rail_lrt_kj,rail,135055
2025-09-08,rail_lrt_kj,rail,286375
2025-09-09,rail_lrt_kj,rail,304164
2025-09-10,rail_lrt_kj,rail,307969
2025-09-11,rail_lrt_kj,rail,301812
2025-09-12,rail_lrt_kj,rail,289356
2025-09-13,rail_lrt_kj,rail,169814
2025-09-14,rail_lrt_kj,rail,160941
2025-09-15,rail_lrt_kj,rail,162054
2025-09-16,rail_lrt_kj,rail,144887
2025-09-17,rail_lrt_kj,rail,294225
2025-09-18,rail_lrt_kj,rail,296587
2025-09-19,rail_lrt_kj,rail,283308
2025-09-20,rail_lrt_kj,rail,174407
2025-09-21,rail_lrt_kj,rail,128084
2025-09-22,rail_lrt_kj,rail,284721
2025-09-23,rail_lrt_kj,rail,302287
2025-09-24,rail_lrt_kj,rail,305537
2025-09-25,rail_lrt_kj,rail,302035
2025-09-26,rail_lrt_kj,rail,291930
2025-09-27,rail_lrt_kj,rail,159919
2025-09-28,rail_lrt_kj,rail,138535
2025-09-29,rail_lrt_kj,rail,280914
2025-09-30,rail_lrt_kj,rail,298226
2025-10-01,rail_lrt_kj,rail,304843
2025-10-02,rail_lrt_kj,rail,307655
2025-10-03,rail_lrt_kj,rail,305441
2025-10-04,rail_lrt_kj,rail,189878
2025-10-05,rail_lrt_kj,rail,157004
2025-10-06,rail_lrt_kj,rail,287228
2025-10-07,rail_lrt_kj,rail,307158
2025-10-08,rail_lrt_kj,rail,312054
2025-10-09,rail_lrt_kj,rail,283659
2025-10-10,rail_lrt_kj,rail,298490
2025-10-11,rail_lrt_kj,rail,163444
2025-10-12,rail_lrt_kj,rail,140958
2025-10-13,rail_lrt_kj,rail,286253
2025-10-14,rail_lrt_kj,rail,300359
2025-10-15,rail_lrt_kj,rail,305230
2025-10-16,rail_lrt_kj,rail,303578
2025-10-17,rail_lrt_kj,rail,291550
2025-10-18,rail_lrt_kj,rail,168833
2025-10-19,rail_lrt_kj,rail,164476
2025-10-20,rail_lrt_kj,rail,146421
2025-10-21,rail_lrt_kj,rail,266553
2025-10-22,rail_lrt_kj,rail,276730
2025-10-23,rail_lrt_kj,rail,262787
2025-10-24,rail_lrt_kj,rail,261888
2025-10-25,rail_lrt_kj,rail,170045
2025-10-26,rail_lrt_kj,rail,136719
2025-10-27,rail_lrt_kj,rail,239243
2025-10-28,rail_lrt_kj,rail,236369
2025-10-29,rail_lrt_kj,rail,289345
2025-10-30,rail_lrt_kj,rail,290912
2025-10-31,rail_lrt_kj,rail,284278
2025-11-01,rail_lrt_kj,rail,154781
2025-11-02,rail_lrt_kj,rail,136254
2025-11-03,rail_lrt_kj,rail,278521
2025-11-04,rail_lrt_kj,rail,295258
2025-11-05,rail_lrt_kj,rail,298805
2025-11-06,rail_lrt_kj,rail,296322
2025-11-07,rail_lrt_kj,rail,294897
2025-11-08,rail_lrt_kj,rail,169519
2025-11-09,rail_lrt_kj,rail,148245
2025-11-10,rail_lrt_kj,rail,287878
2025-11-11,rail_lrt_kj,rail,303860
2025-11-12,rail_lrt_kj,rail,305798
2025-11-13,rail_lrt_kj,rail,301191
2025-11-14,rail_lrt_kj,rail,287888
2025-11-15,rail_lrt_kj,rail,158219
2025-11-16,rail_lrt_kj,rail,138767
2025-11-17,rail_lrt_kj,rail,285281
2025-11-18,rail_lrt_kj,rail,304358
2025-11-19,rail_lrt_kj,rail,306864
2025-11-20,rail_lrt_kj,rail,305150
2025-11-21,rail_lrt_kj,rail,289970
2025-11-22,rail_lrt_kj,rail,170266
2025-11-23,rail_lrt_kj,rail,137012
2025-11-24,rail_lrt_kj,rail,274797
2025-11-25,rail_lrt_kj,rail,298820
2025-11-26,rail_lrt_kj,rail,304163
2025-11-27,rail_lrt_kj,rail,298208
2025-11-28,rail_lrt_kj,rail,285900
2025-11-29,rail_lrt_kj,rail,153736
2025-11-30,rail_lrt_kj,rail,146774
2025-12-01,rail_lrt_kj,rail,282082
2025-12-02,rail_lrt_kj,rail,299993
2025-12-03,rail_lrt_kj,rail,302784
2025-12-04,rail_lrt_kj,rail,303915
2025-12-05,rail_lrt_kj,rail,296353
2025-12-06,rail_lrt_kj,rail,180079
2025-12-07,rail_lrt_kj,rail,158667
2025-12-08,rail_lrt_kj,rail,286654
2025-12-09,rail_lrt_kj,rail,299306
2025-12-10,rail_lrt_kj,rail,298990
2025-12-11,rail_lrt_kj,rail,269508
2025-12-12,rail_lrt_kj,rail,280457
2025-12-13,rail_lrt_kj,rail,166788
2025-12-14,rail_lrt_kj,rail,149541
2025-12-15,rail_lrt_kj,rail,276479
2025-12-16,rail_lrt_kj,rail,291261
2025-12-17,rail_lrt_kj,rail,295080
2025-12-18,rail_lrt_kj,rail,286773
2025-12-19,rail_lrt_kj,rail,282420
2025-12-20,rail_lrt_kj,rail,204741
2025-12-21,rail_lrt_kj,rail,183081
2025-12-22,rail_lrt_kj,rail,273006
2025-12-23,rail_lrt_kj,rail,283584
2025-12-24,rail_lrt_kj,rail,274488
2025-12-25,rail_lrt_kj,rail,168597
2025-12-26,rail_lrt_kj,rail,226978
2025-12-27,rail_lrt_kj,rail,162920
2025-12-28,rail_lrt_kj,rail,145583
2025-12-29,rail_lrt_kj,rail,245179
2025-12-30,rail_lrt_kj,rail,256322
2025-12-31,rail_lrt_kj,rail,352504
2026-01-01,rail_lrt_kj,rail,161688
2026-01-02,rail_lrt_kj,rail,235297
2026-01-03,rail_lrt_kj,rail,152521
2026-01-04,rail_lrt_kj,rail,132916
2026-01-05,rail_lrt_kj,rail,279419
2026-01-06,rail_lrt_kj,rail,294823
2026-01-07,rail_lrt_kj,rail,298259
2026-01-08,rail_lrt_kj,rail,285438
2026-01-09,rail_lrt_kj,rail,280527
2026-01-10,rail_lrt_kj,rail,165861
2026-01-11,rail_lrt_kj,rail,137491
2026-01-12,rail_lrt_kj,rail,275575
2026-01-13,rail_lrt_kj,rail,298584
2026-01-14,rail_lrt_kj,rail,302906
2026-01-15,rail_lrt_kj,rail,295452
2026-01-16,rail_lrt_kj,rail,295765
2026-01-17,rail_lrt_kj,rail,161099
2026-01-18,rail_lrt_kj,rail,137702
2026-01-19,rail_lrt_kj,rail,287024
2026-01-20,rail_lrt_kj,rail,302463
2026-01-21,rail_lrt_kj,rail,304015
2026-01-22,rail_lrt_kj,rail,298645
2026-01-23,rail_lrt_kj,rail,294054
2026-01-24,rail_lrt_kj,rail,166819
2026-01-25,rail_lrt_kj,rail,143652
2026-01-26,rail_lrt_kj,rail,291908
2026-01-27,rail_lrt_kj,rail,306454
2026-01-28,rail_lrt_kj,rail,309467
2026-01-29,rail_lrt_kj,rail,302126
2026-01-30,rail_lrt_kj,rail,314850
2026-01-31,rail_lrt_kj,rail,180334
2026-02-01,rail_lrt_kj,rail,165108
2026-02-02,rail_lrt_kj,rail,135791
2026-02-03,rail_lrt_kj,rail,193077
2026-02-04,rail_lrt_kj,rail,309542
2026-02-05,rail_lrt_kj,rail,316413
2026-02-06,rail_lrt_kj,rail,312541
2026-02-07,rail_lrt_kj,rail,207888
2026-02-08,rail_lrt_kj,rail,165201
2026-02-09,rail_lrt_kj,rail,311403
2026-02-10,rail_lrt_kj,rail,327697
2026-02-11,rail_lrt_kj,rail,333824
2026-02-12,rail_lrt_kj,rail,328329
2026-02-13,rail_lrt_kj,rail,319944
2026-02-14,rail_lrt_kj,rail,183621
2026-02-15,rail_lrt_kj,rail,155516
2026-02-16,rail_lrt_kj,rail,224251
2026-02-17,rail_lrt_kj,rail,154079
2026-02-18,rail_lrt_kj,rail,134228
2026-02-19,rail_lrt_kj,rail,171520
2026-02-20,rail_lrt_kj,rail,195576
2026-02-21,rail_lrt_kj,rail,116269
2026-02-22,rail_lrt_kj,rail,106642
2026-02-23,rail_lrt_kj,rail,276622
2026-02-24,rail_lrt_kj,rail,285306
2026-02-25,rail_lrt_kj,rail,287072
2026-02-26,rail_lrt_kj,rail,292723
2026-02-27,rail_lrt_kj,rail,290534
2026-02-28,rail_lrt_kj,rail,154471
2026-03-01,rail_lrt_kj,rail,131818
2026-03-02,rail_lrt_kj,rail,291286
2026-03-03,rail_lrt_kj,rail,309740
2026-03-04,rail_lrt_kj,rail,309155
2026-03-05,rail_lrt_kj,rail,308765
2026-03-06,rail_lrt_kj,rail,296625
2026-03-07,rail_lrt_kj,rail,164171
2026-03-08,rail_lrt_kj,rail,143301
2026-03-09,rail_lrt_kj,rail,294350
2026-03-10,rail_lrt_kj,rail,312884
2026-03-11,rail_lrt_kj,rail,309289
2026-03-12,rail_lrt_kj,rail,308627
2026-03-13,rail_lrt_kj,rail,302413
2026-03-14,rail_lrt_kj,rail,167669
2026-03-15,rail_lrt_kj,rail,140218
2026-03-16,rail_lrt_kj,rail,294130
2026-03-17,rail_lrt_kj,rail,308715
2026-03-18,rail_lrt_kj,rail,288078
2026-03-19,rail_lrt_kj,rail,227081
2026-03-20,rail_lrt_kj,rail,131199
2026-03-21,rail_lrt_kj,rail,162761
2026-03-22,rail_lrt_kj,rail,158888
2026-03-23,rail_lrt_kj,rail,128104
2026-03-24,rail_lrt_kj,rail,209868
2026-03-25,rail_lrt_kj,rail,235299
2026-03-26,rail_lrt_kj,rail,254863
2026-03-27,rail_lrt_kj,rail,246407
2026-03-28,rail_lrt_kj,rail,141581
2026-03-29,rail_lrt_kj,rail,127411
2026-03-30,rail_lrt_kj,rail,279218
2026-03-31,rail_lrt_kj,rail,298449
2026-04-01,rail_lrt_kj,rail,302823
2026-04-02,rail_lrt_kj,rail,302271
2026-04-03,rail_lrt_kj,rail,288810
2026-04-04,rail_lrt_kj,rail,167693
2026-04-05,rail_lrt_kj,rail,145203
2026-04-06,rail_lrt_kj,rail,286797
2026-04-07,rail_lrt_kj,rail,306199
2026-04-08,rail_lrt_kj,rail,311175
2026-04-09,rail_lrt_kj,rail,305164
2026-04-10,rail_lrt_kj,rail,292432
2026-04-11,rail_lrt_kj,rail,172208
2026-04-12,rail_lrt_kj,rail,147272
2026-04-13,rail_lrt_kj,rail,285737
2026-04-14,rail_lrt_kj,rail,300523
2026-04-15,rail_lrt_kj,rail,306612
2026-04-16,rail_lrt_kj,rail,300583
2026-04-17,rail_lrt_kj,rail,295194
2026-04-18,rail_lrt_kj,rail,170272
2026-04-19,rail_lrt_kj,rail,144585
2026-04-20,rail_lrt_kj,rail,288508
2026-04-21,rail_lrt_kj,rail,296824
2026-04-22,rail_lrt_kj,rail,302934
2026-04-23,rail_lrt_kj,rail,295595
2026-04-24,rail_lrt_kj,rail,288651
2026-04-25,rail_lrt_kj,rail,170074
2026-04-26,rail_lrt_kj,rail,148849
2026-04-27,rail_lrt_kj,rail,279768
2026-04-28,rail_lrt_kj,rail,292606
2026-04-29,rail_lrt_kj,rail,298700
2026-04-30,rail_lrt_kj,rail,300004
2026-05-01,rail_lrt_kj,rail,170806
2026-05-02,rail_lrt_kj,rail,173015
2026-05-03,rail_lrt_kj,rail,140432
2026-05-04,rail_lrt_kj,rail,279731
2026-05-05,rail_lrt_kj,rail,295490
2026-05-06,rail_lrt_kj,rail,303879
2026-05-07,rail_lrt_kj,rail,296363
2026-05-08,rail_lrt_kj,rail,289591
2026-05-09,rail_lrt_kj,rail,168924
2026-05-10,rail_lrt_kj,rail,143239
2026-05-11,rail_lrt_kj,rail,288039
2026-05-12,rail_lrt_kj,rail,293438
2026-05-13,rail_lrt_kj,rail,299415
2026-05-14,rail_lrt_kj,rail,295683
2026-05-15,rail_lrt_kj,rail,286969
2026-05-16,rail_lrt_kj,rail,167420
2026-05-17,rail_lrt_kj,rail,141010
2026-05-18,rail_lrt_kj,rail,271840
2026-05-19,rail_lrt_kj,rail,292515
2026-05-20,rail_lrt_kj,rail,299467
2026-05-21,rail_lrt_kj,rail,293022
2026-05-22,rail_lrt_kj,rail,290595
2026-05-23,rail_lrt_kj,rail,165963
2026-05-24,rail_lrt_kj,rail,147838
2026-05-25,rail_lrt_kj,rail,276333
2026-05-26,rail_lrt_kj,rail,269088
2026-05-27,rail_lrt_kj,rail,145074
2026-05-28,rail_lrt_kj,rail,225877
2026-05-29,rail_lrt_kj,rail,223907
2026-05-30,rail_lrt_kj,rail,151539
2026-05-31,rail_lrt_kj,rail,157005
2026-06-01,rail_lrt_kj,rail,150228
2026-06-02,rail_lrt_kj,rail,141926
2026-06-03,rail_lrt_kj,rail,285033
2026-06-04,rail_lrt_kj,rail,286380
2026-06-05,rail_lrt_kj,rail,279070
2026-06-06,rail_lrt_kj,rail,167486
2026-06-07,rail_lrt_kj,rail,142310
2026-06-08,rail_lrt_kj,rail,279924
2026-06-09,rail_lrt_kj,rail,295329
2026-06-10,rail_lrt_kj,rail,298731
2026-06-11,rail_lrt_kj,rail,288278
2026-06-12,rail_lrt_kj,rail,281993
2026-06-13,rail_lrt_kj,rail,155872
2026-06-14,rail_lrt_kj,rail,132519
2026-06-15,rail_lrt_kj,rail,287428
2026-06-16,rail_lrt_kj,rail,301014
2026-06-17,rail_lrt_kj,rail,133648
2026-06-18,rail_lrt_kj,rail,287907
2026-06-19,rail_lrt_kj,rail,280417
2026-06-20,rail_lrt_kj,rail,152610
2026-06-21,rail_lrt_kj,rail,131613
2026-06-22,rail_lrt_kj,rail,278938
2026-06-23,rail_lrt_kj,rail,292537
2026-06-24,rail_lrt_kj,rail,293308
2026-06-25,rail_lrt_kj,rail,290474
2026-06-26,rail_lrt_kj,rail,283903
2026-06-27,rail_lrt_kj,rail,165203
2026-06-28,rail_lrt_kj,rail,138538
2026-06-29,rail_lrt_kj,rail,287647
2026-06-30,rail_lrt_kj,rail,302634
2026-07-01,rail_lrt_kj,rail,305240
2026-07-02,rail_lrt_kj,rail,301881
2026-07-03,rail_lrt_kj,rail,299469
2026-07-04,rail_lrt_kj,rail,177660
2026-07-05,rail_lrt_kj,rail,149045
2026-07-06,rail_lrt_kj,rail,294051
2026-07-07,rail_lrt_kj,rail,305151
2026-07-08,rail_lrt_kj,rail,309815
2026-07-09,rail_lrt_kj,rail,305502
2026-07-10,rail_lrt_kj,rail,293595
2026-07-11,rail_lrt_kj,rail,174042
2026-07-12,rail_lrt_kj,rail,155448
2026-07-13,rail_lrt_kj,rail,289799
2026-07-14,rail_lrt_kj,rail,304347
2026-07-15,rail_lrt_kj,rail,307727
2026-07-16,rail_lrt_kj,rail,301518
2026-07-17,rail_lrt_kj,rail,297320
2026-07-18,rail_lrt_kj,rail,163573
2026-07-19,rail_lrt_kj,rail,144716
2026-07-20,rail_lrt_kj,rail,282732
2026-07-21,rail_lrt_kj,rail,304427
2026-07-22,rail_lrt_kj,rail,305139
2026-07-23,rail_lrt_kj,rail,301836
2026-07-24,rail_lrt_kj,rail,300096
2026-07-25,rail_lrt_kj,rail,181076
2026-07-26,rail_lrt_kj,rail,152416
2026-07-27,rail_lrt_kj,rail,289607
2026-07-28,rail_lrt_kj,rail,304102
2026-07-29,rail_lrt_kj,rail,310848
2026-07-30,rail_lrt_kj,rail,306763
2026-07-31,rail_lrt_kj,rail,302283
2026-04-01,rail_lrt_shah_alam,rail,0
2026-04-02,rail_lrt_shah_alam,rail,0
2026-04-03,rail_lrt_shah_alam,rail,0
2026-04-04,rail_lrt_shah_alam,rail,0
2026-04-05,rail_lrt_shah_alam,rail,0
2026-04-06,rail_lrt_shah_alam,rail,0
2026-04-07,rail_lrt_shah_alam,rail,0
2026-04-08,rail_lrt_shah_alam,rail,0
2026-04-09,rail_lrt_shah_alam,rail,0
2026-04-10,rail_lrt_shah_alam,rail,0
2026-04-11,rail_lrt_shah_alam,rail,0
2026-04-12,rail_lrt_shah_alam,rail,0
2026-04-13,rail_lrt_shah_alam,rail,0
2026-04-14,rail_lrt_shah_alam,rail,0
2026-04-15,rail_lrt_shah_alam,rail,0
2026-04-16,rail_lrt_shah_alam,rail,0
2026-04-17,rail_lrt_shah_alam,rail,0
2026-04-18,rail_lrt_shah_alam,rail,0
2026-04-19,rail_lrt_shah_alam,rail,0
2026-04-20,rail_lrt_shah_alam,rail,0
2026-04-21,rail_lrt_shah_alam,rail,0
2026-04-22,rail_lrt_shah_alam,rail,0
2026-04-23,rail_lrt_shah_alam,rail,0
2026-04-24,rail_lrt_shah_alam,rail,0
2026-04-25,rail_lrt_shah_alam,rail,0
2026-04-26,rail_lrt_shah_alam,rail,0
2026-04-27,rail_lrt_shah_alam,rail,0
2026-04-28,rail_lrt_shah_alam,rail,0
2026-04-29,rail_lrt_shah_alam,rail,0
2026-04-30,rail_lrt_shah_alam,rail,0
2026-06-29,rail_lrt_shah_alam,rail,58865
2026-06-30,rail_lrt_shah_alam,rail,54710
2026-07-01,rail_lrt_shah_alam,rail,55584
2026-07-02,rail_lrt_shah_alam,rail,54984
2026-07-03,rail_lrt_shah_alam,rail,62679
2026-07-04,rail_lrt_shah_alam,rail,110341
2026-07-05,rail_lrt_shah_alam,rail,103877
2026-07-06,rail_lrt_shah_alam,rail,52369
2026-07-07,rail_lrt_shah_alam,rail,52460
2026-07-08,rail_lrt_shah_alam,rail,55003
2026-07-09,rail_lrt_shah_alam,rail,55305
2026-07-10,rail_lrt_shah_alam,rail,56894
2026-07-11,rail_lrt_shah_alam,rail,79866
2026-07-12,rail_lrt_shah_alam,rail,89613
2026-07-13,rail_lrt_shah_alam,rail,53354
2026-07-14,rail_lrt_shah_alam,rail,52703
2026-07-15,rail_lrt_shah_alam,rail,54601
2026-07-16,rail_lrt_shah_alam,rail,52568
2026-07-17,rail_lrt_shah_alam,rail,53941
2026-07-18,rail_lrt_shah_alam,rail,71952
2026-07-19,rail_lrt_shah_alam,rail,86550
2026-07-20,rail_lrt_shah_alam,rail,47640
2026-07-21,rail_lrt_shah_alam,rail,51032
2026-07-22,rail_lrt_shah_alam,rail,53202
2026-07-23,rail_lrt_shah_alam,rail,53083
2026-07-24,rail_lrt_shah_alam,rail,54996
2026-07-25,rail_lrt_shah_alam,rail,81027
2026-07-26,rail_lrt_shah_alam,rail,95085
2026-07-27,rail_lrt_shah_alam,rail,55274
2026-07-28,rail_lrt_shah_alam,rail,54741
2026-07-29,rail_lrt_shah_alam,rail,58828
2026-07-30,rail_lrt_shah_alam,rail,62731
2026-07-31,rail_lrt_shah_alam,rail,67915
2019-01-01,rail_monorail,rail,35804
2019-01-02,rail_monorail,rail,31859
2019-01-03,rail_monorail,rail,31893
2019-01-04,rail_monorail,rail,34121
2019-01-05,rail_monorail,rail,29950
2019-01-06,rail_monorail,rail,25342
2019-01-07,rail_monorail,rail,31988
2019-01-08,rail_monorail,rail,31792
2019-01-09,rail_monorail,rail,32305
2019-01-10,rail_monorail,rail,32057
2019-01-11,rail_monorail,rail,33265
2019-01-12,rail_monorail,rail,30671
2019-01-13,rail_monorail,rail,27235
2019-01-14,rail_monorail,rail,32172
2019-01-15,rail_monorail,rail,31260
2019-01-16,rail_monorail,rail,31612
2019-01-17,rail_monorail,rail,31234
2019-01-18,rail_monorail,rail,35981
2019-01-19,rail_monorail,rail,30339
2019-01-20,rail_monorail,rail,27159
2019-01-21,rail_monorail,rail,23836
2019-01-22,rail_monorail,rail,31245
2019-01-23,rail_monorail,rail,31051
2019-01-24,rail_monorail,rail,32338
2019-01-25,rail_monorail,rail,36334
2019-01-26,rail_monorail,rail,33508
2019-01-27,rail_monorail,rail,27630
2019-01-28,rail_monorail,rail,32889
2019-01-29,rail_monorail,rail,33093
2019-01-30,rail_monorail,rail,33103
2019-01-31,rail_monorail,rail,35298
2019-02-01,rail_monorail,rail,24817
2019-02-02,rail_monorail,rail,27648
2019-02-03,rail_monorail,rail,27508
2019-02-04,rail_monorail,rail,32076
2019-02-05,rail_monorail,rail,33484
2019-02-06,rail_monorail,rail,27009
2019-02-07,rail_monorail,rail,31452
2019-02-08,rail_monorail,rail,31909
2019-02-09,rail_monorail,rail,27174
2019-02-10,rail_monorail,rail,22790
2019-02-11,rail_monorail,rail,31101
2019-02-12,rail_monorail,rail,31333
2019-02-13,rail_monorail,rail,31183
2019-02-14,rail_monorail,rail,33229
2019-02-15,rail_monorail,rail,35781
2019-02-16,rail_monorail,rail,30697
2019-02-17,rail_monorail,rail,25363
2019-02-18,rail_monorail,rail,35571
2019-02-19,rail_monorail,rail,32237
2019-02-20,rail_monorail,rail,32399
2019-02-21,rail_monorail,rail,31764
2019-02-22,rail_monorail,rail,35687
2019-02-23,rail_monorail,rail,29840
2019-02-24,rail_monorail,rail,25721
2019-02-25,rail_monorail,rail,32058
2019-02-26,rail_monorail,rail,31574
2019-02-27,rail_monorail,rail,32549
2019-02-28,rail_monorail,rail,33380
2019-03-01,rail_monorail,rail,37968
2019-03-02,rail_monorail,rail,33679
2019-03-03,rail_monorail,rail,28642
2019-03-04,rail_monorail,rail,32552
2019-03-05,rail_monorail,rail,33206
2019-03-06,rail_monorail,rail,33651
2019-03-07,rail_monorail,rail,35364
2019-03-08,rail_monorail,rail,39461
2019-03-09,rail_monorail,rail,34063
2019-03-10,rail_monorail,rail,27606
2019-03-11,rail_monorail,rail,32928
2019-03-12,rail_monorail,rail,33031
2019-03-13,rail_monorail,rail,32369
2019-03-14,rail_monorail,rail,32572
2019-03-15,rail_monorail,rail,35659
2019-03-16,rail_monorail,rail,34126
2019-03-17,rail_monorail,rail,26051
2019-03-18,rail_monorail,rail,32068
2019-03-19,rail_monorail,rail,32345
2019-03-20,rail_monorail,rail,32786
2019-03-21,rail_monorail,rail,37280
2019-03-22,rail_monorail,rail,35980
2019-03-23,rail_monorail,rail,29100
2019-03-24,rail_monorail,rail,24332
2019-03-25,rail_monorail,rail,33848
2019-03-26,rail_monorail,rail,33964
2019-03-27,rail_monorail,rail,33891
2019-03-28,rail_monorail,rail,35043
2019-03-29,rail_monorail,rail,37946
2019-03-30,rail_monorail,rail,31514
2019-03-31,rail_monorail,rail,25965
2019-04-01,rail_monorail,rail,31777
2019-04-02,rail_monorail,rail,33265
2019-04-03,rail_monorail,rail,32886
2019-04-04,rail_monorail,rail,34392
2019-04-05,rail_monorail,rail,39335
2019-04-06,rail_monorail,rail,33828
2019-04-07,rail_monorail,rail,29366
2019-04-08,rail_monorail,rail,33474
2019-04-09,rail_monorail,rail,32767
2019-04-10,rail_monorail,rail,32572
2019-04-11,rail_monorail,rail,32376
2019-04-12,rail_monorail,rail,36728
2019-04-13,rail_monorail,rail,31381
2019-04-14,rail_monorail,rail,28599
2019-04-15,rail_monorail,rail,33609
2019-04-16,rail_monorail,rail,32443
2019-04-17,rail_monorail,rail,32576
2019-04-18,rail_monorail,rail,32675
2019-04-19,rail_monorail,rail,38612
2019-04-20,rail_monorail,rail,30547
2019-04-21,rail_monorail,rail,26289
2019-04-22,rail_monorail,rail,33991
2019-04-23,rail_monorail,rail,31589
2019-04-24,rail_monorail,rail,33584
2019-04-25,rail_monorail,rail,34681
2019-04-26,rail_monorail,rail,39144
2019-04-27,rail_monorail,rail,34317
2019-04-28,rail_monorail,rail,28466
2019-04-29,rail_monorail,rail,35497
2019-04-30,rail_monorail,rail,39020
2019-05-01,rail_monorail,rail,35264
2019-05-02,rail_monorail,rail,37180
2019-05-03,rail_monorail,rail,40923
2019-05-04,rail_monorail,rail,33327
2019-05-05,rail_monorail,rail,27341
2019-05-06,rail_monorail,rail,29534
2019-05-07,rail_monorail,rail,30220
2019-05-08,rail_monorail,rail,30088
2019-05-09,rail_monorail,rail,28430
2019-05-10,rail_monorail,rail,32359
2019-05-11,rail_monorail,rail,25101
2019-05-12,rail_monorail,rail,21829
2019-05-13,rail_monorail,rail,29371
2019-05-14,rail_monorail,rail,29935
2019-05-15,rail_monorail,rail,29663
2019-05-16,rail_monorail,rail,30333
2019-05-17,rail_monorail,rail,32860
2019-05-18,rail_monorail,rail,26179
2019-05-19,rail_monorail,rail,25986
2019-05-20,rail_monorail,rail,20919
2019-05-21,rail_monorail,rail,27911
2019-05-22,rail_monorail,rail,20569
2019-05-23,rail_monorail,rail,29857
2019-05-24,rail_monorail,rail,33016
2019-05-25,rail_monorail,rail,27337
2019-05-26,rail_monorail,rail,25993
2019-05-27,rail_monorail,rail,33911
2019-05-28,rail_monorail,rail,33538
2019-05-29,rail_monorail,rail,34171
2019-05-30,rail_monorail,rail,35097
2019-05-31,rail_monorail,rail,37263
2019-06-01,rail_monorail,rail,30338
2019-06-02,rail_monorail,rail,29060
2019-06-03,rail_monorail,rail,33891
2019-06-04,rail_monorail,rail,33778
2019-06-05,rail_monorail,rail,27618
2019-06-06,rail_monorail,rail,29320
2019-06-07,rail_monorail,rail,30229
2019-06-08,rail_monorail,rail,24597
2019-06-09,rail_monorail,rail,21515
2019-06-10,rail_monorail,rail,28897
2019-06-11,rail_monorail,rail,30649
2019-06-12,rail_monorail,rail,31290
2019-06-13,rail_monorail,rail,31067
2019-06-14,rail_monorail,rail,33622
2019-06-15,rail_monorail,rail,27518
2019-06-16,rail_monorail,rail,23573
2019-06-17,rail_monorail,rail,31121
2019-06-18,rail_monorail,rail,30941
2019-06-19,rail_monorail,rail,33375
2019-06-20,rail_monorail,rail,34117
2019-06-21,rail_monorail,rail,36665
2019-06-22,rail_monorail,rail,29369
2019-06-23,rail_monorail,rail,24747
2019-06-24,rail_monorail,rail,32731
2019-06-25,rail_monorail,rail,32702
2019-06-26,rail_monorail,rail,32320
2019-06-27,rail_monorail,rail,33636
2019-06-28,rail_monorail,rail,38020
2019-06-29,rail_monorail,rail,33289
2019-06-30,rail_monorail,rail,28361
2019-07-01,rail_monorail,rail,34152
2019-07-02,rail_monorail,rail,33155
2019-07-03,rail_monorail,rail,34580
2019-07-04,rail_monorail,rail,34371
2019-07-05,rail_monorail,rail,40011
2019-07-06,rail_monorail,rail,34690
2019-07-07,rail_monorail,rail,29491
2019-07-08,rail_monorail,rail,36097
2019-07-09,rail_monorail,rail,34172
2019-07-10,rail_monorail,rail,34814
2019-07-11,rail_monorail,rail,34539
2019-07-12,rail_monorail,rail,39244
2019-07-13,rail_monorail,rail,32331
2019-07-14,rail_monorail,rail,27656
2019-07-15,rail_monorail,rail,33905
2019-07-16,rail_monorail,rail,32553
2019-07-17,rail_monorail,rail,33676
2019-07-18,rail_monorail,rail,34254
2019-07-19,rail_monorail,rail,36807
2019-07-20,rail_monorail,rail,29337
2019-07-21,rail_monorail,rail,24647
2019-07-22,rail_monorail,rail,33064
2019-07-23,rail_monorail,rail,32590
2019-07-24,rail_monorail,rail,32996
2019-07-25,rail_monorail,rail,34344
2019-07-26,rail_monorail,rail,38744
2019-07-27,rail_monorail,rail,33003
2019-07-28,rail_monorail,rail,30407
2019-07-29,rail_monorail,rail,34764
2019-07-30,rail_monorail,rail,26337
2019-07-31,rail_monorail,rail,34074
2019-08-01,rail_monorail,rail,33974
2019-08-02,rail_monorail,rail,37326
2019-08-03,rail_monorail,rail,31754
2019-08-04,rail_monorail,rail,26542
2019-08-05,rail_monorail,rail,34030
2019-08-06,rail_monorail,rail,33438
2019-08-07,rail_monorail,rail,34241
2019-08-08,rail_monorail,rail,35730
2019-08-09,rail_monorail,rail,40048
2019-08-10,rail_monorail,rail,31871
2019-08-11,rail_monorail,rail,32376
2019-08-12,rail_monorail,rail,27074
2019-08-13,rail_monorail,rail,31604
2019-08-14,rail_monorail,rail,35244
2019-08-15,rail_monorail,rail,37436
2019-08-16,rail_monorail,rail,36905
2019-08-17,rail_monorail,rail,29418
2019-08-18,rail_monorail,rail,24419
2019-08-19,rail_monorail,rail,32310
2019-08-20,rail_monorail,rail,33328
2019-08-21,rail_monorail,rail,34302
2019-08-22,rail_monorail,rail,36703
2019-08-23,rail_monorail,rail,39149
2019-08-24,rail_monorail,rail,31613
2019-08-25,rail_monorail,rail,27208
2019-08-26,rail_monorail,rail,34911
2019-08-27,rail_monorail,rail,35092
2019-08-28,rail_monorail,rail,35039
2019-08-29,rail_monorail,rail,36746
2019-08-30,rail_monorail,rail,42462
2019-08-31,rail_monorail,rail,36995
2019-09-01,rail_monorail,rail,31250
2019-09-02,rail_monorail,rail,25069
2019-09-03,rail_monorail,rail,33267
2019-09-04,rail_monorail,rail,33784
2019-09-05,rail_monorail,rail,34631
2019-09-06,rail_monorail,rail,38972
2019-09-07,rail_monorail,rail,32580
2019-09-08,rail_monorail,rail,31791
2019-09-09,rail_monorail,rail,25327
2019-09-10,rail_monorail,rail,34250
2019-09-11,rail_monorail,rail,33671
2019-09-12,rail_monorail,rail,34417
2019-09-13,rail_monorail,rail,38897
2019-09-14,rail_monorail,rail,31339
2019-09-15,rail_monorail,rail,30260
2019-09-16,rail_monorail,rail,25396
2019-09-17,rail_monorail,rail,32824
2019-09-18,rail_monorail,rail,34218
2019-09-19,rail_monorail,rail,34449
2019-09-20,rail_monorail,rail,38193
2019-09-21,rail_monorail,rail,30478
2019-09-22,rail_monorail,rail,24860
2019-09-23,rail_monorail,rail,33966
2019-09-24,rail_monorail,rail,34432
2019-09-25,rail_monorail,rail,35168
2019-09-26,rail_monorail,rail,36602
2019-09-27,rail_monorail,rail,41130
2019-09-28,rail_monorail,rail,35722
2019-09-29,rail_monorail,rail,30270
2019-09-30,rail_monorail,rail,36146
2019-10-01,rail_monorail,rail,38047
2019-10-02,rail_monorail,rail,37135
2019-10-03,rail_monorail,rail,38533
2019-10-04,rail_monorail,rail,43074
2019-10-05,rail_monorail,rail,34260
2019-10-06,rail_monorail,rail,31279
2019-10-07,rail_monorail,rail,39762
2019-10-08,rail_monorail,rail,39919
2019-10-09,rail_monorail,rail,41187
2019-10-10,rail_monorail,rail,41228
2019-10-11,rail_monorail,rail,46415
2019-10-12,rail_monorail,rail,35278
2019-10-13,rail_monorail,rail,29907
2019-10-14,rail_monorail,rail,39890
2019-10-15,rail_monorail,rail,39267
2019-10-16,rail_monorail,rail,38299
2019-10-17,rail_monorail,rail,39651
2019-10-18,rail_monorail,rail,43008
2019-10-19,rail_monorail,rail,33839
2019-10-20,rail_monorail,rail,30387
2019-10-21,rail_monorail,rail,37832
2019-10-22,rail_monorail,rail,37443
2019-10-23,rail_monorail,rail,39452
2019-10-24,rail_monorail,rail,41171
2019-10-25,rail_monorail,rail,45625
2019-10-26,rail_monorail,rail,34639
2019-10-27,rail_monorail,rail,34661
2019-10-28,rail_monorail,rail,27749
2019-10-29,rail_monorail,rail,36985
2019-10-30,rail_monorail,rail,37992
2019-10-31,rail_monorail,rail,37038
2019-11-01,rail_monorail,rail,45962
2019-11-02,rail_monorail,rail,37344
2019-11-03,rail_monorail,rail,33607
2019-11-04,rail_monorail,rail,41947
2019-11-05,rail_monorail,rail,41536
2019-11-06,rail_monorail,rail,40852
2019-11-07,rail_monorail,rail,42148
2019-11-08,rail_monorail,rail,49270
2019-11-09,rail_monorail,rail,37451
2019-11-10,rail_monorail,rail,32592
2019-11-11,rail_monorail,rail,41498
2019-11-12,rail_monorail,rail,39868
2019-11-13,rail_monorail,rail,40435
2019-11-14,rail_monorail,rail,39078
2019-11-15,rail_monorail,rail,47665
2019-11-16,rail_monorail,rail,35960
2019-11-17,rail_monorail,rail,31757
2019-11-18,rail_monorail,rail,39980
2019-11-19,rail_monorail,rail,40710
2019-11-20,rail_monorail,rail,40322
2019-11-21,rail_monorail,rail,40248
2019-11-22,rail_monorail,rail,43609
2019-11-23,rail_monorail,rail,32699
2019-11-24,rail_monorail,rail,30836
2019-11-25,rail_monorail,rail,41727
2019-11-26,rail_monorail,rail,41700
2019-11-27,rail_monorail,rail,43046
2019-11-28,rail_monorail,rail,43099
2019-11-29,rail_monorail,rail,49115
2019-11-30,rail_monorail,rail,39336
2019-12-01,rail_monorail,rail,37765
2019-12-02,rail_monorail,rail,43694
2019-12-03,rail_monorail,rail,43306
2019-12-04,rail_monorail,rail,45023
2019-12-05,rail_monorail,rail,44724
2019-12-06,rail_monorail,rail,50060
2019-12-07,rail_monorail,rail,42220
2019-12-08,rail_monorail,rail,37720
2019-12-09,rail_monorail,rail,44815
2019-12-10,rail_monorail,rail,44163
2019-12-11,rail_monorail,rail,50303
2019-12-12,rail_monorail,rail,44978
2019-12-13,rail_monorail,rail,47556
2019-12-14,rail_monorail,rail,40022
2019-12-15,rail_monorail,rail,36731
2019-12-16,rail_monorail,rail,44612
2019-12-17,rail_monorail,rail,44986
2019-12-18,rail_monorail,rail,44324
2019-12-19,rail_monorail,rail,45122
2019-12-20,rail_monorail,rail,49874
2019-12-21,rail_monorail,rail,41227
2019-12-22,rail_monorail,rail,36414
2019-12-23,rail_monorail,rail,48520
2019-12-24,rail_monorail,rail,50413
2019-12-25,rail_monorail,rail,46382
2019-12-26,rail_monorail,rail,44441
2019-12-27,rail_monorail,rail,46197
2019-12-28,rail_monorail,rail,38149
2019-12-29,rail_monorail,rail,34266
2019-12-30,rail_monorail,rail,45078
2019-12-31,rail_monorail,rail,60517
2020-01-01,rail_monorail,rail,42974
2020-01-02,rail_monorail,rail,42311
2020-01-03,rail_monorail,rail,43902
2020-01-04,rail_monorail,rail,32188
2020-01-05,rail_monorail,rail,28627
2020-01-06,rail_monorail,rail,40754
2020-01-07,rail_monorail,rail,41225
2020-01-08,rail_monorail,rail,42055
2020-01-09,rail_monorail,rail,43894
2020-01-10,rail_monorail,rail,46303
2020-01-11,rail_monorail,rail,36530
2020-01-12,rail_monorail,rail,33022
2020-01-13,rail_monorail,rail,42329
2020-01-14,rail_monorail,rail,41568
2020-01-15,rail_monorail,rail,42058
2020-01-16,rail_monorail,rail,43935
2020-01-17,rail_monorail,rail,47578
2020-01-18,rail_monorail,rail,37954
2020-01-19,rail_monorail,rail,32233
2020-01-20,rail_monorail,rail,43673
2020-01-21,rail_monorail,rail,42647
2020-01-22,rail_monorail,rail,43064
2020-01-23,rail_monorail,rail,41794
2020-01-24,rail_monorail,rail,39481
2020-01-25,rail_monorail,rail,36283
2020-01-26,rail_monorail,rail,34074
2020-01-27,rail_monorail,rail,28423
2020-01-28,rail_monorail,rail,35123
2020-01-29,rail_monorail,rail,35026
2020-01-30,rail_monorail,rail,36835
2020-01-31,rail_monorail,rail,38895
2020-02-01,rail_monorail,rail,27754
2020-02-02,rail_monorail,rail,25535
2020-02-03,rail_monorail,rail,38716
2020-02-04,rail_monorail,rail,39769
2020-02-05,rail_monorail,rail,39999
2020-02-06,rail_monorail,rail,40763
2020-02-07,rail_monorail,rail,42999
2020-02-08,rail_monorail,rail,31670
2020-02-09,rail_monorail,rail,28797
2020-02-10,rail_monorail,rail,41436
2020-02-11,rail_monorail,rail,40889
2020-02-12,rail_monorail,rail,40446
2020-02-13,rail_monorail,rail,40689
2020-02-14,rail_monorail,rail,47210
2020-02-15,rail_monorail,rail,31935
2020-02-16,rail_monorail,rail,27070
2020-02-17,rail_monorail,rail,39666
2020-02-18,rail_monorail,rail,40096
2020-02-19,rail_monorail,rail,40900
2020-02-20,rail_monorail,rail,41507
2020-02-21,rail_monorail,rail,43267
2020-02-22,rail_monorail,rail,31302
2020-02-23,rail_monorail,rail,25864
2020-02-24,rail_monorail,rail,39355
2020-02-25,rail_monorail,rail,39129
2020-02-26,rail_monorail,rail,39071
2020-02-27,rail_monorail,rail,40133
2020-02-28,rail_monorail,rail,45117
2020-02-29,rail_monorail,rail,34457
2020-03-01,rail_monorail,rail,29506
2020-03-02,rail_monorail,rail,40823
2020-03-03,rail_monorail,rail,39771
2020-03-04,rail_monorail,rail,40629
2020-03-05,rail_monorail,rail,40616
2020-03-06,rail_monorail,rail,43054
2020-03-07,rail_monorail,rail,29122
2020-03-08,rail_monorail,rail,26465
2020-03-09,rail_monorail,rail,37469
2020-03-10,rail_monorail,rail,37040
2020-03-11,rail_monorail,rail,38019
2020-03-12,rail_monorail,rail,35869
2020-03-13,rail_monorail,rail,37033
2020-03-14,rail_monorail,rail,22784
2020-03-15,rail_monorail,rail,19802
2020-03-16,rail_monorail,rail,28358
2020-03-17,rail_monorail,rail,28699
2020-03-18,rail_monorail,rail,10388
2020-03-19,rail_monorail,rail,7188
2020-03-20,rail_monorail,rail,5567
2020-03-21,rail_monorail,rail,3050
2020-03-22,rail_monorail,rail,2082
2020-03-23,rail_monorail,rail,3573
2020-03-24,rail_monorail,rail,3212
2020-03-25,rail_monorail,rail,2626
2020-03-26,rail_monorail,rail,2744
2020-03-27,rail_monorail,rail,2678
2020-03-28,rail_monorail,rail,1655
2020-03-29,rail_monorail,rail,1435
2020-03-30,rail_monorail,rail,2603
2020-03-31,rail_monorail,rail,2664
2020-04-01,rail_monorail,rail,2742
2020-04-02,rail_monorail,rail,2706
2020-04-03,rail_monorail,rail,2611
2020-04-04,rail_monorail,rail,1570
2020-04-05,rail_monorail,rail,1438
2020-04-06,rail_monorail,rail,2665
2020-04-07,rail_monorail,rail,2658
2020-04-08,rail_monorail,rail,2558
2020-04-09,rail_monorail,rail,2597
2020-04-10,rail_monorail,rail,2561
2020-04-11,rail_monorail,rail,1605
2020-04-12,rail_monorail,rail,1392
2020-04-13,rail_monorail,rail,2732
2020-04-14,rail_monorail,rail,2703
2020-04-15,rail_monorail,rail,2758
2020-04-16,rail_monorail,rail,2648
2020-04-17,rail_monorail,rail,2670
2020-04-18,rail_monorail,rail,1640
2020-04-19,rail_monorail,rail,1482
2020-04-20,rail_monorail,rail,2848
2020-04-21,rail_monorail,rail,2779
2020-04-22,rail_monorail,rail,2756
2020-04-23,rail_monorail,rail,2861
2020-04-24,rail_monorail,rail,2526
2020-04-25,rail_monorail,rail,1656
2020-04-26,rail_monorail,rail,1504
2020-04-27,rail_monorail,rail,2922
2020-04-28,rail_monorail,rail,3065
2020-04-29,rail_monorail,rail,2938
2020-04-30,rail_monorail,rail,3039
2020-05-01,rail_monorail,rail,1522
2020-05-02,rail_monorail,rail,1765
2020-05-03,rail_monorail,rail,1568
2020-05-04,rail_monorail,rail,7434
2020-05-05,rail_monorail,rail,7686
2020-05-06,rail_monorail,rail,7620
2020-05-07,rail_monorail,rail,4848
2020-05-08,rail_monorail,rail,8011
2020-05-09,rail_monorail,rail,5172
2020-05-10,rail_monorail,rail,4464
2020-05-11,rail_monorail,rail,5471
2020-05-12,rail_monorail,rail,8987
2020-05-13,rail_monorail,rail,9599
2020-05-14,rail_monorail,rail,9783
2020-05-15,rail_monorail,rail,9605
2020-05-16,rail_monorail,rail,6579
2020-05-17,rail_monorail,rail,5559
2020-05-18,rail_monorail,rail,10628
2020-05-19,rail_monorail,rail,10867
2020-05-20,rail_monorail,rail,11306
2020-05-21,rail_monorail,rail,11424
2020-05-22,rail_monorail,rail,11121
2020-05-23,rail_monorail,rail,8230
2020-05-24,rail_monorail,rail,5397
2020-05-25,rail_monorail,rail,6341
2020-05-26,rail_monorail,rail,6597
2020-05-27,rail_monorail,rail,11191
2020-05-28,rail_monorail,rail,11934
2020-05-29,rail_monorail,rail,12320
2020-05-30,rail_monorail,rail,8840
2020-05-31,rail_monorail,rail,7251
2020-06-01,rail_monorail,rail,13790
2020-06-02,rail_monorail,rail,13676
2020-06-03,rail_monorail,rail,14053
2020-06-04,rail_monorail,rail,13721
2020-06-05,rail_monorail,rail,13935
2020-06-06,rail_monorail,rail,10650
2020-06-07,rail_monorail,rail,9490
2020-06-08,rail_monorail,rail,9289
2020-06-09,rail_monorail,rail,15425
2020-06-10,rail_monorail,rail,16675
2020-06-11,rail_monorail,rail,17059
2020-06-12,rail_monorail,rail,17402
2020-06-13,rail_monorail,rail,12314
2020-06-14,rail_monorail,rail,10255
2020-06-15,rail_monorail,rail,17516
2020-06-16,rail_monorail,rail,17766
2020-06-17,rail_monorail,rail,18226
2020-06-18,rail_monorail,rail,18227
2020-06-19,rail_monorail,rail,18021
2020-06-20,rail_monorail,rail,13233
2020-06-21,rail_monorail,rail,11395
2020-06-22,rail_monorail,rail,18373
2020-06-23,rail_monorail,rail,18731
2020-06-24,rail_monorail,rail,18853
2020-06-25,rail_monorail,rail,18819
2020-06-26,rail_monorail,rail,19117
2020-06-27,rail_monorail,rail,14509
2020-06-28,rail_monorail,rail,12844
2020-06-29,rail_monorail,rail,19582
2020-06-30,rail_monorail,rail,19907
2020-07-01,rail_monorail,rail,21372
2020-07-02,rail_monorail,rail,21328
2020-07-03,rail_monorail,rail,22291
2020-07-04,rail_monorail,rail,18551
2020-07-05,rail_monorail,rail,16131
2020-07-06,rail_monorail,rail,21945
2020-07-07,rail_monorail,rail,22706
2020-07-08,rail_monorail,rail,23532
2020-07-09,rail_monorail,rail,22952
2020-07-10,rail_monorail,rail,23806
2020-07-11,rail_monorail,rail,19063
2020-07-12,rail_monorail,rail,16898
2020-07-13,rail_monorail,rail,22478
2020-07-14,rail_monorail,rail,22366
2020-07-15,rail_monorail,rail,22887
2020-07-16,rail_monorail,rail,22794
2020-07-17,rail_monorail,rail,23774
2020-07-18,rail_monorail,rail,17859
2020-07-19,rail_monorail,rail,15651
2020-07-20,rail_monorail,rail,22737
2020-07-21,rail_monorail,rail,22485
2020-07-22,rail_monorail,rail,22691
2020-07-23,rail_monorail,rail,22689
2020-07-24,rail_monorail,rail,24502
2020-07-25,rail_monorail,rail,17681
2020-07-26,rail_monorail,rail,15301
2020-07-27,rail_monorail,rail,22929
2020-07-28,rail_monorail,rail,22994
2020-07-29,rail_monorail,rail,23064
2020-07-30,rail_monorail,rail,22334
2020-07-31,rail_monorail,rail,15125
2020-08-01,rail_monorail,rail,16803
2020-08-02,rail_monorail,rail,14120
2020-08-03,rail_monorail,rail,21461
2020-08-04,rail_monorail,rail,22563
2020-08-05,rail_monorail,rail,23307
2020-08-06,rail_monorail,rail,23307
2020-08-07,rail_monorail,rail,24578
2020-08-08,rail_monorail,rail,18193
2020-08-09,rail_monorail,rail,15575
2020-08-10,rail_monorail,rail,23847
2020-08-11,rail_monorail,rail,23835
2020-08-12,rail_monorail,rail,23811
2020-08-13,rail_monorail,rail,23967
2020-08-14,rail_monorail,rail,25558
2020-08-15,rail_monorail,rail,17620
2020-08-16,rail_monorail,rail,14740
2020-08-17,rail_monorail,rail,24111
2020-08-18,rail_monorail,rail,24179
2020-08-19,rail_monorail,rail,24575
2020-08-20,rail_monorail,rail,16269
2020-08-21,rail_monorail,rail,23864
2020-08-22,rail_monorail,rail,17326
2020-08-23,rail_monorail,rail,14577
2020-08-24,rail_monorail,rail,23330
2020-08-25,rail_monorail,rail,24149
2020-08-26,rail_monorail,rail,24284
2020-08-27,rail_monorail,rail,24591
2020-08-28,rail_monorail,rail,25979
2020-08-29,rail_monorail,rail,18982
2020-08-30,rail_monorail,rail,21132
2020-08-31,rail_monorail,rail,18535
2020-09-01,rail_monorail,rail,24505
2020-09-02,rail_monorail,rail,25857
2020-09-03,rail_monorail,rail,25389
2020-09-04,rail_monorail,rail,27905
2020-09-05,rail_monorail,rail,19748
2020-09-06,rail_monorail,rail,17129
2020-09-07,rail_monorail,rail,25398
2020-09-08,rail_monorail,rail,26245
2020-09-09,rail_monorail,rail,26397
2020-09-10,rail_monorail,rail,28558
2020-09-11,rail_monorail,rail,27819
2020-09-12,rail_monorail,rail,20031
2020-09-13,rail_monorail,rail,17304
2020-09-14,rail_monorail,rail,24152
2020-09-15,rail_monorail,rail,25905
2020-09-16,rail_monorail,rail,18336
2020-09-17,rail_monorail,rail,25155
2020-09-18,rail_monorail,rail,26460
2020-09-19,rail_monorail,rail,18737
2020-09-20,rail_monorail,rail,15357
2020-09-21,rail_monorail,rail,25606
2020-09-22,rail_monorail,rail,25889
2020-09-23,rail_monorail,rail,26082
2020-09-24,rail_monorail,rail,26762
2020-09-25,rail_monorail,rail,28307
2020-09-26,rail_monorail,rail,19987
2020-09-27,rail_monorail,rail,16871
2020-09-28,rail_monorail,rail,24558
2020-09-29,rail_monorail,rail,24466
2020-09-30,rail_monorail,rail,24545
2020-10-01,rail_monorail,rail,26989
2020-10-02,rail_monorail,rail,25144
2020-10-03,rail_monorail,rail,16269
2020-10-04,rail_monorail,rail,13791
2020-10-05,rail_monorail,rail,24337
2020-10-06,rail_monorail,rail,18710
2020-10-07,rail_monorail,rail,22826
2020-10-08,rail_monorail,rail,23054
2020-10-09,rail_monorail,rail,22888
2020-10-10,rail_monorail,rail,15112
2020-10-11,rail_monorail,rail,12858
2020-10-12,rail_monorail,rail,21159
2020-10-13,rail_monorail,rail,21191
2020-10-14,rail_monorail,rail,15267
2020-10-15,rail_monorail,rail,15524
2020-10-16,rail_monorail,rail,15500
2020-10-17,rail_monorail,rail,10131
2020-10-18,rail_monorail,rail,8333
2020-10-19,rail_monorail,rail,15456
2020-10-20,rail_monorail,rail,15527
2020-10-21,rail_monorail,rail,15857
2020-10-22,rail_monorail,rail,13375
2020-10-23,rail_monorail,rail,13932
2020-10-24,rail_monorail,rail,10329
2020-10-25,rail_monorail,rail,8834
2020-10-26,rail_monorail,rail,13982
2020-10-27,rail_monorail,rail,14248
2020-10-28,rail_monorail,rail,14685
2020-10-29,rail_monorail,rail,9911
2020-10-30,rail_monorail,rail,14568
2020-10-31,rail_monorail,rail,11388
2020-11-01,rail_monorail,rail,9531
2020-11-02,rail_monorail,rail,15157
2020-11-03,rail_monorail,rail,15522
2020-11-04,rail_monorail,rail,15280
2020-11-05,rail_monorail,rail,15434
2020-11-06,rail_monorail,rail,15727
2020-11-07,rail_monorail,rail,12642
2020-11-08,rail_monorail,rail,11159
2020-11-09,rail_monorail,rail,16360
2020-11-10,rail_monorail,rail,16223
2020-11-11,rail_monorail,rail,16339
2020-11-12,rail_monorail,rail,16257
2020-11-13,rail_monorail,rail,15954
2020-11-14,rail_monorail,rail,11306
2020-11-15,rail_monorail,rail,9984
2020-11-16,rail_monorail,rail,15550
2020-11-17,rail_monorail,rail,15885
2020-11-18,rail_monorail,rail,15950
2020-11-19,rail_monorail,rail,15561
2020-11-20,rail_monorail,rail,15801
2020-11-21,rail_monorail,rail,11804
2020-11-22,rail_monorail,rail,10624
2020-11-23,rail_monorail,rail,15830
2020-11-24,rail_monorail,rail,15956
2020-11-25,rail_monorail,rail,15786
2020-11-26,rail_monorail,rail,15612
2020-11-27,rail_monorail,rail,16376
2020-11-28,rail_monorail,rail,12398
2020-11-29,rail_monorail,rail,10734
2020-11-30,rail_monorail,rail,16035
2020-12-01,rail_monorail,rail,16492
2020-12-02,rail_monorail,rail,16459
2020-12-03,rail_monorail,rail,16369
2020-12-04,rail_monorail,rail,16678
2020-12-05,rail_monorail,rail,13145
2020-12-06,rail_monorail,rail,11882
2020-12-07,rail_monorail,rail,16982
2020-12-08,rail_monorail,rail,17213
2020-12-09,rail_monorail,rail,16916
2020-12-10,rail_monorail,rail,17036
2020-12-11,rail_monorail,rail,18129
2020-12-12,rail_monorail,rail,13562
2020-12-13,rail_monorail,rail,12150
2020-12-14,rail_monorail,rail,16140
2020-12-15,rail_monorail,rail,16862
2020-12-16,rail_monorail,rail,16692
2020-12-17,rail_monorail,rail,16314
2020-12-18,rail_monorail,rail,16512
2020-12-19,rail_monorail,rail,13238
2020-12-20,rail_monorail,rail,11586
2020-12-21,rail_monorail,rail,16298
2020-12-22,rail_monorail,rail,17132
2020-12-23,rail_monorail,rail,17172
2020-12-24,rail_monorail,rail,14616
2020-12-25,rail_monorail,rail,14736
2020-12-26,rail_monorail,rail,12946
2020-12-27,rail_monorail,rail,12078
2020-12-28,rail_monorail,rail,16615
2020-12-29,rail_monorail,rail,16457
2020-12-30,rail_monorail,rail,17014
2020-12-31,rail_monorail,rail,19191
2021-01-01,rail_monorail,rail,14651
2021-01-02,rail_monorail,rail,13541
2021-01-03,rail_monorail,rail,11088
2021-01-04,rail_monorail,rail,17337
2021-01-05,rail_monorail,rail,17631
2021-01-06,rail_monorail,rail,17316
2021-01-07,rail_monorail,rail,17616
2021-01-08,rail_monorail,rail,17505
2021-01-09,rail_monorail,rail,13417
2021-01-10,rail_monorail,rail,12325
2021-01-11,rail_monorail,rail,16845
2021-01-12,rail_monorail,rail,18598
2021-01-13,rail_monorail,rail,8756
2021-01-14,rail_monorail,rail,9263
2021-01-15,rail_monorail,rail,9807
2021-01-16,rail_monorail,rail,6671
2021-01-17,rail_monorail,rail,5310
2021-01-18,rail_monorail,rail,10166
2021-01-19,rail_monorail,rail,9970
2021-01-20,rail_monorail,rail,9969
2021-01-21,rail_monorail,rail,10248
2021-01-22,rail_monorail,rail,10277
2021-01-23,rail_monorail,rail,7304
2021-01-24,rail_monorail,rail,5917
2021-01-25,rail_monorail,rail,10233
2021-01-26,rail_monorail,rail,10462
2021-01-27,rail_monorail,rail,10497
2021-01-28,rail_monorail,rail,6524
2021-01-29,rail_monorail,rail,9955
2021-01-30,rail_monorail,rail,7127
2021-01-31,rail_monorail,rail,5980
2021-02-01,rail_monorail,rail,6029
2021-02-02,rail_monorail,rail,10634
2021-02-03,rail_monorail,rail,10738
2021-02-04,rail_monorail,rail,10440
2021-02-05,rail_monorail,rail,10898
2021-02-06,rail_monorail,rail,7822
2021-02-07,rail_monorail,rail,6642
2021-02-08,rail_monorail,rail,10994
2021-02-09,rail_monorail,rail,11234
2021-02-10,rail_monorail,rail,12284
2021-02-11,rail_monorail,rail,11622
2021-02-12,rail_monorail,rail,8655
2021-02-13,rail_monorail,rail,9377
2021-02-14,rail_monorail,rail,9173
2021-02-15,rail_monorail,rail,12255
2021-02-16,rail_monorail,rail,12504
2021-02-17,rail_monorail,rail,12896
2021-02-18,rail_monorail,rail,12738
2021-02-19,rail_monorail,rail,13110
2021-02-20,rail_monorail,rail,11540
2021-02-21,rail_monorail,rail,10218
2021-02-22,rail_monorail,rail,13703
2021-02-23,rail_monorail,rail,13808
2021-02-24,rail_monorail,rail,12751
2021-02-25,rail_monorail,rail,13521
2021-02-26,rail_monorail,rail,13952
2021-02-27,rail_monorail,rail,11822
2021-02-28,rail_monorail,rail,10943
2021-03-01,rail_monorail,rail,14845
2021-03-02,rail_monorail,rail,14196
2021-03-03,rail_monorail,rail,14838
2021-03-04,rail_monorail,rail,14442
2021-03-05,rail_monorail,rail,16737
2021-03-06,rail_monorail,rail,14608
2021-03-07,rail_monorail,rail,14250
2021-03-08,rail_monorail,rail,17039
2021-03-09,rail_monorail,rail,16896
2021-03-10,rail_monorail,rail,16982
2021-03-11,rail_monorail,rail,16863
2021-03-12,rail_monorail,rail,17134
2021-03-13,rail_monorail,rail,14614
2021-03-14,rail_monorail,rail,13212
2021-03-15,rail_monorail,rail,16620
2021-03-16,rail_monorail,rail,16832
2021-03-17,rail_monorail,rail,17111
2021-03-18,rail_monorail,rail,17086
2021-03-19,rail_monorail,rail,17699
2021-03-20,rail_monorail,rail,14900
2021-03-21,rail_monorail,rail,13064
2021-03-22,rail_monorail,rail,17080
2021-03-23,rail_monorail,rail,17066
2021-03-24,rail_monorail,rail,17121
2021-03-25,rail_monorail,rail,17097
2021-03-26,rail_monorail,rail,18014
2021-03-27,rail_monorail,rail,15905
2021-03-28,rail_monorail,rail,14689
2021-03-29,rail_monorail,rail,17910
2021-03-30,rail_monorail,rail,18798
2021-03-31,rail_monorail,rail,19234
2021-04-01,rail_monorail,rail,19230
2021-04-02,rail_monorail,rail,19770
2021-04-03,rail_monorail,rail,17433
2021-04-04,rail_monorail,rail,15540
2021-04-05,rail_monorail,rail,19618
2021-04-06,rail_monorail,rail,19855
2021-04-07,rail_monorail,rail,20077
2021-04-08,rail_monorail,rail,19974
2021-04-09,rail_monorail,rail,21337
2021-04-10,rail_monorail,rail,19149
2021-04-11,rail_monorail,rail,17624
2021-04-12,rail_monorail,rail,23234
2021-04-13,rail_monorail,rail,18368
2021-04-14,rail_monorail,rail,18396
2021-04-15,rail_monorail,rail,18614
2021-04-16,rail_monorail,rail,18648
2021-04-17,rail_monorail,rail,12525
2021-04-18,rail_monorail,rail,11359
2021-04-19,rail_monorail,rail,17440
2021-04-20,rail_monorail,rail,17810
2021-04-21,rail_monorail,rail,17277
2021-04-22,rail_monorail,rail,17031
2021-04-23,rail_monorail,rail,17845
2021-04-24,rail_monorail,rail,12902
2021-04-25,rail_monorail,rail,11541
2021-04-26,rail_monorail,rail,17190
2021-04-27,rail_monorail,rail,17018
2021-04-28,rail_monorail,rail,17051
2021-04-29,rail_monorail,rail,12242
2021-04-30,rail_monorail,rail,16933
2021-05-01,rail_monorail,rail,15084
2021-05-02,rail_monorail,rail,12328
2021-05-03,rail_monorail,rail,17135
2021-05-04,rail_monorail,rail,16991
2021-05-05,rail_monorail,rail,17377
2021-05-06,rail_monorail,rail,16261
2021-05-07,rail_monorail,rail,13509
2021-05-08,rail_monorail,rail,9857
2021-05-09,rail_monorail,rail,8706
2021-05-10,rail_monorail,rail,11980
2021-05-11,rail_monorail,rail,11908
2021-05-12,rail_monorail,rail,10681
2021-05-13,rail_monorail,rail,5248
2021-05-14,rail_monorail,rail,6292
2021-05-15,rail_monorail,rail,7463
2021-05-16,rail_monorail,rail,6673
2021-05-17,rail_monorail,rail,10570
2021-05-18,rail_monorail,rail,11014
2021-05-19,rail_monorail,rail,10742
2021-05-20,rail_monorail,rail,10470
2021-05-21,rail_monorail,rail,10536
2021-05-22,rail_monorail,rail,7202
2021-05-23,rail_monorail,rail,5833
2021-05-24,rail_monorail,rail,9958
2021-05-25,rail_monorail,rail,9650
2021-05-26,rail_monorail,rail,5788
2021-05-27,rail_monorail,rail,9201
2021-05-28,rail_monorail,rail,9422
2021-05-29,rail_monorail,rail,6726
2021-05-30,rail_monorail,rail,5636
2021-05-31,rail_monorail,rail,10079
2021-06-01,rail_monorail,rail,3845
2021-06-02,rail_monorail,rail,4193
2021-06-03,rail_monorail,rail,4287
2021-06-04,rail_monorail,rail,4195
2021-06-05,rail_monorail,rail,3068
2021-06-06,rail_monorail,rail,2539
2021-06-07,rail_monorail,rail,2619
2021-06-08,rail_monorail,rail,4756
2021-06-09,rail_monorail,rail,4432
2021-06-10,rail_monorail,rail,4645
2021-06-11,rail_monorail,rail,4768
2021-06-12,rail_monorail,rail,3323
2021-06-13,rail_monorail,rail,2626
2021-06-14,rail_monorail,rail,4993
2021-06-15,rail_monorail,rail,4482
2021-06-16,rail_monorail,rail,4831
2021-06-17,rail_monorail,rail,4672
2021-06-18,rail_monorail,rail,4673
2021-06-19,rail_monorail,rail,3166
2021-06-20,rail_monorail,rail,2614
2021-06-21,rail_monorail,rail,4978
2021-06-22,rail_monorail,rail,4977
2021-06-23,rail_monorail,rail,4748
2021-06-24,rail_monorail,rail,4894
2021-06-25,rail_monorail,rail,4944
2021-06-26,rail_monorail,rail,3645
2021-06-27,rail_monorail,rail,2784
2021-06-28,rail_monorail,rail,5142
2021-06-29,rail_monorail,rail,5344
2021-06-30,rail_monorail,rail,5456
2021-07-01,rail_monorail,rail,5415
2021-07-02,rail_monorail,rail,5538
2021-07-03,rail_monorail,rail,3120
2021-07-04,rail_monorail,rail,2646
2021-07-05,rail_monorail,rail,4567
2021-07-06,rail_monorail,rail,4695
2021-07-07,rail_monorail,rail,4858
2021-07-08,rail_monorail,rail,4643
2021-07-09,rail_monorail,rail,4819
2021-07-10,rail_monorail,rail,3221
2021-07-11,rail_monorail,rail,2944
2021-07-12,rail_monorail,rail,4913
2021-07-13,rail_monorail,rail,4625
2021-07-14,rail_monorail,rail,4726
2021-07-15,rail_monorail,rail,4853
2021-07-16,rail_monorail,rail,4741
2021-07-17,rail_monorail,rail,3668
2021-07-18,rail_monorail,rail,2999
2021-07-19,rail_monorail,rail,5195
2021-07-20,rail_monorail,rail,2840
2021-07-21,rail_monorail,rail,4800
2021-07-22,rail_monorail,rail,4991
2021-07-23,rail_monorail,rail,5060
2021-07-24,rail_monorail,rail,3657
2021-07-25,rail_monorail,rail,3415
2021-07-26,rail_monorail,rail,5277
2021-07-27,rail_monorail,rail,5492
2021-07-28,rail_monorail,rail,5301
2021-07-29,rail_monorail,rail,5153
2021-07-30,rail_monorail,rail,5144
2021-07-31,rail_monorail,rail,4053
2021-08-01,rail_monorail,rail,3248
2021-08-02,rail_monorail,rail,5307
2021-08-03,rail_monorail,rail,5240
2021-08-04,rail_monorail,rail,5327
2021-08-05,rail_monorail,rail,5358
2021-08-06,rail_monorail,rail,5735
2021-08-07,rail_monorail,rail,4083
2021-08-08,rail_monorail,rail,3437
2021-08-09,rail_monorail,rail,6020
2021-08-10,rail_monorail,rail,3901
2021-08-11,rail_monorail,rail,5943
2021-08-12,rail_monorail,rail,5765
2021-08-13,rail_monorail,rail,5966
2021-08-14,rail_monorail,rail,4498
2021-08-15,rail_monorail,rail,3953
2021-08-16,rail_monorail,rail,7850
2021-08-17,rail_monorail,rail,6947
2021-08-18,rail_monorail,rail,7129
2021-08-19,rail_monorail,rail,6707
2021-08-20,rail_monorail,rail,7490
2021-08-21,rail_monorail,rail,4311
2021-08-22,rail_monorail,rail,5330
2021-08-23,rail_monorail,rail,7032
2021-08-24,rail_monorail,rail,7067
2021-08-25,rail_monorail,rail,7030
2021-08-26,rail_monorail,rail,6897
2021-08-27,rail_monorail,rail,7081
2021-08-28,rail_monorail,rail,6083
2021-08-29,rail_monorail,rail,5236
2021-08-30,rail_monorail,rail,7365
2021-08-31,rail_monorail,rail,5808
2021-09-01,rail_monorail,rail,7947
2021-09-02,rail_monorail,rail,7738
2021-09-03,rail_monorail,rail,8007
2021-09-04,rail_monorail,rail,7051
2021-09-05,rail_monorail,rail,6435
2021-09-06,rail_monorail,rail,8466
2021-09-07,rail_monorail,rail,8559
2021-09-08,rail_monorail,rail,8647
2021-09-09,rail_monorail,rail,8832
2021-09-10,rail_monorail,rail,8886
2021-09-11,rail_monorail,rail,8760
2021-09-12,rail_monorail,rail,8379
2021-09-13,rail_monorail,rail,9489
2021-09-14,rail_monorail,rail,9670
2021-09-15,rail_monorail,rail,9532
2021-09-16,rail_monorail,rail,8170
2021-09-17,rail_monorail,rail,9777
2021-09-18,rail_monorail,rail,8473
2021-09-19,rail_monorail,rail,8393
2021-09-20,rail_monorail,rail,10145
2021-09-21,rail_monorail,rail,10055
2021-09-22,rail_monorail,rail,10090
2021-09-23,rail_monorail,rail,10142
2021-09-24,rail_monorail,rail,10438
2021-09-25,rail_monorail,rail,9564
2021-09-26,rail_monorail,rail,9129
2021-09-27,rail_monorail,rail,10969
2021-09-28,rail_monorail,rail,10776
2021-09-29,rail_monorail,rail,11125
2021-09-30,rail_monorail,rail,11291
2021-10-01,rail_monorail,rail,11954
2021-10-02,rail_monorail,rail,12282
2021-10-03,rail_monorail,rail,12126
2021-10-04,rail_monorail,rail,12204
2021-10-05,rail_monorail,rail,12047
2021-10-06,rail_monorail,rail,12652
2021-10-07,rail_monorail,rail,12446
2021-10-08,rail_monorail,rail,13545
2021-10-09,rail_monorail,rail,12935
2021-10-10,rail_monorail,rail,13005
2021-10-11,rail_monorail,rail,13440
2021-10-12,rail_monorail,rail,13007
2021-10-13,rail_monorail,rail,13553
2021-10-14,rail_monorail,rail,12943
2021-10-15,rail_monorail,rail,13940
2021-10-16,rail_monorail,rail,12970
2021-10-17,rail_monorail,rail,12171
2021-10-18,rail_monorail,rail,13427
2021-10-19,rail_monorail,rail,11512
2021-10-20,rail_monorail,rail,13373
2021-10-21,rail_monorail,rail,13558
2021-10-22,rail_monorail,rail,14024
2021-10-23,rail_monorail,rail,12675
2021-10-24,rail_monorail,rail,11803
2021-10-25,rail_monorail,rail,13626
2021-10-26,rail_monorail,rail,13900
2021-10-27,rail_monorail,rail,14324
2021-10-28,rail_monorail,rail,14265
2021-10-29,rail_monorail,rail,15258
2021-10-30,rail_monorail,rail,14277
2021-10-31,rail_monorail,rail,14026
2021-11-01,rail_monorail,rail,16639
2021-11-02,rail_monorail,rail,16475
2021-11-03,rail_monorail,rail,17659
2021-11-04,rail_monorail,rail,17493
2021-11-05,rail_monorail,rail,18522
2021-11-06,rail_monorail,rail,16955
2021-11-07,rail_monorail,rail,14757
2021-11-08,rail_monorail,rail,16336
2021-11-09,rail_monorail,rail,16303
2021-11-10,rail_monorail,rail,17069
2021-11-11,rail_monorail,rail,16654
2021-11-12,rail_monorail,rail,17709
2021-11-13,rail_monorail,rail,15364
2021-11-14,rail_monorail,rail,14351
2021-11-15,rail_monorail,rail,16474
2021-11-16,rail_monorail,rail,17279
2021-11-17,rail_monorail,rail,17121
2021-11-18,rail_monorail,rail,16191
2021-11-19,rail_monorail,rail,17301
2021-11-20,rail_monorail,rail,15242
2021-11-21,rail_monorail,rail,14530
2021-11-22,rail_monorail,rail,17055
2021-11-23,rail_monorail,rail,17110
2021-11-24,rail_monorail,rail,17410
2021-11-25,rail_monorail,rail,16937
2021-11-26,rail_monorail,rail,18732
2021-11-27,rail_monorail,rail,17368
2021-11-28,rail_monorail,rail,15391
2021-11-29,rail_monorail,rail,17137
2021-11-30,rail_monorail,rail,17646
2021-12-01,rail_monorail,rail,17889
2021-12-02,rail_monorail,rail,18363
2021-12-03,rail_monorail,rail,15292
2021-12-04,rail_monorail,rail,17712
2021-12-05,rail_monorail,rail,17123
2021-12-06,rail_monorail,rail,18160
2021-12-07,rail_monorail,rail,18297
2021-12-08,rail_monorail,rail,18421
2021-12-09,rail_monorail,rail,18556
2021-12-10,rail_monorail,rail,20569
2021-12-11,rail_monorail,rail,19897
2021-12-12,rail_monorail,rail,18792
2021-12-13,rail_monorail,rail,19432
2021-12-14,rail_monorail,rail,19096
2021-12-15,rail_monorail,rail,19370
2021-12-16,rail_monorail,rail,19966
2021-12-17,rail_monorail,rail,21318
2021-12-18,rail_monorail,rail,17566
2021-12-19,rail_monorail,rail,16554
2021-12-20,rail_monorail,rail,18680
2021-12-21,rail_monorail,rail,18267
2021-12-22,rail_monorail,rail,18875
2021-12-23,rail_monorail,rail,19140
2021-12-24,rail_monorail,rail,20653
2021-12-25,rail_monorail,rail,23144
2021-12-26,rail_monorail,rail,18757
2021-12-27,rail_monorail,rail,17988
2021-12-28,rail_monorail,rail,18818
2021-12-29,rail_monorail,rail,18735
2021-12-30,rail_monorail,rail,18808
2021-12-31,rail_monorail,rail,25684
2022-01-01,rail_monorail,rail,25112
2022-01-02,rail_monorail,rail,17318
2022-01-03,rail_monorail,rail,18272
2022-01-04,rail_monorail,rail,19085
2022-01-05,rail_monorail,rail,19952
2022-01-06,rail_monorail,rail,19174
2022-01-07,rail_monorail,rail,20734
2022-01-08,rail_monorail,rail,18684
2022-01-09,rail_monorail,rail,17786
2022-01-10,rail_monorail,rail,19486
2022-01-11,rail_monorail,rail,19005
2022-01-12,rail_monorail,rail,19245
2022-01-13,rail_monorail,rail,18356
2022-01-14,rail_monorail,rail,20154
2022-01-15,rail_monorail,rail,16644
2022-01-16,rail_monorail,rail,15740
2022-01-17,rail_monorail,rail,18873
2022-01-18,rail_monorail,rail,13922
2022-01-19,rail_monorail,rail,19063
2022-01-20,rail_monorail,rail,19792
2022-01-21,rail_monorail,rail,20550
2022-01-22,rail_monorail,rail,9974
2022-01-23,rail_monorail,rail,15023
2022-01-24,rail_monorail,rail,19588
2022-01-25,rail_monorail,rail,19655
2022-01-26,rail_monorail,rail,19845
2022-01-27,rail_monorail,rail,19757
2022-01-28,rail_monorail,rail,20994
2022-01-29,rail_monorail,rail,16594
2022-01-30,rail_monorail,rail,17920
2022-01-31,rail_monorail,rail,20381
2022-02-01,rail_monorail,rail,24393
2022-02-02,rail_monorail,rail,19409
2022-02-03,rail_monorail,rail,16489
2022-02-04,rail_monorail,rail,17799
2022-02-05,rail_monorail,rail,15262
2022-02-06,rail_monorail,rail,14094
2022-02-07,rail_monorail,rail,17293
2022-02-08,rail_monorail,rail,17366
2022-02-09,rail_monorail,rail,17226
2022-02-10,rail_monorail,rail,17308
2022-02-11,rail_monorail,rail,18128
2022-02-12,rail_monorail,rail,14832
2022-02-13,rail_monorail,rail,14122
2022-02-14,rail_monorail,rail,17484
2022-02-15,rail_monorail,rail,16709
2022-02-16,rail_monorail,rail,16460
2022-02-17,rail_monorail,rail,16436
2022-02-18,rail_monorail,rail,16829
2022-02-19,rail_monorail,rail,14382
2022-02-20,rail_monorail,rail,13498
2022-02-21,rail_monorail,rail,16573
2022-02-22,rail_monorail,rail,16058
2022-02-23,rail_monorail,rail,15963
2022-02-24,rail_monorail,rail,15802
2022-02-25,rail_monorail,rail,16702
2022-02-26,rail_monorail,rail,14803
2022-02-27,rail_monorail,rail,14646
2022-02-28,rail_monorail,rail,17013
2022-03-01,rail_monorail,rail,16913
2022-03-02,rail_monorail,rail,17109
2022-03-03,rail_monorail,rail,17399
2022-03-04,rail_monorail,rail,17375
2022-03-05,rail_monorail,rail,15468
2022-03-06,rail_monorail,rail,16986
2022-03-07,rail_monorail,rail,20292
2022-03-08,rail_monorail,rail,18738
2022-03-09,rail_monorail,rail,18484
2022-03-10,rail_monorail,rail,18548
2022-03-11,rail_monorail,rail,18256
2022-03-12,rail_monorail,rail,15729
2022-03-13,rail_monorail,rail,16095
2022-03-14,rail_monorail,rail,18112
2022-03-15,rail_monorail,rail,18065
2022-03-16,rail_monorail,rail,18299
2022-03-17,rail_monorail,rail,18209
2022-03-18,rail_monorail,rail,19927
2022-03-19,rail_monorail,rail,17304
2022-03-20,rail_monorail,rail,16675
2022-03-21,rail_monorail,rail,17270
2022-03-22,rail_monorail,rail,17171
2022-03-23,rail_monorail,rail,17375
2022-03-24,rail_monorail,rail,18382
2022-03-25,rail_monorail,rail,20223
2022-03-26,rail_monorail,rail,19420
2022-03-27,rail_monorail,rail,17907
2022-03-28,rail_monorail,rail,19285
2022-03-29,rail_monorail,rail,19778
2022-03-30,rail_monorail,rail,20868
2022-03-31,rail_monorail,rail,21886
2022-04-01,rail_monorail,rail,24158
2022-04-02,rail_monorail,rail,21367
2022-04-03,rail_monorail,rail,12723
2022-04-04,rail_monorail,rail,17636
2022-04-05,rail_monorail,rail,18195
2022-04-06,rail_monorail,rail,18339
2022-04-07,rail_monorail,rail,19895
2022-04-08,rail_monorail,rail,20130
2022-04-09,rail_monorail,rail,15338
2022-04-10,rail_monorail,rail,15207
2022-04-11,rail_monorail,rail,19680
2022-04-12,rail_monorail,rail,20346
2022-04-13,rail_monorail,rail,20908
2022-04-14,rail_monorail,rail,20484
2022-04-15,rail_monorail,rail,22378
2022-04-16,rail_monorail,rail,19681
2022-04-17,rail_monorail,rail,17805
2022-04-18,rail_monorail,rail,20447
2022-04-19,rail_monorail,rail,17239
2022-04-20,rail_monorail,rail,21808
2022-04-21,rail_monorail,rail,22551
2022-04-22,rail_monorail,rail,26552
2022-04-23,rail_monorail,rail,29210
2022-04-24,rail_monorail,rail,27559
2022-04-25,rail_monorail,rail,27981
2022-04-26,rail_monorail,rail,26927
2022-04-27,rail_monorail,rail,28106
2022-04-28,rail_monorail,rail,28893
2022-04-29,rail_monorail,rail,29978
2022-04-30,rail_monorail,rail,27603
2022-05-01,rail_monorail,rail,34608
2022-05-02,rail_monorail,rail,28428
2022-05-03,rail_monorail,rail,32938
2022-05-04,rail_monorail,rail,24813
2022-05-05,rail_monorail,rail,23638
2022-05-06,rail_monorail,rail,22461
2022-05-07,rail_monorail,rail,20340
2022-05-08,rail_monorail,rail,19408
2022-05-09,rail_monorail,rail,22686
2022-05-10,rail_monorail,rail,24049
2022-05-11,rail_monorail,rail,23560
2022-05-12,rail_monorail,rail,24592
2022-05-13,rail_monorail,rail,26533
2022-05-14,rail_monorail,rail,24736
2022-05-15,rail_monorail,rail,27198
2022-05-16,rail_monorail,rail,19447
2022-05-17,rail_monorail,rail,24406
2022-05-18,rail_monorail,rail,24340
2022-05-19,rail_monorail,rail,24749
2022-05-20,rail_monorail,rail,27988
2022-05-21,rail_monorail,rail,23078
2022-05-22,rail_monorail,rail,21621
2022-05-23,rail_monorail,rail,24901
2022-05-24,rail_monorail,rail,25621
2022-05-25,rail_monorail,rail,25967
2022-05-26,rail_monorail,rail,26478
2022-05-27,rail_monorail,rail,28671
2022-05-28,rail_monorail,rail,26912
2022-05-29,rail_monorail,rail,25238
2022-05-30,rail_monorail,rail,26959
2022-05-31,rail_monorail,rail,27474
2022-06-01,rail_monorail,rail,27902
2022-06-02,rail_monorail,rail,27756
2022-06-03,rail_monorail,rail,30715
2022-06-04,rail_monorail,rail,28756
2022-06-05,rail_monorail,rail,34818
2022-06-06,rail_monorail,rail,28522
2022-06-07,rail_monorail,rail,29865
2022-06-08,rail_monorail,rail,31576
2022-06-09,rail_monorail,rail,31229
2022-06-10,rail_monorail,rail,32565
2022-06-11,rail_monorail,rail,26600
2022-06-12,rail_monorail,rail,25253
2022-06-13,rail_monorail,rail,27243
2022-06-14,rail_monorail,rail,27403
2022-06-15,rail_monorail,rail,27635
2022-06-16,rail_monorail,rail,29783
2022-06-17,rail_monorail,rail,35975
2022-06-18,rail_monorail,rail,36060
2022-06-19,rail_monorail,rail,35967
2022-06-20,rail_monorail,rail,34114
2022-06-21,rail_monorail,rail,34854
2022-06-22,rail_monorail,rail,35701
2022-06-23,rail_monorail,rail,36241
2022-06-24,rail_monorail,rail,41057
2022-06-25,rail_monorail,rail,42283
2022-06-26,rail_monorail,rail,43642
2022-06-27,rail_monorail,rail,35939
2022-06-28,rail_monorail,rail,36582
2022-06-29,rail_monorail,rail,37128
2022-06-30,rail_monorail,rail,38006
2022-07-01,rail_monorail,rail,42160
2022-07-02,rail_monorail,rail,42933
2022-07-03,rail_monorail,rail,41294
2022-07-04,rail_monorail,rail,37128
2022-07-05,rail_monorail,rail,37383
2022-07-06,rail_monorail,rail,38447
2022-07-07,rail_monorail,rail,38422
2022-07-08,rail_monorail,rail,40747
2022-07-09,rail_monorail,rail,40003
2022-07-10,rail_monorail,rail,44978
2022-07-11,rail_monorail,rail,39351
2022-07-12,rail_monorail,rail,35772
2022-07-13,rail_monorail,rail,36663
2022-07-14,rail_monorail,rail,37200
2022-07-15,rail_monorail,rail,39921
2022-07-16,rail_monorail,rail,26998
2022-07-17,rail_monorail,rail,23113
2022-07-18,rail_monorail,rail,29484
2022-07-19,rail_monorail,rail,28656
2022-07-20,rail_monorail,rail,29973
2022-07-21,rail_monorail,rail,29894
2022-07-22,rail_monorail,rail,32238
2022-07-23,rail_monorail,rail,26062
2022-07-24,rail_monorail,rail,23479
2022-07-25,rail_monorail,rail,29913
2022-07-26,rail_monorail,rail,30434
2022-07-27,rail_monorail,rail,30623
2022-07-28,rail_monorail,rail,30801
2022-07-29,rail_monorail,rail,34312
2022-07-30,rail_monorail,rail,32754
2022-07-31,rail_monorail,rail,27995
2022-08-01,rail_monorail,rail,32429
2022-08-02,rail_monorail,rail,32611
2022-08-03,rail_monorail,rail,32552
2022-08-04,rail_monorail,rail,33609
2022-08-05,rail_monorail,rail,36478
2022-08-06,rail_monorail,rail,33278
2022-08-07,rail_monorail,rail,32125
2022-08-08,rail_monorail,rail,33390
2022-08-09,rail_monorail,rail,33348
2022-08-10,rail_monorail,rail,33713
2022-08-11,rail_monorail,rail,33399
2022-08-12,rail_monorail,rail,34937
2022-08-13,rail_monorail,rail,29379
2022-08-14,rail_monorail,rail,27256
2022-08-15,rail_monorail,rail,33455
2022-08-16,rail_monorail,rail,33594
2022-08-17,rail_monorail,rail,34013
2022-08-18,rail_monorail,rail,33978
2022-08-19,rail_monorail,rail,35595
2022-08-20,rail_monorail,rail,27834
2022-08-21,rail_monorail,rail,25800
2022-08-22,rail_monorail,rail,32817
2022-08-23,rail_monorail,rail,34355
2022-08-24,rail_monorail,rail,34182
2022-08-25,rail_monorail,rail,33691
2022-08-26,rail_monorail,rail,36049
2022-08-27,rail_monorail,rail,30076
2022-08-28,rail_monorail,rail,27811
2022-08-29,rail_monorail,rail,35159
2022-08-30,rail_monorail,rail,37966
2022-08-31,rail_monorail,rail,42909
2022-09-01,rail_monorail,rail,34940
2022-09-02,rail_monorail,rail,37202
2022-09-03,rail_monorail,rail,31443
2022-09-04,rail_monorail,rail,31016
2022-09-05,rail_monorail,rail,38073
2022-09-06,rail_monorail,rail,39574
2022-09-07,rail_monorail,rail,40112
2022-09-08,rail_monorail,rail,39591
2022-09-09,rail_monorail,rail,40699
2022-09-10,rail_monorail,rail,36256
2022-09-11,rail_monorail,rail,29395
2022-09-12,rail_monorail,rail,34954
2022-09-13,rail_monorail,rail,35173
2022-09-14,rail_monorail,rail,35197
2022-09-15,rail_monorail,rail,36703
2022-09-16,rail_monorail,rail,33910
2022-09-17,rail_monorail,rail,31106
2022-09-18,rail_monorail,rail,25471
2022-09-19,rail_monorail,rail,32929
2022-09-20,rail_monorail,rail,33904
2022-09-21,rail_monorail,rail,34817
2022-09-22,rail_monorail,rail,35712
2022-09-23,rail_monorail,rail,36377
2022-09-24,rail_monorail,rail,30825
2022-09-25,rail_monorail,rail,27495
2022-09-26,rail_monorail,rail,31912
2022-09-27,rail_monorail,rail,35162
2022-09-28,rail_monorail,rail,35536
2022-09-29,rail_monorail,rail,35454
2022-09-30,rail_monorail,rail,37417
2022-10-01,rail_monorail,rail,32171
2022-10-02,rail_monorail,rail,30833
2022-10-03,rail_monorail,rail,36553
2022-10-04,rail_monorail,rail,37419
2022-10-05,rail_monorail,rail,37852
2022-10-06,rail_monorail,rail,38142
2022-10-07,rail_monorail,rail,40062
2022-10-08,rail_monorail,rail,35525
2022-10-09,rail_monorail,rail,37969
2022-10-10,rail_monorail,rail,27225
2022-10-11,rail_monorail,rail,38133
2022-10-12,rail_monorail,rail,38188
2022-10-13,rail_monorail,rail,37442
2022-10-14,rail_monorail,rail,39618
2022-10-15,rail_monorail,rail,31574
2022-10-16,rail_monorail,rail,30149
2022-10-17,rail_monorail,rail,36473
2022-10-18,rail_monorail,rail,37125
2022-10-19,rail_monorail,rail,37229
2022-10-20,rail_monorail,rail,38633
2022-10-21,rail_monorail,rail,40305
2022-10-22,rail_monorail,rail,36040
2022-10-23,rail_monorail,rail,40629
2022-10-24,rail_monorail,rail,32713
2022-10-25,rail_monorail,rail,35348
2022-10-26,rail_monorail,rail,34764
2022-10-27,rail_monorail,rail,35269
2022-10-28,rail_monorail,rail,37216
2022-10-29,rail_monorail,rail,31324
2022-10-30,rail_monorail,rail,27505
2022-10-31,rail_monorail,rail,35372
2022-11-01,rail_monorail,rail,37072
2022-11-02,rail_monorail,rail,37402
2022-11-03,rail_monorail,rail,37200
2022-11-04,rail_monorail,rail,40336
2022-11-05,rail_monorail,rail,34467
2022-11-06,rail_monorail,rail,29743
2022-11-07,rail_monorail,rail,38105
2022-11-08,rail_monorail,rail,46679
2022-11-09,rail_monorail,rail,46778
2022-11-10,rail_monorail,rail,46353
2022-11-11,rail_monorail,rail,48784
2022-11-12,rail_monorail,rail,37374
2022-11-13,rail_monorail,rail,33615
2022-11-14,rail_monorail,rail,35894
2022-11-15,rail_monorail,rail,35891
2022-11-16,rail_monorail,rail,36704
2022-11-17,rail_monorail,rail,36722
2022-11-18,rail_monorail,rail,25940
2022-11-19,rail_monorail,rail,26726
2022-11-20,rail_monorail,rail,25270
2022-11-21,rail_monorail,rail,32686
2022-11-22,rail_monorail,rail,34216
2022-11-23,rail_monorail,rail,36430
2022-11-24,rail_monorail,rail,37569
2022-11-25,rail_monorail,rail,39214
2022-11-26,rail_monorail,rail,32198
2022-11-27,rail_monorail,rail,33911
2022-11-28,rail_monorail,rail,27468
2022-11-29,rail_monorail,rail,28678
2022-11-30,rail_monorail,rail,40490
2022-12-01,rail_monorail,rail,41816
2022-12-02,rail_monorail,rail,44350
2022-12-03,rail_monorail,rail,38778
2022-12-04,rail_monorail,rail,35126
2022-12-05,rail_monorail,rail,39561
2022-12-06,rail_monorail,rail,40437
2022-12-07,rail_monorail,rail,42806
2022-12-08,rail_monorail,rail,41573
2022-12-09,rail_monorail,rail,43336
2022-12-10,rail_monorail,rail,37633
2022-12-11,rail_monorail,rail,39370
2022-12-12,rail_monorail,rail,45724
2022-12-13,rail_monorail,rail,41561
2022-12-14,rail_monorail,rail,40930
2022-12-15,rail_monorail,rail,41718
2022-12-16,rail_monorail,rail,45194
2022-12-17,rail_monorail,rail,42894
2022-12-18,rail_monorail,rail,40680
2022-12-19,rail_monorail,rail,42581
2022-12-20,rail_monorail,rail,42359
2022-12-21,rail_monorail,rail,41947
2022-12-22,rail_monorail,rail,41747
2022-12-23,rail_monorail,rail,45075
2022-12-24,rail_monorail,rail,48269
2022-12-25,rail_monorail,rail,57588
2022-12-26,rail_monorail,rail,37171
2022-12-27,rail_monorail,rail,40577
2022-12-28,rail_monorail,rail,41128
2022-12-29,rail_monorail,rail,42552
2022-12-30,rail_monorail,rail,44110
2022-12-31,rail_monorail,rail,52052
2023-01-01,rail_monorail,rail,46494
2023-01-02,rail_monorail,rail,29279
2023-01-03,rail_monorail,rail,37780
2023-01-04,rail_monorail,rail,38432
2023-01-05,rail_monorail,rail,40666
2023-01-06,rail_monorail,rail,41227
2023-01-07,rail_monorail,rail,33381
2023-01-08,rail_monorail,rail,29963
2023-01-09,rail_monorail,rail,38387
2023-01-10,rail_monorail,rail,40226
2023-01-11,rail_monorail,rail,41137
2023-01-12,rail_monorail,rail,44585
2023-01-13,rail_monorail,rail,42786
2023-01-14,rail_monorail,rail,34708
2023-01-15,rail_monorail,rail,31204
2023-01-16,rail_monorail,rail,38848
2023-01-17,rail_monorail,rail,39971
2023-01-18,rail_monorail,rail,40050
2023-01-19,rail_monorail,rail,40731
2023-01-20,rail_monorail,rail,40433
2023-01-21,rail_monorail,rail,34477
2023-01-22,rail_monorail,rail,46299
2023-01-23,rail_monorail,rail,41776
2023-01-24,rail_monorail,rail,30541
2023-01-25,rail_monorail,rail,37053
2023-01-26,rail_monorail,rail,37251
2023-01-27,rail_monorail,rail,46732
2023-01-28,rail_monorail,rail,37069
2023-01-29,rail_monorail,rail,32996
2023-01-30,rail_monorail,rail,45793
2023-01-31,rail_monorail,rail,47422
2023-02-01,rail_monorail,rail,30047
2023-02-02,rail_monorail,rail,49678
2023-02-03,rail_monorail,rail,51514
2023-02-04,rail_monorail,rail,40187
2023-02-05,rail_monorail,rail,41268
2023-02-06,rail_monorail,rail,30224
2023-02-07,rail_monorail,rail,50005
2023-02-08,rail_monorail,rail,50646
2023-02-09,rail_monorail,rail,51324
2023-02-10,rail_monorail,rail,54263
2023-02-11,rail_monorail,rail,42515
2023-02-12,rail_monorail,rail,40127
2023-02-13,rail_monorail,rail,51592
2023-02-14,rail_monorail,rail,54686
2023-02-15,rail_monorail,rail,52052
2023-02-16,rail_monorail,rail,51749
2023-02-17,rail_monorail,rail,52707
2023-02-18,rail_monorail,rail,39449
2023-02-19,rail_monorail,rail,37181
2023-02-20,rail_monorail,rail,50742
2023-02-21,rail_monorail,rail,51158
2023-02-22,rail_monorail,rail,51290
2023-02-23,rail_monorail,rail,51159
2023-02-24,rail_monorail,rail,52657
2023-02-25,rail_monorail,rail,42671
2023-02-26,rail_monorail,rail,39152
2023-02-27,rail_monorail,rail,49445
2023-02-28,rail_monorail,rail,51995
2023-03-01,rail_monorail,rail,55285
2023-03-02,rail_monorail,rail,55992
2023-03-03,rail_monorail,rail,59131
2023-03-04,rail_monorail,rail,52332
2023-03-05,rail_monorail,rail,48773
2023-03-06,rail_monorail,rail,57830
2023-03-07,rail_monorail,rail,57650
2023-03-08,rail_monorail,rail,58805
2023-03-09,rail_monorail,rail,58311
2023-03-10,rail_monorail,rail,59942
2023-03-11,rail_monorail,rail,47848
2023-03-12,rail_monorail,rail,45211
2023-03-13,rail_monorail,rail,54995
2023-03-14,rail_monorail,rail,55705
2023-03-15,rail_monorail,rail,57065
2023-03-16,rail_monorail,rail,56168
2023-03-17,rail_monorail,rail,55931
2023-03-18,rail_monorail,rail,47086
2023-03-19,rail_monorail,rail,42258
2023-03-20,rail_monorail,rail,50331
2023-03-21,rail_monorail,rail,51721
2023-03-22,rail_monorail,rail,53392
2023-03-23,rail_monorail,rail,47882
2023-03-24,rail_monorail,rail,47358
2023-03-25,rail_monorail,rail,32464
2023-03-26,rail_monorail,rail,30376
2023-03-27,rail_monorail,rail,46422
2023-03-28,rail_monorail,rail,48360
2023-03-29,rail_monorail,rail,47447
2023-03-30,rail_monorail,rail,48596
2023-03-31,rail_monorail,rail,49840
2023-04-01,rail_monorail,rail,34984
2023-04-02,rail_monorail,rail,32652
2023-04-03,rail_monorail,rail,46728
2023-04-04,rail_monorail,rail,48900
2023-04-05,rail_monorail,rail,49153
2023-04-06,rail_monorail,rail,49919
2023-04-07,rail_monorail,rail,53003
2023-04-08,rail_monorail,rail,46194
2023-04-09,rail_monorail,rail,41170
2023-04-10,rail_monorail,rail,50067
2023-04-11,rail_monorail,rail,51183
2023-04-12,rail_monorail,rail,51394
2023-04-13,rail_monorail,rail,51069
2023-04-14,rail_monorail,rail,54412
2023-04-15,rail_monorail,rail,43667
2023-04-16,rail_monorail,rail,40146
2023-04-17,rail_monorail,rail,50333
2023-04-18,rail_monorail,rail,52778
2023-04-19,rail_monorail,rail,51282
2023-04-20,rail_monorail,rail,47761
2023-04-21,rail_monorail,rail,39308
2023-04-22,rail_monorail,rail,46109
2023-04-23,rail_monorail,rail,53910
2023-04-24,rail_monorail,rail,38414
2023-04-25,rail_monorail,rail,43353
2023-04-26,rail_monorail,rail,43564
2023-04-27,rail_monorail,rail,44351
2023-04-28,rail_monorail,rail,46201
2023-04-29,rail_monorail,rail,36663
2023-04-30,rail_monorail,rail,38959
2023-05-01,rail_monorail,rail,35822
2023-05-02,rail_monorail,rail,48340
2023-05-03,rail_monorail,rail,48997
2023-05-04,rail_monorail,rail,35206
2023-05-05,rail_monorail,rail,47273
2023-05-06,rail_monorail,rail,36472
2023-05-07,rail_monorail,rail,34236
2023-05-08,rail_monorail,rail,47794
2023-05-09,rail_monorail,rail,50362
2023-05-10,rail_monorail,rail,50912
2023-05-11,rail_monorail,rail,50063
2023-05-12,rail_monorail,rail,51220
2023-05-13,rail_monorail,rail,38869
2023-05-14,rail_monorail,rail,37153
2023-05-15,rail_monorail,rail,49381
2023-05-16,rail_monorail,rail,49804
2023-05-17,rail_monorail,rail,50043
2023-05-18,rail_monorail,rail,48589
2023-05-19,rail_monorail,rail,53865
2023-05-20,rail_monorail,rail,41021
2023-05-21,rail_monorail,rail,37465
2023-05-22,rail_monorail,rail,47900
2023-05-23,rail_monorail,rail,49143
2023-05-24,rail_monorail,rail,48335
2023-05-25,rail_monorail,rail,48186
2023-05-26,rail_monorail,rail,52790
2023-05-27,rail_monorail,rail,46404
2023-05-28,rail_monorail,rail,44106
2023-05-29,rail_monorail,rail,51834
2023-05-30,rail_monorail,rail,53485
2023-05-31,rail_monorail,rail,54916
2023-06-01,rail_monorail,rail,55529
2023-06-02,rail_monorail,rail,57731
2023-06-03,rail_monorail,rail,49680
2023-06-04,rail_monorail,rail,51853
2023-06-05,rail_monorail,rail,36035
2023-06-06,rail_monorail,rail,49066
2023-06-07,rail_monorail,rail,50768
2023-06-08,rail_monorail,rail,51878
2023-06-09,rail_monorail,rail,53128
2023-06-10,rail_monorail,rail,41532
2023-06-11,rail_monorail,rail,39072
2023-06-12,rail_monorail,rail,50145
2023-06-13,rail_monorail,rail,50513
2023-06-14,rail_monorail,rail,51519
2023-06-15,rail_monorail,rail,51794
2023-06-16,rail_monorail,rail,53753
2023-06-17,rail_monorail,rail,41295
2023-06-18,rail_monorail,rail,38276
2023-06-19,rail_monorail,rail,48703
2023-06-20,rail_monorail,rail,48001
2023-06-21,rail_monorail,rail,49923
2023-06-22,rail_monorail,rail,49390
2023-06-23,rail_monorail,rail,53020
2023-06-24,rail_monorail,rail,41055
2023-06-25,rail_monorail,rail,37440
2023-06-26,rail_monorail,rail,48452
2023-06-27,rail_monorail,rail,52354
2023-06-28,rail_monorail,rail,52203
2023-06-29,rail_monorail,rail,46684
2023-06-30,rail_monorail,rail,52882
2023-07-01,rail_monorail,rail,41007
2023-07-02,rail_monorail,rail,35321
2023-07-03,rail_monorail,rail,50047
2023-07-04,rail_monorail,rail,50875
2023-07-05,rail_monorail,rail,54311
2023-07-06,rail_monorail,rail,53287
2023-07-07,rail_monorail,rail,56707
2023-07-08,rail_monorail,rail,46789
2023-07-09,rail_monorail,rail,40863
2023-07-10,rail_monorail,rail,53122
2023-07-11,rail_monorail,rail,52992
2023-07-12,rail_monorail,rail,54006
2023-07-13,rail_monorail,rail,53780
2023-07-14,rail_monorail,rail,55400
2023-07-15,rail_monorail,rail,46850
2023-07-16,rail_monorail,rail,39691
2023-07-17,rail_monorail,rail,49854
2023-07-18,rail_monorail,rail,51482
2023-07-19,rail_monorail,rail,35702
2023-07-20,rail_monorail,rail,52035
2023-07-21,rail_monorail,rail,53419
2023-07-22,rail_monorail,rail,40448
2023-07-23,rail_monorail,rail,36271
2023-07-24,rail_monorail,rail,49600
2023-07-25,rail_monorail,rail,51558
2023-07-26,rail_monorail,rail,52352
2023-07-27,rail_monorail,rail,52459
2023-07-28,rail_monorail,rail,55341
2023-07-29,rail_monorail,rail,48806
2023-07-30,rail_monorail,rail,40371
2023-07-31,rail_monorail,rail,52310
2023-08-01,rail_monorail,rail,53354
2023-08-02,rail_monorail,rail,54395
2023-08-03,rail_monorail,rail,54318
2023-08-04,rail_monorail,rail,56500
2023-08-05,rail_monorail,rail,48462
2023-08-06,rail_monorail,rail,45407
2023-08-07,rail_monorail,rail,53930
2023-08-08,rail_monorail,rail,54891
2023-08-09,rail_monorail,rail,55053
2023-08-10,rail_monorail,rail,53927
2023-08-11,rail_monorail,rail,54350
2023-08-12,rail_monorail,rail,40978
2023-08-13,rail_monorail,rail,41841
2023-08-14,rail_monorail,rail,52644
2023-08-15,rail_monorail,rail,53992
2023-08-16,rail_monorail,rail,54885
2023-08-17,rail_monorail,rail,53822
2023-08-18,rail_monorail,rail,55405
2023-08-19,rail_monorail,rail,41721
2023-08-20,rail_monorail,rail,39595
2023-08-21,rail_monorail,rail,51939
2023-08-22,rail_monorail,rail,53310
2023-08-23,rail_monorail,rail,53216
2023-08-24,rail_monorail,rail,53014
2023-08-25,rail_monorail,rail,54798
2023-08-26,rail_monorail,rail,45798
2023-08-27,rail_monorail,rail,41547
2023-08-28,rail_monorail,rail,53894
2023-08-29,rail_monorail,rail,56469
2023-08-30,rail_monorail,rail,62345
2023-08-31,rail_monorail,rail,55505
2023-09-01,rail_monorail,rail,55139
2023-09-02,rail_monorail,rail,43543
2023-09-03,rail_monorail,rail,37293
2023-09-04,rail_monorail,rail,50667
2023-09-05,rail_monorail,rail,53200
2023-09-06,rail_monorail,rail,54268
2023-09-07,rail_monorail,rail,55193
2023-09-08,rail_monorail,rail,56237
2023-09-09,rail_monorail,rail,51755
2023-09-10,rail_monorail,rail,48423
2023-09-11,rail_monorail,rail,51266
2023-09-12,rail_monorail,rail,53050
2023-09-13,rail_monorail,rail,53462
2023-09-14,rail_monorail,rail,53424
2023-09-15,rail_monorail,rail,57763
2023-09-16,rail_monorail,rail,51784
2023-09-17,rail_monorail,rail,39989
2023-09-18,rail_monorail,rail,51361
2023-09-19,rail_monorail,rail,52439
2023-09-20,rail_monorail,rail,53074
2023-09-21,rail_monorail,rail,52842
2023-09-22,rail_monorail,rail,55096
2023-09-23,rail_monorail,rail,42682
2023-09-24,rail_monorail,rail,38431
2023-09-25,rail_monorail,rail,51868
2023-09-26,rail_monorail,rail,52453
2023-09-27,rail_monorail,rail,54867
2023-09-28,rail_monorail,rail,42603
2023-09-29,rail_monorail,rail,55880
2023-09-30,rail_monorail,rail,49665
2023-10-01,rail_monorail,rail,43405
2023-10-02,rail_monorail,rail,53139
2023-10-03,rail_monorail,rail,53590
2023-10-04,rail_monorail,rail,53911
2023-10-05,rail_monorail,rail,54863
2023-10-06,rail_monorail,rail,58543
2023-10-07,rail_monorail,rail,49072
2023-10-08,rail_monorail,rail,45088
2023-10-09,rail_monorail,rail,53553
2023-10-10,rail_monorail,rail,54416
2023-10-11,rail_monorail,rail,54761
2023-10-12,rail_monorail,rail,53359
2023-10-13,rail_monorail,rail,57231
2023-10-14,rail_monorail,rail,46244
2023-10-15,rail_monorail,rail,41828
2023-10-16,rail_monorail,rail,52511
2023-10-17,rail_monorail,rail,54061
2023-10-18,rail_monorail,rail,54989
2023-10-19,rail_monorail,rail,55572
2023-10-20,rail_monorail,rail,57816
2023-10-21,rail_monorail,rail,45281
2023-10-22,rail_monorail,rail,41331
2023-10-23,rail_monorail,rail,53884
2023-10-24,rail_monorail,rail,56513
2023-10-25,rail_monorail,rail,57709
2023-10-26,rail_monorail,rail,57354
2023-10-27,rail_monorail,rail,60189
2023-10-28,rail_monorail,rail,48649
2023-10-29,rail_monorail,rail,41459
2023-10-30,rail_monorail,rail,55086
2023-10-31,rail_monorail,rail,57028
2023-11-01,rail_monorail,rail,57820
2023-11-02,rail_monorail,rail,58274
2023-11-03,rail_monorail,rail,59913
2023-11-04,rail_monorail,rail,49301
2023-11-05,rail_monorail,rail,45456
2023-11-06,rail_monorail,rail,55950
2023-11-07,rail_monorail,rail,59216
2023-11-08,rail_monorail,rail,59150
2023-11-09,rail_monorail,rail,59143
2023-11-10,rail_monorail,rail,61061
2023-11-11,rail_monorail,rail,58189
2023-11-12,rail_monorail,rail,65967
2023-11-13,rail_monorail,rail,46834
2023-11-14,rail_monorail,rail,55153
2023-11-15,rail_monorail,rail,57107
2023-11-16,rail_monorail,rail,56599
2023-11-17,rail_monorail,rail,57383
2023-11-18,rail_monorail,rail,46432
2023-11-19,rail_monorail,rail,41568
2023-11-20,rail_monorail,rail,55532
2023-11-21,rail_monorail,rail,58940
2023-11-22,rail_monorail,rail,62450
2023-11-23,rail_monorail,rail,62398
2023-11-24,rail_monorail,rail,62591
2023-11-25,rail_monorail,rail,51628
2023-11-26,rail_monorail,rail,46357
2023-11-27,rail_monorail,rail,56140
2023-11-28,rail_monorail,rail,59051
2023-11-29,rail_monorail,rail,58403
2023-11-30,rail_monorail,rail,59321
2023-12-01,rail_monorail,rail,61845
2023-12-02,rail_monorail,rail,52745
2023-12-03,rail_monorail,rail,49677
2023-12-04,rail_monorail,rail,57278
2023-12-05,rail_monorail,rail,58059
2023-12-06,rail_monorail,rail,59617
2023-12-07,rail_monorail,rail,60404
2023-12-08,rail_monorail,rail,67467
2023-12-09,rail_monorail,rail,55417
2023-12-10,rail_monorail,rail,55027
2023-12-11,rail_monorail,rail,60232
2023-12-12,rail_monorail,rail,58386
2023-12-13,rail_monorail,rail,55103
2023-12-14,rail_monorail,rail,55364
2023-12-15,rail_monorail,rail,57597
2023-12-16,rail_monorail,rail,50605
2023-12-17,rail_monorail,rail,50449
2023-12-18,rail_monorail,rail,58056
2023-12-19,rail_monorail,rail,58686
2023-12-20,rail_monorail,rail,59167
2023-12-21,rail_monorail,rail,58541
2023-12-22,rail_monorail,rail,60866
2023-12-23,rail_monorail,rail,57465
2023-12-24,rail_monorail,rail,68843
2023-12-25,rail_monorail,rail,56232
2023-12-26,rail_monorail,rail,55672
2023-12-27,rail_monorail,rail,55830
2023-12-28,rail_monorail,rail,57203
2023-12-29,rail_monorail,rail,57407
2023-12-30,rail_monorail,rail,53934
2023-12-31,rail_monorail,rail,79585
2024-01-01,rail_monorail,rail,51696
2024-01-02,rail_monorail,rail,57332
2024-01-03,rail_monorail,rail,56375
2024-01-04,rail_monorail,rail,55223
2024-01-05,rail_monorail,rail,57190
2024-01-06,rail_monorail,rail,44585
2024-01-07,rail_monorail,rail,39254
2024-01-08,rail_monorail,rail,56278
2024-01-09,rail_monorail,rail,56917
2024-01-10,rail_monorail,rail,57709
2024-01-11,rail_monorail,rail,59613
2024-01-12,rail_monorail,rail,61195
2024-01-13,rail_monorail,rail,48575
2024-01-14,rail_monorail,rail,44741
2024-01-15,rail_monorail,rail,56945
2024-01-16,rail_monorail,rail,57168
2024-01-17,rail_monorail,rail,57981
2024-01-18,rail_monorail,rail,59204
2024-01-19,rail_monorail,rail,59954
2024-01-20,rail_monorail,rail,46208
2024-01-21,rail_monorail,rail,42970
2024-01-22,rail_monorail,rail,57633
2024-01-23,rail_monorail,rail,59663
2024-01-24,rail_monorail,rail,62053
2024-01-25,rail_monorail,rail,41704
2024-01-26,rail_monorail,rail,59550
2024-01-27,rail_monorail,rail,47548
2024-01-28,rail_monorail,rail,42535
2024-01-29,rail_monorail,rail,59158
2024-01-30,rail_monorail,rail,59925
2024-01-31,rail_monorail,rail,63215
2024-02-01,rail_monorail,rail,38708
2024-02-02,rail_monorail,rail,59159
2024-02-03,rail_monorail,rail,53502
2024-02-04,rail_monorail,rail,46048
2024-02-05,rail_monorail,rail,58095
2024-02-06,rail_monorail,rail,59472
2024-02-07,rail_monorail,rail,61496
2024-02-08,rail_monorail,rail,58465
2024-02-09,rail_monorail,rail,59148
2024-02-10,rail_monorail,rail,68149
2024-02-11,rail_monorail,rail,70687
2024-02-12,rail_monorail,rail,50706
2024-02-13,rail_monorail,rail,56343
2024-02-14,rail_monorail,rail,56279
2024-02-15,rail_monorail,rail,55506
2024-02-16,rail_monorail,rail,55202
2024-02-17,rail_monorail,rail,43440
2024-02-18,rail_monorail,rail,40257
2024-02-19,rail_monorail,rail,53312
2024-02-20,rail_monorail,rail,54497
2024-02-21,rail_monorail,rail,57684
2024-02-22,rail_monorail,rail,56753
2024-02-23,rail_monorail,rail,60272
2024-02-24,rail_monorail,rail,50639
2024-02-25,rail_monorail,rail,48376
2024-02-26,rail_monorail,rail,56729
2024-02-27,rail_monorail,rail,56226
2024-02-28,rail_monorail,rail,57466
2024-02-29,rail_monorail,rail,59795
2024-03-01,rail_monorail,rail,62089
2024-03-02,rail_monorail,rail,55338
2024-03-03,rail_monorail,rail,54661
2024-03-04,rail_monorail,rail,59523
2024-03-05,rail_monorail,rail,60525
2024-03-06,rail_monorail,rail,61041
2024-03-07,rail_monorail,rail,60294
2024-03-08,rail_monorail,rail,62877
2024-03-09,rail_monorail,rail,54303
2024-03-10,rail_monorail,rail,51903
2024-03-11,rail_monorail,rail,59478
2024-03-12,rail_monorail,rail,53876
2024-03-13,rail_monorail,rail,53256
2024-03-14,rail_monorail,rail,53163
2024-03-15,rail_monorail,rail,52790
2024-03-16,rail_monorail,rail,37208
2024-03-17,rail_monorail,rail,35078
2024-03-18,rail_monorail,rail,53048
2024-03-19,rail_monorail,rail,52783
2024-03-20,rail_monorail,rail,53653
2024-03-21,rail_monorail,rail,52547
2024-03-22,rail_monorail,rail,52855
2024-03-23,rail_monorail,rail,38859
2024-03-24,rail_monorail,rail,36805
2024-03-25,rail_monorail,rail,53337
2024-03-26,rail_monorail,rail,53002
2024-03-27,rail_monorail,rail,55175
2024-03-28,rail_monorail,rail,38093
2024-03-29,rail_monorail,rail,53130
2024-03-30,rail_monorail,rail,46335
2024-03-31,rail_monorail,rail,40731
2024-04-01,rail_monorail,rail,53052
2024-04-02,rail_monorail,rail,53697
2024-04-03,rail_monorail,rail,54983
2024-04-04,rail_monorail,rail,53250
2024-04-05,rail_monorail,rail,56445
2024-04-06,rail_monorail,rail,45195
2024-04-07,rail_monorail,rail,47574
2024-04-08,rail_monorail,rail,51693
2024-04-09,rail_monorail,rail,56915
2024-04-10,rail_monorail,rail,61197
2024-04-11,rail_monorail,rail,62956
2024-04-12,rail_monorail,rail,53776
2024-04-13,rail_monorail,rail,43188
2024-04-14,rail_monorail,rail,37998
2024-04-15,rail_monorail,rail,49334
2024-04-16,rail_monorail,rail,51639
2024-04-17,rail_monorail,rail,52924
2024-04-18,rail_monorail,rail,52050
2024-04-19,rail_monorail,rail,53788
2024-04-20,rail_monorail,rail,42710
2024-04-21,rail_monorail,rail,40789
2024-04-22,rail_monorail,rail,53584
2024-04-23,rail_monorail,rail,55248
2024-04-24,rail_monorail,rail,55395
2024-04-25,rail_monorail,rail,55801
2024-04-26,rail_monorail,rail,56404
2024-04-27,rail_monorail,rail,47139
2024-04-28,rail_monorail,rail,43748
2024-04-29,rail_monorail,rail,55840
2024-04-30,rail_monorail,rail,58774
2024-05-01,rail_monorail,rail,46327
2024-05-02,rail_monorail,rail,54081
2024-05-03,rail_monorail,rail,60125
2024-05-04,rail_monorail,rail,49000
2024-05-05,rail_monorail,rail,46306
2024-05-06,rail_monorail,rail,57200
2024-05-07,rail_monorail,rail,29351
2024-05-08,rail_monorail,rail,28097
2024-05-09,rail_monorail,rail,52071
2024-05-10,rail_monorail,rail,56660
2024-05-11,rail_monorail,rail,45689
2024-05-12,rail_monorail,rail,47674
2024-05-13,rail_monorail,rail,55298
2024-05-14,rail_monorail,rail,54970
2024-05-15,rail_monorail,rail,55196
2024-05-16,rail_monorail,rail,55939
2024-05-17,rail_monorail,rail,57113
2024-05-18,rail_monorail,rail,47953
2024-05-19,rail_monorail,rail,44665
2024-05-20,rail_monorail,rail,52779
2024-05-21,rail_monorail,rail,55237
2024-05-22,rail_monorail,rail,41822
2024-05-23,rail_monorail,rail,53432
2024-05-24,rail_monorail,rail,57822
2024-05-25,rail_monorail,rail,49453
2024-05-26,rail_monorail,rail,48425
2024-05-27,rail_monorail,rail,57351
2024-05-28,rail_monorail,rail,59576
2024-05-29,rail_monorail,rail,61219
2024-05-30,rail_monorail,rail,61632
2024-05-31,rail_monorail,rail,62698
2024-06-01,rail_monorail,rail,55859
2024-06-02,rail_monorail,rail,60246
2024-06-03,rail_monorail,rail,44106
2024-06-04,rail_monorail,rail,54798
2024-06-05,rail_monorail,rail,55326
2024-06-06,rail_monorail,rail,54470
2024-06-07,rail_monorail,rail,58342
2024-06-08,rail_monorail,rail,49750
2024-06-09,rail_monorail,rail,49056
2024-06-10,rail_monorail,rail,57746
2024-06-11,rail_monorail,rail,57438
2024-06-12,rail_monorail,rail,57629
2024-06-13,rail_monorail,rail,56094
2024-06-14,rail_monorail,rail,57857
2024-06-15,rail_monorail,rail,50963
2024-06-16,rail_monorail,rail,56223
2024-06-17,rail_monorail,rail,52951
2024-06-18,rail_monorail,rail,57587
2024-06-19,rail_monorail,rail,53446
2024-06-20,rail_monorail,rail,53377
2024-06-21,rail_monorail,rail,55732
2024-06-22,rail_monorail,rail,47404
2024-06-23,rail_monorail,rail,41616
2024-06-24,rail_monorail,rail,52722
2024-06-25,rail_monorail,rail,53506
2024-06-26,rail_monorail,rail,54934
2024-06-27,rail_monorail,rail,54446
2024-06-28,rail_monorail,rail,57884
2024-06-29,rail_monorail,rail,51657
2024-06-30,rail_monorail,rail,47363
2024-07-01,rail_monorail,rail,55157
2024-07-02,rail_monorail,rail,56567
2024-07-03,rail_monorail,rail,57082
2024-07-04,rail_monorail,rail,57609
2024-07-05,rail_monorail,rail,61013
2024-07-06,rail_monorail,rail,56046
2024-07-07,rail_monorail,rail,57455
2024-07-08,rail_monorail,rail,42438
2024-07-09,rail_monorail,rail,56539
2024-07-10,rail_monorail,rail,58792
2024-07-11,rail_monorail,rail,57623
2024-07-12,rail_monorail,rail,60149
2024-07-13,rail_monorail,rail,51341
2024-07-14,rail_monorail,rail,46527
2024-07-15,rail_monorail,rail,55544
2024-07-16,rail_monorail,rail,54769
2024-07-17,rail_monorail,rail,55063
2024-07-18,rail_monorail,rail,55062
2024-07-19,rail_monorail,rail,47692
2024-07-20,rail_monorail,rail,51709
2024-07-21,rail_monorail,rail,44861
2024-07-22,rail_monorail,rail,54640
2024-07-23,rail_monorail,rail,53465
2024-07-24,rail_monorail,rail,53975
2024-07-25,rail_monorail,rail,54526
2024-07-26,rail_monorail,rail,58401
2024-07-27,rail_monorail,rail,52047
2024-07-28,rail_monorail,rail,46862
2024-07-29,rail_monorail,rail,54776
2024-07-30,rail_monorail,rail,56368
2024-07-31,rail_monorail,rail,57595
2024-08-01,rail_monorail,rail,57175
2024-08-02,rail_monorail,rail,61655
2024-08-03,rail_monorail,rail,58147
2024-08-04,rail_monorail,rail,51984
2024-08-05,rail_monorail,rail,57533
2024-08-06,rail_monorail,rail,58800
2024-08-07,rail_monorail,rail,58871
2024-08-08,rail_monorail,rail,59990
2024-08-09,rail_monorail,rail,63489
2024-08-10,rail_monorail,rail,56209
2024-08-11,rail_monorail,rail,48111
2024-08-12,rail_monorail,rail,58410
2024-08-13,rail_monorail,rail,57624
2024-08-14,rail_monorail,rail,57424
2024-08-15,rail_monorail,rail,57708
2024-08-16,rail_monorail,rail,60230
2024-08-17,rail_monorail,rail,54721
2024-08-18,rail_monorail,rail,48959
2024-08-19,rail_monorail,rail,57015
2024-08-20,rail_monorail,rail,56791
2024-08-21,rail_monorail,rail,56710
2024-08-22,rail_monorail,rail,56581
2024-08-23,rail_monorail,rail,60312
2024-08-24,rail_monorail,rail,51137
2024-08-25,rail_monorail,rail,45165
2024-08-26,rail_monorail,rail,54211
2024-08-27,rail_monorail,rail,55178
2024-08-28,rail_monorail,rail,55133
2024-08-29,rail_monorail,rail,54351
2024-08-30,rail_monorail,rail,60811
2024-08-31,rail_monorail,rail,61590
2024-09-01,rail_monorail,rail,39374
2024-09-02,rail_monorail,rail,48918
2024-09-03,rail_monorail,rail,49734
2024-09-04,rail_monorail,rail,55323
2024-09-05,rail_monorail,rail,55233
2024-09-06,rail_monorail,rail,58146
2024-09-07,rail_monorail,rail,54283
2024-09-08,rail_monorail,rail,48146
2024-09-09,rail_monorail,rail,55820
2024-09-10,rail_monorail,rail,56036
2024-09-11,rail_monorail,rail,55484
2024-09-12,rail_monorail,rail,53859
2024-09-13,rail_monorail,rail,56406
2024-09-14,rail_monorail,rail,53480
2024-09-15,rail_monorail,rail,60805
2024-09-16,rail_monorail,rail,56322
2024-09-17,rail_monorail,rail,43844
2024-09-18,rail_monorail,rail,57129
2024-09-19,rail_monorail,rail,57825
2024-09-20,rail_monorail,rail,57619
2024-09-21,rail_monorail,rail,45546
2024-09-22,rail_monorail,rail,40791
2024-09-23,rail_monorail,rail,52811
2024-09-24,rail_monorail,rail,52510
2024-09-25,rail_monorail,rail,52448
2024-09-26,rail_monorail,rail,54153
2024-09-27,rail_monorail,rail,57523
2024-09-28,rail_monorail,rail,49231
2024-09-29,rail_monorail,rail,46263
2024-09-30,rail_monorail,rail,53943
2024-10-01,rail_monorail,rail,55766
2024-10-02,rail_monorail,rail,55536
2024-10-03,rail_monorail,rail,57965
2024-10-04,rail_monorail,rail,63921
2024-10-05,rail_monorail,rail,54962
2024-10-06,rail_monorail,rail,54620
2024-10-07,rail_monorail,rail,58107
2024-10-08,rail_monorail,rail,57264
2024-10-09,rail_monorail,rail,55632
2024-10-10,rail_monorail,rail,56378
2024-10-11,rail_monorail,rail,60192
2024-10-12,rail_monorail,rail,51401
2024-10-13,rail_monorail,rail,50432
2024-10-14,rail_monorail,rail,56347
2024-10-15,rail_monorail,rail,55824
2024-10-16,rail_monorail,rail,57187
2024-10-17,rail_monorail,rail,57334
2024-10-18,rail_monorail,rail,59984
2024-10-19,rail_monorail,rail,48903
2024-10-20,rail_monorail,rail,46719
2024-10-21,rail_monorail,rail,56305
2024-10-22,rail_monorail,rail,56816
2024-10-23,rail_monorail,rail,56379
2024-10-24,rail_monorail,rail,57070
2024-10-25,rail_monorail,rail,60275
2024-10-26,rail_monorail,rail,53691
2024-10-27,rail_monorail,rail,46984
2024-10-28,rail_monorail,rail,55910
2024-10-29,rail_monorail,rail,57846
2024-10-30,rail_monorail,rail,60904
2024-10-31,rail_monorail,rail,58974
2024-11-01,rail_monorail,rail,60450
2024-11-02,rail_monorail,rail,52147
2024-11-03,rail_monorail,rail,45468
2024-11-04,rail_monorail,rail,57726
2024-11-05,rail_monorail,rail,56393
2024-11-06,rail_monorail,rail,58384
2024-11-07,rail_monorail,rail,59136
2024-11-08,rail_monorail,rail,62249
2024-11-09,rail_monorail,rail,56049
2024-11-10,rail_monorail,rail,49581
2024-11-11,rail_monorail,rail,59504
2024-11-12,rail_monorail,rail,58746
2024-11-13,rail_monorail,rail,57753
2024-11-14,rail_monorail,rail,58757
2024-11-15,rail_monorail,rail,60945
2024-11-16,rail_monorail,rail,50028
2024-11-17,rail_monorail,rail,47832
2024-11-18,rail_monorail,rail,57658
2024-11-19,rail_monorail,rail,59075
2024-11-20,rail_monorail,rail,58457
2024-11-21,rail_monorail,rail,60464
2024-11-22,rail_monorail,rail,64312
2024-11-23,rail_monorail,rail,55863
2024-11-24,rail_monorail,rail,48432
2024-11-25,rail_monorail,rail,59507
2024-11-26,rail_monorail,rail,59580
2024-11-27,rail_monorail,rail,58705
2024-11-28,rail_monorail,rail,61035
2024-11-29,rail_monorail,rail,64625
2024-11-30,rail_monorail,rail,60964
2024-12-01,rail_monorail,rail,56509
2024-12-02,rail_monorail,rail,57998
2024-12-03,rail_monorail,rail,57483
2024-12-04,rail_monorail,rail,58217
2024-12-05,rail_monorail,rail,58664
2024-12-06,rail_monorail,rail,65202
2024-12-07,rail_monorail,rail,60526
2024-12-08,rail_monorail,rail,55712
2024-12-09,rail_monorail,rail,60105
2024-12-10,rail_monorail,rail,60475
2024-12-11,rail_monorail,rail,69585
2024-12-12,rail_monorail,rail,59843
2024-12-13,rail_monorail,rail,59794
2024-12-14,rail_monorail,rail,68682
2024-12-15,rail_monorail,rail,53303
2024-12-16,rail_monorail,rail,56766
2024-12-17,rail_monorail,rail,57430
2024-12-18,rail_monorail,rail,58953
2024-12-19,rail_monorail,rail,57475
2024-12-20,rail_monorail,rail,64359
2024-12-21,rail_monorail,rail,59550
2024-12-22,rail_monorail,rail,59626
2024-12-23,rail_monorail,rail,67210
2024-12-24,rail_monorail,rail,71627
2024-12-25,rail_monorail,rail,71911
2024-12-26,rail_monorail,rail,61988
2024-12-27,rail_monorail,rail,58789
2024-12-28,rail_monorail,rail,54792
2024-12-29,rail_monorail,rail,48545
2024-12-30,rail_monorail,rail,58341
2024-12-31,rail_monorail,rail,91717
2025-01-01,rail_monorail,rail,63975
2025-01-02,rail_monorail,rail,58586
2025-01-03,rail_monorail,rail,58028
2025-01-04,rail_monorail,rail,45689
2025-01-05,rail_monorail,rail,43643
2025-01-06,rail_monorail,rail,57141
2025-01-07,rail_monorail,rail,59809
2025-01-08,rail_monorail,rail,60455
2025-01-09,rail_monorail,rail,60784
2025-01-10,rail_monorail,rail,63975
2025-01-11,rail_monorail,rail,54728
2025-01-12,rail_monorail,rail,50788
2025-01-13,rail_monorail,rail,60121
2025-01-14,rail_monorail,rail,58722
2025-01-15,rail_monorail,rail,59735
2025-01-16,rail_monorail,rail,61021
2025-01-17,rail_monorail,rail,61852
2025-01-18,rail_monorail,rail,53169
2025-01-19,rail_monorail,rail,49417
2025-01-20,rail_monorail,rail,61575
2025-01-21,rail_monorail,rail,60436
2025-01-22,rail_monorail,rail,61243
2025-01-23,rail_monorail,rail,61474
2025-01-24,rail_monorail,rail,61790
2025-01-25,rail_monorail,rail,54539
2025-01-26,rail_monorail,rail,52761
2025-01-27,rail_monorail,rail,60559
2025-01-28,rail_monorail,rail,62646
2025-01-29,rail_monorail,rail,75441
2025-01-30,rail_monorail,rail,61052
2025-01-31,rail_monorail,rail,57612
2025-02-01,rail_monorail,rail,52757
2025-02-02,rail_monorail,rail,45905
2025-02-03,rail_monorail,rail,55957
2025-02-04,rail_monorail,rail,57506
2025-02-05,rail_monorail,rail,58448
2025-02-06,rail_monorail,rail,58998
2025-02-07,rail_monorail,rail,64394
2025-02-08,rail_monorail,rail,59906
2025-02-09,rail_monorail,rail,54431
2025-02-10,rail_monorail,rail,62215
2025-02-11,rail_monorail,rail,46687
2025-02-12,rail_monorail,rail,62018
2025-02-13,rail_monorail,rail,61774
2025-02-14,rail_monorail,rail,66647
2025-02-15,rail_monorail,rail,51742
2025-02-16,rail_monorail,rail,46317
2025-02-17,rail_monorail,rail,58108
2025-02-18,rail_monorail,rail,59626
2025-02-19,rail_monorail,rail,59812
2025-02-20,rail_monorail,rail,61402
2025-02-21,rail_monorail,rail,64475
2025-02-22,rail_monorail,rail,59440
2025-02-23,rail_monorail,rail,50227
2025-02-24,rail_monorail,rail,60522
2025-02-25,rail_monorail,rail,62582
2025-02-26,rail_monorail,rail,62213
2025-02-27,rail_monorail,rail,60832
2025-02-28,rail_monorail,rail,65148
2025-03-01,rail_monorail,rail,50793
2025-03-02,rail_monorail,rail,35938
2025-03-03,rail_monorail,rail,52959
2025-03-04,rail_monorail,rail,56133
2025-03-05,rail_monorail,rail,56676
2025-03-06,rail_monorail,rail,56592
2025-03-07,rail_monorail,rail,58917
2025-03-08,rail_monorail,rail,43448
2025-03-09,rail_monorail,rail,40372
2025-03-10,rail_monorail,rail,56088
2025-03-11,rail_monorail,rail,56856
2025-03-12,rail_monorail,rail,57075
2025-03-13,rail_monorail,rail,57132
2025-03-14,rail_monorail,rail,58262
2025-03-15,rail_monorail,rail,46520
2025-03-16,rail_monorail,rail,42357
2025-03-17,rail_monorail,rail,55778
2025-03-18,rail_monorail,rail,38483
2025-03-19,rail_monorail,rail,56787
2025-03-20,rail_monorail,rail,56784
2025-03-21,rail_monorail,rail,59951
2025-03-22,rail_monorail,rail,48275
2025-03-23,rail_monorail,rail,43641
2025-03-24,rail_monorail,rail,55309
2025-03-25,rail_monorail,rail,56098
2025-03-26,rail_monorail,rail,56386
2025-03-27,rail_monorail,rail,55191
2025-03-28,rail_monorail,rail,58493
2025-03-29,rail_monorail,rail,47300
2025-03-30,rail_monorail,rail,54527
2025-03-31,rail_monorail,rail,63542
2025-04-01,rail_monorail,rail,58783
2025-04-02,rail_monorail,rail,55285
2025-04-03,rail_monorail,rail,52397
2025-04-04,rail_monorail,rail,50295
2025-04-05,rail_monorail,rail,41095
2025-04-06,rail_monorail,rail,42329
2025-04-07,rail_monorail,rail,54565
2025-04-08,rail_monorail,rail,56016
2025-04-09,rail_monorail,rail,55590
2025-04-10,rail_monorail,rail,56618
2025-04-11,rail_monorail,rail,60289
2025-04-12,rail_monorail,rail,48874
2025-04-13,rail_monorail,rail,47020
2025-04-14,rail_monorail,rail,58917
2025-04-15,rail_monorail,rail,59803
2025-04-16,rail_monorail,rail,62982
2025-04-17,rail_monorail,rail,61465
2025-04-18,rail_monorail,rail,63559
2025-04-19,rail_monorail,rail,52567
2025-04-20,rail_monorail,rail,46891
2025-04-21,rail_monorail,rail,58806
2025-04-22,rail_monorail,rail,59187
2025-04-23,rail_monorail,rail,58651
2025-04-24,rail_monorail,rail,59267
2025-04-25,rail_monorail,rail,62226
2025-04-26,rail_monorail,rail,51168
2025-04-27,rail_monorail,rail,45702
2025-04-28,rail_monorail,rail,58492
2025-04-29,rail_monorail,rail,58142
2025-04-30,rail_monorail,rail,62445
2025-05-01,rail_monorail,rail,51892
2025-05-02,rail_monorail,rail,62407
2025-05-03,rail_monorail,rail,53680
2025-05-04,rail_monorail,rail,45313
2025-05-05,rail_monorail,rail,59914
2025-05-06,rail_monorail,rail,59605
2025-05-07,rail_monorail,rail,60206
2025-05-08,rail_monorail,rail,60569
2025-05-09,rail_monorail,rail,62674
2025-05-10,rail_monorail,rail,55656
2025-05-11,rail_monorail,rail,58142
2025-05-12,rail_monorail,rail,46499
2025-05-13,rail_monorail,rail,59407
2025-05-14,rail_monorail,rail,58814
2025-05-15,rail_monorail,rail,59898
2025-05-16,rail_monorail,rail,61306
2025-05-17,rail_monorail,rail,49403
2025-05-18,rail_monorail,rail,42852
2025-05-19,rail_monorail,rail,57035
2025-05-20,rail_monorail,rail,58811
2025-05-21,rail_monorail,rail,60208
2025-05-22,rail_monorail,rail,60620
2025-05-23,rail_monorail,rail,65132
2025-05-24,rail_monorail,rail,56059
2025-05-25,rail_monorail,rail,46670
2025-05-26,rail_monorail,rail,54785
2025-05-27,rail_monorail,rail,56716
2025-05-28,rail_monorail,rail,60401
2025-05-29,rail_monorail,rail,62840
2025-05-30,rail_monorail,rail,66455
2025-05-31,rail_monorail,rail,59536
2025-06-01,rail_monorail,rail,63271
2025-06-02,rail_monorail,rail,48644
2025-06-03,rail_monorail,rail,61195
2025-06-04,rail_monorail,rail,60373
2025-06-05,rail_monorail,rail,60136
2025-06-06,rail_monorail,rail,59910
2025-06-07,rail_monorail,rail,61041
2025-06-08,rail_monorail,rail,54318
2025-06-09,rail_monorail,rail,56409
2025-06-10,rail_monorail,rail,58405
2025-06-11,rail_monorail,rail,59653
2025-06-12,rail_monorail,rail,58792
2025-06-13,rail_monorail,rail,61824
2025-06-14,rail_monorail,rail,51582
2025-06-15,rail_monorail,rail,45601
2025-06-16,rail_monorail,rail,57615
2025-06-17,rail_monorail,rail,58409
2025-06-18,rail_monorail,rail,59505
2025-06-19,rail_monorail,rail,57890
2025-06-20,rail_monorail,rail,62276
2025-06-21,rail_monorail,rail,47895
2025-06-22,rail_monorail,rail,45718
2025-06-23,rail_monorail,rail,56785
2025-06-24,rail_monorail,rail,56860
2025-06-25,rail_monorail,rail,58354
2025-06-26,rail_monorail,rail,59612
2025-06-27,rail_monorail,rail,48208
2025-06-28,rail_monorail,rail,55488
2025-06-29,rail_monorail,rail,46777
2025-06-30,rail_monorail,rail,57120
2025-07-01,rail_monorail,rail,59794
2025-07-02,rail_monorail,rail,59681
2025-07-03,rail_monorail,rail,60904
2025-07-04,rail_monorail,rail,64877
2025-07-05,rail_monorail,rail,54788
2025-07-06,rail_monorail,rail,52970
2025-07-07,rail_monorail,rail,59805
2025-07-08,rail_monorail,rail,62596
2025-07-09,rail_monorail,rail,62005
2025-07-10,rail_monorail,rail,62468
2025-07-11,rail_monorail,rail,68484
2025-07-12,rail_monorail,rail,57365
2025-07-13,rail_monorail,rail,50750
2025-07-14,rail_monorail,rail,60332
2025-07-15,rail_monorail,rail,61337
2025-07-16,rail_monorail,rail,61762
2025-07-17,rail_monorail,rail,61091
2025-07-18,rail_monorail,rail,67648
2025-07-19,rail_monorail,rail,57668
2025-07-20,rail_monorail,rail,49408
2025-07-21,rail_monorail,rail,60066
2025-07-22,rail_monorail,rail,60182
2025-07-23,rail_monorail,rail,62702
2025-07-24,rail_monorail,rail,62496
2025-07-25,rail_monorail,rail,66537
2025-07-26,rail_monorail,rail,54920
2025-07-27,rail_monorail,rail,49152
2025-07-28,rail_monorail,rail,61839
2025-07-29,rail_monorail,rail,61292
2025-07-30,rail_monorail,rail,62219
2025-07-31,rail_monorail,rail,61542
2025-08-01,rail_monorail,rail,65385
2025-08-02,rail_monorail,rail,55627
2025-08-03,rail_monorail,rail,51301
2025-08-04,rail_monorail,rail,61723
2025-08-05,rail_monorail,rail,63469
2025-08-06,rail_monorail,rail,63888
2025-08-07,rail_monorail,rail,64849
2025-08-08,rail_monorail,rail,68622
2025-08-09,rail_monorail,rail,59248
2025-08-10,rail_monorail,rail,55533
2025-08-11,rail_monorail,rail,65006
2025-08-12,rail_monorail,rail,65031
2025-08-13,rail_monorail,rail,64780
2025-08-14,rail_monorail,rail,65607
2025-08-15,rail_monorail,rail,68354
2025-08-16,rail_monorail,rail,57209
2025-08-17,rail_monorail,rail,52848
2025-08-18,rail_monorail,rail,60169
2025-08-19,rail_monorail,rail,62663
2025-08-20,rail_monorail,rail,61917
2025-08-21,rail_monorail,rail,61282
2025-08-22,rail_monorail,rail,64708
2025-08-23,rail_monorail,rail,51821
2025-08-24,rail_monorail,rail,47075
2025-08-25,rail_monorail,rail,60019
2025-08-26,rail_monorail,rail,60709
2025-08-27,rail_monorail,rail,60124
2025-08-28,rail_monorail,rail,59648
2025-08-29,rail_monorail,rail,62565
2025-08-30,rail_monorail,rail,64771
2025-08-31,rail_monorail,rail,66192
2025-09-01,rail_monorail,rail,44882
2025-09-02,rail_monorail,rail,57960
2025-09-03,rail_monorail,rail,57851
2025-09-04,rail_monorail,rail,60603
2025-09-05,rail_monorail,rail,50714
2025-09-06,rail_monorail,rail,50608
2025-09-07,rail_monorail,rail,45146
2025-09-08,rail_monorail,rail,56645
2025-09-09,rail_monorail,rail,57465
2025-09-10,rail_monorail,rail,57519
2025-09-11,rail_monorail,rail,58157
2025-09-12,rail_monorail,rail,61309
2025-09-13,rail_monorail,rail,51508
2025-09-14,rail_monorail,rail,62401
2025-09-15,rail_monorail,rail,61584
2025-09-16,rail_monorail,rail,49201
2025-09-17,rail_monorail,rail,60027
2025-09-18,rail_monorail,rail,60301
2025-09-19,rail_monorail,rail,60219
2025-09-20,rail_monorail,rail,49608
2025-09-21,rail_monorail,rail,41658
2025-09-22,rail_monorail,rail,54440
2025-09-23,rail_monorail,rail,56780
2025-09-24,rail_monorail,rail,56166
2025-09-25,rail_monorail,rail,58379
2025-09-26,rail_monorail,rail,62650
2025-09-27,rail_monorail,rail,53706
2025-09-28,rail_monorail,rail,46389
2025-09-29,rail_monorail,rail,56746
2025-09-30,rail_monorail,rail,56872
2025-10-01,rail_monorail,rail,58411
2025-10-02,rail_monorail,rail,59703
2025-10-03,rail_monorail,rail,67939
2025-10-04,rail_monorail,rail,66778
2025-10-05,rail_monorail,rail,60600
2025-10-06,rail_monorail,rail,60047
2025-10-07,rail_monorail,rail,60882
2025-10-08,rail_monorail,rail,62854
2025-10-09,rail_monorail,rail,63414
2025-10-10,rail_monorail,rail,70707
2025-10-11,rail_monorail,rail,60885
2025-10-12,rail_monorail,rail,50828
2025-10-13,rail_monorail,rail,61014
2025-10-14,rail_monorail,rail,60826
2025-10-15,rail_monorail,rail,60737
2025-10-16,rail_monorail,rail,61006
2025-10-17,rail_monorail,rail,63450
2025-10-18,rail_monorail,rail,55167
2025-10-19,rail_monorail,rail,62648
2025-10-20,rail_monorail,rail,51383
2025-10-21,rail_monorail,rail,57738
2025-10-22,rail_monorail,rail,57957
2025-10-23,rail_monorail,rail,54939
2025-10-24,rail_monorail,rail,60204
2025-10-25,rail_monorail,rail,59288
2025-10-26,rail_monorail,rail,53266
2025-10-27,rail_monorail,rail,52155
2025-10-28,rail_monorail,rail,50478
2025-10-29,rail_monorail,rail,59506
2025-10-30,rail_monorail,rail,59012
2025-10-31,rail_monorail,rail,62927
2025-11-01,rail_monorail,rail,55481
2025-11-02,rail_monorail,rail,47093
2025-11-03,rail_monorail,rail,58999
2025-11-04,rail_monorail,rail,59533
2025-11-05,rail_monorail,rail,59712
2025-11-06,rail_monorail,rail,60144
2025-11-07,rail_monorail,rail,64631
2025-11-08,rail_monorail,rail,55744
2025-11-09,rail_monorail,rail,51528
2025-11-10,rail_monorail,rail,60285
2025-11-11,rail_monorail,rail,60869
2025-11-12,rail_monorail,rail,59371
2025-11-13,rail_monorail,rail,60363
2025-11-14,rail_monorail,rail,63092
2025-11-15,rail_monorail,rail,53721
2025-11-16,rail_monorail,rail,48334
2025-11-17,rail_monorail,rail,59601
2025-11-18,rail_monorail,rail,60662
2025-11-19,rail_monorail,rail,60511
2025-11-20,rail_monorail,rail,56372
2025-11-21,rail_monorail,rail,62794
2025-11-22,rail_monorail,rail,55781
2025-11-23,rail_monorail,rail,46998
2025-11-24,rail_monorail,rail,56578
2025-11-25,rail_monorail,rail,57960
2025-11-26,rail_monorail,rail,58835
2025-11-27,rail_monorail,rail,59719
2025-11-28,rail_monorail,rail,67714
2025-11-29,rail_monorail,rail,58154
2025-11-30,rail_monorail,rail,51025
2025-12-01,rail_monorail,rail,58945
2025-12-02,rail_monorail,rail,59557
2025-12-03,rail_monorail,rail,60713
2025-12-04,rail_monorail,rail,62843
2025-12-05,rail_monorail,rail,66417
2025-12-06,rail_monorail,rail,60920
2025-12-07,rail_monorail,rail,45443
2025-12-08,rail_monorail,rail,60659
2025-12-09,rail_monorail,rail,60052
2025-12-10,rail_monorail,rail,61227
2025-12-11,rail_monorail,rail,66491
2025-12-12,rail_monorail,rail,61826
2025-12-13,rail_monorail,rail,55858
2025-12-14,rail_monorail,rail,53962
2025-12-15,rail_monorail,rail,58040
2025-12-16,rail_monorail,rail,57521
2025-12-17,rail_monorail,rail,58706
2025-12-18,rail_monorail,rail,57543
2025-12-19,rail_monorail,rail,63158
2025-12-20,rail_monorail,rail,57040
2025-12-21,rail_monorail,rail,56272
2025-12-22,rail_monorail,rail,65333
2025-12-23,rail_monorail,rail,66319
2025-12-24,rail_monorail,rail,68488
2025-12-25,rail_monorail,rail,69239
2025-12-26,rail_monorail,rail,64948
2025-12-27,rail_monorail,rail,59621
2025-12-28,rail_monorail,rail,54335
2025-12-29,rail_monorail,rail,60628
2025-12-30,rail_monorail,rail,64960
2025-12-31,rail_monorail,rail,99361
2026-01-01,rail_monorail,rail,69448
2026-01-02,rail_monorail,rail,63628
2026-01-03,rail_monorail,rail,58356
2026-01-04,rail_monorail,rail,45111
2026-01-05,rail_monorail,rail,59148
2026-01-06,rail_monorail,rail,59490
2026-01-07,rail_monorail,rail,61462
2026-01-08,rail_monorail,rail,55900
2026-01-09,rail_monorail,rail,63409
2026-01-10,rail_monorail,rail,52700
2026-01-11,rail_monorail,rail,45887
2026-01-12,rail_monorail,rail,56022
2026-01-13,rail_monorail,rail,58985
2026-01-14,rail_monorail,rail,59744
2026-01-15,rail_monorail,rail,60057
2026-01-16,rail_monorail,rail,65961
2026-01-17,rail_monorail,rail,57329
2026-01-18,rail_monorail,rail,46426
2026-01-19,rail_monorail,rail,58824
2026-01-20,rail_monorail,rail,58724
2026-01-21,rail_monorail,rail,59061
2026-01-22,rail_monorail,rail,59504
2026-01-23,rail_monorail,rail,64627
2026-01-24,rail_monorail,rail,53924
2026-01-25,rail_monorail,rail,46781
2026-01-26,rail_monorail,rail,59044
2026-01-27,rail_monorail,rail,60193
2026-01-28,rail_monorail,rail,59224
2026-01-29,rail_monorail,rail,61948
2026-01-30,rail_monorail,rail,69198
2026-01-31,rail_monorail,rail,64121
2026-02-01,rail_monorail,rail,61107
2026-02-02,rail_monorail,rail,43498
2026-02-03,rail_monorail,rail,40522
2026-02-04,rail_monorail,rail,60162
2026-02-05,rail_monorail,rail,63378
2026-02-06,rail_monorail,rail,70143
2026-02-07,rail_monorail,rail,65187
2026-02-08,rail_monorail,rail,55250
2026-02-09,rail_monorail,rail,64676
2026-02-10,rail_monorail,rail,66504
2026-02-11,rail_monorail,rail,66279
2026-02-12,rail_monorail,rail,65704
2026-02-13,rail_monorail,rail,70676
2026-02-14,rail_monorail,rail,60209
2026-02-15,rail_monorail,rail,57896
2026-02-16,rail_monorail,rail,64393
2026-02-17,rail_monorail,rail,62186
2026-02-18,rail_monorail,rail,51248
2026-02-19,rail_monorail,rail,48501
2026-02-20,rail_monorail,rail,48876
2026-02-21,rail_monorail,rail,37703
2026-02-22,rail_monorail,rail,33658
2026-02-23,rail_monorail,rail,52803
2026-02-24,rail_monorail,rail,53875
2026-02-25,rail_monorail,rail,54663
2026-02-26,rail_monorail,rail,56728
2026-02-27,rail_monorail,rail,60230
2026-02-28,rail_monorail,rail,46300
2026-03-01,rail_monorail,rail,39921
2026-03-02,rail_monorail,rail,59174
2026-03-03,rail_monorail,rail,61007
2026-03-04,rail_monorail,rail,60160
2026-03-05,rail_monorail,rail,60809
2026-03-06,rail_monorail,rail,63498
2026-03-07,rail_monorail,rail,54091
2026-03-08,rail_monorail,rail,46244
2026-03-09,rail_monorail,rail,59918
2026-03-10,rail_monorail,rail,61562
2026-03-11,rail_monorail,rail,61733
2026-03-12,rail_monorail,rail,61715
2026-03-13,rail_monorail,rail,64265
2026-03-14,rail_monorail,rail,53496
2026-03-15,rail_monorail,rail,46256
2026-03-16,rail_monorail,rail,57892
2026-03-17,rail_monorail,rail,60386
2026-03-18,rail_monorail,rail,57668
2026-03-19,rail_monorail,rail,53824
2026-03-20,rail_monorail,rail,48137
2026-03-21,rail_monorail,rail,60237
2026-03-22,rail_monorail,rail,62748
2026-03-23,rail_monorail,rail,47165
2026-03-24,rail_monorail,rail,52594
2026-03-25,rail_monorail,rail,52687
2026-03-26,rail_monorail,rail,53799
2026-03-27,rail_monorail,rail,55164
2026-03-28,rail_monorail,rail,42678
2026-03-29,rail_monorail,rail,38594
2026-03-30,rail_monorail,rail,55500
2026-03-31,rail_monorail,rail,57715
2026-04-01,rail_monorail,rail,58883
2026-04-02,rail_monorail,rail,58637
2026-04-03,rail_monorail,rail,64453
2026-04-04,rail_monorail,rail,51788
2026-04-05,rail_monorail,rail,46536
2026-04-06,rail_monorail,rail,58325
2026-04-07,rail_monorail,rail,60961
2026-04-08,rail_monorail,rail,61776
2026-04-09,rail_monorail,rail,61185
2026-04-10,rail_monorail,rail,61905
2026-04-11,rail_monorail,rail,51201
2026-04-12,rail_monorail,rail,45583
2026-04-13,rail_monorail,rail,58282
2026-04-14,rail_monorail,rail,59997
2026-04-15,rail_monorail,rail,59955
2026-04-16,rail_monorail,rail,60073
2026-04-17,rail_monorail,rail,61840
2026-04-18,rail_monorail,rail,52417
2026-04-19,rail_monorail,rail,43824
2026-04-20,rail_monorail,rail,58513
2026-04-21,rail_monorail,rail,58888
2026-04-22,rail_monorail,rail,59097
2026-04-23,rail_monorail,rail,58052
2026-04-24,rail_monorail,rail,63812
2026-04-25,rail_monorail,rail,51367
2026-04-26,rail_monorail,rail,46472
2026-04-27,rail_monorail,rail,57018
2026-04-28,rail_monorail,rail,58228
2026-04-29,rail_monorail,rail,61208
2026-04-30,rail_monorail,rail,68705
2026-05-01,rail_monorail,rail,70564
2026-05-02,rail_monorail,rail,70131
2026-05-03,rail_monorail,rail,47903
2026-05-04,rail_monorail,rail,58999
2026-05-05,rail_monorail,rail,58529
2026-05-06,rail_monorail,rail,59773
2026-05-07,rail_monorail,rail,60375
2026-05-08,rail_monorail,rail,63734
2026-05-09,rail_monorail,rail,50870
2026-05-10,rail_monorail,rail,47824
2026-05-11,rail_monorail,rail,58883
2026-05-12,rail_monorail,rail,61190
2026-05-13,rail_monorail,rail,60207
2026-05-14,rail_monorail,rail,59664
2026-05-15,rail_monorail,rail,62365
2026-05-16,rail_monorail,rail,54447
2026-05-17,rail_monorail,rail,45084
2026-05-18,rail_monorail,rail,57423
2026-05-19,rail_monorail,rail,57831
2026-05-20,rail_monorail,rail,59300
2026-05-21,rail_monorail,rail,58260
2026-05-22,rail_monorail,rail,61693
2026-05-23,rail_monorail,rail,48223
2026-05-24,rail_monorail,rail,45818
2026-05-25,rail_monorail,rail,55465
2026-05-26,rail_monorail,rail,56801
2026-05-27,rail_monorail,rail,51269
2026-05-28,rail_monorail,rail,54098
2026-05-29,rail_monorail,rail,52108
2026-05-30,rail_monorail,rail,50106
2026-05-31,rail_monorail,rail,56296
2026-06-01,rail_monorail,rail,50742
2026-06-02,rail_monorail,rail,40220
2026-06-03,rail_monorail,rail,57552
2026-06-04,rail_monorail,rail,57334
2026-06-05,rail_monorail,rail,59561
2026-06-06,rail_monorail,rail,50419
2026-06-07,rail_monorail,rail,46814
2026-06-08,rail_monorail,rail,57612
2026-06-09,rail_monorail,rail,57747
2026-06-10,rail_monorail,rail,58609
2026-06-11,rail_monorail,rail,57693
2026-06-12,rail_monorail,rail,60060
2026-06-13,rail_monorail,rail,48995
2026-06-14,rail_monorail,rail,41471
2026-06-15,rail_monorail,rail,56455
2026-06-16,rail_monorail,rail,59884
2026-06-17,rail_monorail,rail,39905
2026-06-18,rail_monorail,rail,55598
2026-06-19,rail_monorail,rail,59144
2026-06-20,rail_monorail,rail,46437
2026-06-21,rail_monorail,rail,41745
2026-06-22,rail_monorail,rail,55611
2026-06-23,rail_monorail,rail,57051
2026-06-24,rail_monorail,rail,57064
2026-06-25,rail_monorail,rail,57909
2026-06-26,rail_monorail,rail,60940
2026-06-27,rail_monorail,rail,51027
2026-06-28,rail_monorail,rail,46364
2026-06-29,rail_monorail,rail,54343
2026-06-30,rail_monorail,rail,57555
2026-07-01,rail_monorail,rail,57998
2026-07-02,rail_monorail,rail,57198
2026-07-03,rail_monorail,rail,61769
2026-07-04,rail_monorail,rail,51324
2026-07-05,rail_monorail,rail,44292
2026-07-06,rail_monorail,rail,57497
2026-07-07,rail_monorail,rail,59176
2026-07-08,rail_monorail,rail,59174
2026-07-09,rail_monorail,rail,58669
2026-07-10,rail_monorail,rail,62048
2026-07-11,rail_monorail,rail,54118
2026-07-12,rail_monorail,rail,46802
2026-07-13,rail_monorail,rail,57485
2026-07-14,rail_monorail,rail,58587
2026-07-15,rail_monorail,rail,59534
2026-07-16,rail_monorail,rail,59830
2026-07-17,rail_monorail,rail,63310
2026-07-18,rail_monorail,rail,47975
2026-07-19,rail_monorail,rail,44875
2026-07-20,rail_monorail,rail,55779
2026-07-21,rail_monorail,rail,58065
2026-07-22,rail_monorail,rail,58599
2026-07-23,rail_monorail,rail,58564
2026-07-24,rail_monorail,rail,63716
2026-07-25,rail_monorail,rail,65307
2026-07-26,rail_monorail,rail,48771
2026-07-27,rail_monorail,rail,59023
2026-07-28,rail_monorail,rail,60830
2026-07-29,rail_monorail,rail,62699
2026-07-30,rail_monorail,rail,63606
2026-07-31,rail_monorail,rail,65335
2019-01-01,rail_mrt_kajang,rail,114173
2019-01-02,rail_mrt_kajang,rail,169316
2019-01-03,rail_mrt_kajang,rail,175304
2019-01-04,rail_mrt_kajang,rail,187891
2019-01-05,rail_mrt_kajang,rail,112660
2019-01-06,rail_mrt_kajang,rail,95913
2019-01-07,rail_mrt_kajang,rail,184365
2019-01-08,rail_mrt_kajang,rail,185920
2019-01-09,rail_mrt_kajang,rail,188770
2019-01-10,rail_mrt_kajang,rail,189818
2019-01-11,rail_mrt_kajang,rail,204378
2019-01-12,rail_mrt_kajang,rail,123932
2019-01-13,rail_mrt_kajang,rail,108346
2019-01-14,rail_mrt_kajang,rail,192036
2019-01-15,rail_mrt_kajang,rail,189880
2019-01-16,rail_mrt_kajang,rail,194697
2019-01-17,rail_mrt_kajang,rail,194701
2019-01-18,rail_mrt_kajang,rail,212546
2019-01-19,rail_mrt_kajang,rail,127306
2019-01-20,rail_mrt_kajang,rail,110488
2019-01-21,rail_mrt_kajang,rail,106077
2019-01-22,rail_mrt_kajang,rail,189718
2019-01-23,rail_mrt_kajang,rail,193904
2019-01-24,rail_mrt_kajang,rail,193784
2019-01-25,rail_mrt_kajang,rail,210356
2019-01-26,rail_mrt_kajang,rail,133944
2019-01-27,rail_mrt_kajang,rail,114660
2019-01-28,rail_mrt_kajang,rail,193349
2019-01-29,rail_mrt_kajang,rail,197553
2019-01-30,rail_mrt_kajang,rail,200482
2019-01-31,rail_mrt_kajang,rail,209858
2019-02-01,rail_mrt_kajang,rail,134808
2019-02-02,rail_mrt_kajang,rail,110338
2019-02-03,rail_mrt_kajang,rail,97759
2019-02-04,rail_mrt_kajang,rail,124890
2019-02-05,rail_mrt_kajang,rail,98115
2019-02-06,rail_mrt_kajang,rail,91478
2019-02-07,rail_mrt_kajang,rail,142324
2019-02-08,rail_mrt_kajang,rail,149732
2019-02-09,rail_mrt_kajang,rail,104722
2019-02-10,rail_mrt_kajang,rail,94513
2019-02-11,rail_mrt_kajang,rail,187579
2019-02-12,rail_mrt_kajang,rail,191843
2019-02-13,rail_mrt_kajang,rail,190300
2019-02-14,rail_mrt_kajang,rail,199824
2019-02-15,rail_mrt_kajang,rail,205707
2019-02-16,rail_mrt_kajang,rail,130475
2019-02-17,rail_mrt_kajang,rail,104056
2019-02-18,rail_mrt_kajang,rail,196520
2019-02-19,rail_mrt_kajang,rail,157389
2019-02-20,rail_mrt_kajang,rail,196053
2019-02-21,rail_mrt_kajang,rail,197214
2019-02-22,rail_mrt_kajang,rail,209391
2019-02-23,rail_mrt_kajang,rail,122615
2019-02-24,rail_mrt_kajang,rail,104368
2019-02-25,rail_mrt_kajang,rail,191436
2019-02-26,rail_mrt_kajang,rail,192901
2019-02-27,rail_mrt_kajang,rail,195542
2019-02-28,rail_mrt_kajang,rail,197248
2019-03-01,rail_mrt_kajang,rail,213982
2019-03-02,rail_mrt_kajang,rail,130713
2019-03-03,rail_mrt_kajang,rail,108332
2019-03-04,rail_mrt_kajang,rail,192865
2019-03-05,rail_mrt_kajang,rail,193701
2019-03-06,rail_mrt_kajang,rail,199792
2019-03-07,rail_mrt_kajang,rail,199036
2019-03-08,rail_mrt_kajang,rail,220947
2019-03-09,rail_mrt_kajang,rail,126214
2019-03-10,rail_mrt_kajang,rail,103224
2019-03-11,rail_mrt_kajang,rail,192667
2019-03-12,rail_mrt_kajang,rail,197370
2019-03-13,rail_mrt_kajang,rail,197359
2019-03-14,rail_mrt_kajang,rail,198948
2019-03-15,rail_mrt_kajang,rail,211468
2019-03-16,rail_mrt_kajang,rail,131162
2019-03-17,rail_mrt_kajang,rail,104384
2019-03-18,rail_mrt_kajang,rail,190320
2019-03-19,rail_mrt_kajang,rail,192269
2019-03-20,rail_mrt_kajang,rail,195318
2019-03-21,rail_mrt_kajang,rail,198312
2019-03-22,rail_mrt_kajang,rail,214748
2019-03-23,rail_mrt_kajang,rail,123197
2019-03-24,rail_mrt_kajang,rail,101601
2019-03-25,rail_mrt_kajang,rail,190074
2019-03-26,rail_mrt_kajang,rail,193744
2019-03-27,rail_mrt_kajang,rail,198920
2019-03-28,rail_mrt_kajang,rail,196676
2019-03-29,rail_mrt_kajang,rail,242298
2019-03-30,rail_mrt_kajang,rail,128946
2019-03-31,rail_mrt_kajang,rail,104480
2019-04-01,rail_mrt_kajang,rail,190815
2019-04-02,rail_mrt_kajang,rail,197166
2019-04-03,rail_mrt_kajang,rail,200319
2019-04-04,rail_mrt_kajang,rail,201210
2019-04-05,rail_mrt_kajang,rail,214867
2019-04-06,rail_mrt_kajang,rail,130768
2019-04-07,rail_mrt_kajang,rail,109808
2019-04-08,rail_mrt_kajang,rail,194782
2019-04-09,rail_mrt_kajang,rail,197901
2019-04-10,rail_mrt_kajang,rail,198312
2019-04-11,rail_mrt_kajang,rail,198606
2019-04-12,rail_mrt_kajang,rail,209837
2019-04-13,rail_mrt_kajang,rail,123642
2019-04-14,rail_mrt_kajang,rail,107228
2019-04-15,rail_mrt_kajang,rail,190762
2019-04-16,rail_mrt_kajang,rail,192672
2019-04-17,rail_mrt_kajang,rail,193438
2019-04-18,rail_mrt_kajang,rail,194390
2019-04-19,rail_mrt_kajang,rail,206110
2019-04-20,rail_mrt_kajang,rail,120236
2019-04-21,rail_mrt_kajang,rail,101519
2019-04-22,rail_mrt_kajang,rail,187208
2019-04-23,rail_mrt_kajang,rail,189231
2019-04-24,rail_mrt_kajang,rail,198913
2019-04-25,rail_mrt_kajang,rail,196071
2019-04-26,rail_mrt_kajang,rail,211446
2019-04-27,rail_mrt_kajang,rail,134471
2019-04-28,rail_mrt_kajang,rail,106221
2019-04-29,rail_mrt_kajang,rail,191921
2019-04-30,rail_mrt_kajang,rail,204609
2019-05-01,rail_mrt_kajang,rail,135733
2019-05-02,rail_mrt_kajang,rail,203184
2019-05-03,rail_mrt_kajang,rail,217969
2019-05-04,rail_mrt_kajang,rail,128447
2019-05-05,rail_mrt_kajang,rail,106250
2019-05-06,rail_mrt_kajang,rail,184983
2019-05-07,rail_mrt_kajang,rail,191637
2019-05-08,rail_mrt_kajang,rail,194259
2019-05-09,rail_mrt_kajang,rail,195436
2019-05-10,rail_mrt_kajang,rail,209094
2019-05-11,rail_mrt_kajang,rail,106596
2019-05-12,rail_mrt_kajang,rail,90511
2019-05-13,rail_mrt_kajang,rail,189235
2019-05-14,rail_mrt_kajang,rail,192921
2019-05-15,rail_mrt_kajang,rail,194298
2019-05-16,rail_mrt_kajang,rail,195710
2019-05-17,rail_mrt_kajang,rail,212295
2019-05-18,rail_mrt_kajang,rail,108974
2019-05-19,rail_mrt_kajang,rail,94901
2019-05-20,rail_mrt_kajang,rail,92033
2019-05-21,rail_mrt_kajang,rail,171055
2019-05-22,rail_mrt_kajang,rail,97824
2019-05-23,rail_mrt_kajang,rail,192861
2019-05-24,rail_mrt_kajang,rail,210308
2019-05-25,rail_mrt_kajang,rail,119347
2019-05-26,rail_mrt_kajang,rail,101734
2019-05-27,rail_mrt_kajang,rail,195618
2019-05-28,rail_mrt_kajang,rail,199063
2019-05-29,rail_mrt_kajang,rail,204037
2019-05-30,rail_mrt_kajang,rail,203725
2019-05-31,rail_mrt_kajang,rail,215295
2019-06-01,rail_mrt_kajang,rail,118897
2019-06-02,rail_mrt_kajang,rail,101592
2019-06-03,rail_mrt_kajang,rail,165676
2019-06-04,rail_mrt_kajang,rail,152340
2019-06-05,rail_mrt_kajang,rail,110796
2019-06-06,rail_mrt_kajang,rail,106402
2019-06-07,rail_mrt_kajang,rail,135153
2019-06-08,rail_mrt_kajang,rail,99511
2019-06-09,rail_mrt_kajang,rail,96217
2019-06-10,rail_mrt_kajang,rail,178297
2019-06-11,rail_mrt_kajang,rail,189932
2019-06-12,rail_mrt_kajang,rail,196442
2019-06-13,rail_mrt_kajang,rail,196975
2019-06-14,rail_mrt_kajang,rail,210887
2019-06-15,rail_mrt_kajang,rail,125207
2019-06-16,rail_mrt_kajang,rail,102366
2019-06-17,rail_mrt_kajang,rail,195025
2019-06-18,rail_mrt_kajang,rail,198007
2019-06-19,rail_mrt_kajang,rail,202709
2019-06-20,rail_mrt_kajang,rail,200984
2019-06-21,rail_mrt_kajang,rail,217752
2019-06-22,rail_mrt_kajang,rail,131673
2019-06-23,rail_mrt_kajang,rail,106698
2019-06-24,rail_mrt_kajang,rail,157649
2019-06-25,rail_mrt_kajang,rail,200250
2019-06-26,rail_mrt_kajang,rail,205837
2019-06-27,rail_mrt_kajang,rail,206155
2019-06-28,rail_mrt_kajang,rail,222749
2019-06-29,rail_mrt_kajang,rail,141483
2019-06-30,rail_mrt_kajang,rail,120030
2019-07-01,rail_mrt_kajang,rail,202287
2019-07-02,rail_mrt_kajang,rail,203875
2019-07-03,rail_mrt_kajang,rail,208694
2019-07-04,rail_mrt_kajang,rail,208680
2019-07-05,rail_mrt_kajang,rail,228075
2019-07-06,rail_mrt_kajang,rail,145090
2019-07-07,rail_mrt_kajang,rail,118153
2019-07-08,rail_mrt_kajang,rail,205816
2019-07-09,rail_mrt_kajang,rail,207637
2019-07-10,rail_mrt_kajang,rail,210849
2019-07-11,rail_mrt_kajang,rail,208949
2019-07-12,rail_mrt_kajang,rail,228301
2019-07-13,rail_mrt_kajang,rail,140499
2019-07-14,rail_mrt_kajang,rail,113531
2019-07-15,rail_mrt_kajang,rail,204208
2019-07-16,rail_mrt_kajang,rail,204118
2019-07-17,rail_mrt_kajang,rail,209365
2019-07-18,rail_mrt_kajang,rail,207655
2019-07-19,rail_mrt_kajang,rail,224094
2019-07-20,rail_mrt_kajang,rail,131312
2019-07-21,rail_mrt_kajang,rail,106549
2019-07-22,rail_mrt_kajang,rail,198820
2019-07-23,rail_mrt_kajang,rail,203705
2019-07-24,rail_mrt_kajang,rail,204908
2019-07-25,rail_mrt_kajang,rail,206216
2019-07-26,rail_mrt_kajang,rail,224807
2019-07-27,rail_mrt_kajang,rail,137225
2019-07-28,rail_mrt_kajang,rail,114675
2019-07-29,rail_mrt_kajang,rail,196756
2019-07-30,rail_mrt_kajang,rail,121673
2019-07-31,rail_mrt_kajang,rail,202720
2019-08-01,rail_mrt_kajang,rail,205494
2019-08-02,rail_mrt_kajang,rail,220429
2019-08-03,rail_mrt_kajang,rail,131183
2019-08-04,rail_mrt_kajang,rail,106098
2019-08-05,rail_mrt_kajang,rail,202861
2019-08-06,rail_mrt_kajang,rail,204220
2019-08-07,rail_mrt_kajang,rail,209389
2019-08-08,rail_mrt_kajang,rail,210683
2019-08-09,rail_mrt_kajang,rail,231682
2019-08-10,rail_mrt_kajang,rail,127441
2019-08-11,rail_mrt_kajang,rail,116210
2019-08-12,rail_mrt_kajang,rail,115075
2019-08-13,rail_mrt_kajang,rail,191288
2019-08-14,rail_mrt_kajang,rail,203351
2019-08-15,rail_mrt_kajang,rail,208703
2019-08-16,rail_mrt_kajang,rail,213986
2019-08-17,rail_mrt_kajang,rail,126704
2019-08-18,rail_mrt_kajang,rail,103757
2019-08-19,rail_mrt_kajang,rail,198128
2019-08-20,rail_mrt_kajang,rail,199596
2019-08-21,rail_mrt_kajang,rail,202776
2019-08-22,rail_mrt_kajang,rail,204584
2019-08-23,rail_mrt_kajang,rail,215383
2019-08-24,rail_mrt_kajang,rail,128064
2019-08-25,rail_mrt_kajang,rail,106170
2019-08-26,rail_mrt_kajang,rail,198558
2019-08-27,rail_mrt_kajang,rail,201545
2019-08-28,rail_mrt_kajang,rail,204147
2019-08-29,rail_mrt_kajang,rail,205260
2019-08-30,rail_mrt_kajang,rail,226389
2019-08-31,rail_mrt_kajang,rail,137105
2019-09-01,rail_mrt_kajang,rail,114032
2019-09-02,rail_mrt_kajang,rail,106456
2019-09-03,rail_mrt_kajang,rail,194378
2019-09-04,rail_mrt_kajang,rail,200166
2019-09-05,rail_mrt_kajang,rail,201419
2019-09-06,rail_mrt_kajang,rail,220867
2019-09-07,rail_mrt_kajang,rail,131342
2019-09-08,rail_mrt_kajang,rail,118293
2019-09-09,rail_mrt_kajang,rail,111329
2019-09-10,rail_mrt_kajang,rail,201480
2019-09-11,rail_mrt_kajang,rail,204092
2019-09-12,rail_mrt_kajang,rail,205272
2019-09-13,rail_mrt_kajang,rail,220812
2019-09-14,rail_mrt_kajang,rail,125436
2019-09-15,rail_mrt_kajang,rail,115038
2019-09-16,rail_mrt_kajang,rail,109475
2019-09-17,rail_mrt_kajang,rail,197304
2019-09-18,rail_mrt_kajang,rail,200833
2019-09-19,rail_mrt_kajang,rail,197453
2019-09-20,rail_mrt_kajang,rail,208026
2019-09-21,rail_mrt_kajang,rail,125723
2019-09-22,rail_mrt_kajang,rail,102947
2019-09-23,rail_mrt_kajang,rail,195137
2019-09-24,rail_mrt_kajang,rail,198857
2019-09-25,rail_mrt_kajang,rail,203745
2019-09-26,rail_mrt_kajang,rail,204872
2019-09-27,rail_mrt_kajang,rail,222079
2019-09-28,rail_mrt_kajang,rail,134629
2019-09-29,rail_mrt_kajang,rail,112558
2019-09-30,rail_mrt_kajang,rail,200735
2019-10-01,rail_mrt_kajang,rail,204874
2019-10-02,rail_mrt_kajang,rail,210685
2019-10-03,rail_mrt_kajang,rail,210172
2019-10-04,rail_mrt_kajang,rail,232065
2019-10-05,rail_mrt_kajang,rail,140262
2019-10-06,rail_mrt_kajang,rail,117482
2019-10-07,rail_mrt_kajang,rail,206312
2019-10-08,rail_mrt_kajang,rail,210697
2019-10-09,rail_mrt_kajang,rail,215907
2019-10-10,rail_mrt_kajang,rail,216606
2019-10-11,rail_mrt_kajang,rail,236078
2019-10-12,rail_mrt_kajang,rail,140177
2019-10-13,rail_mrt_kajang,rail,119607
2019-10-14,rail_mrt_kajang,rail,209954
2019-10-15,rail_mrt_kajang,rail,212206
2019-10-16,rail_mrt_kajang,rail,214274
2019-10-17,rail_mrt_kajang,rail,214118
2019-10-18,rail_mrt_kajang,rail,230243
2019-10-19,rail_mrt_kajang,rail,136364
2019-10-20,rail_mrt_kajang,rail,116641
2019-10-21,rail_mrt_kajang,rail,204630
2019-10-22,rail_mrt_kajang,rail,209483
2019-10-23,rail_mrt_kajang,rail,212810
2019-10-24,rail_mrt_kajang,rail,221058
2019-10-25,rail_mrt_kajang,rail,237339
2019-10-26,rail_mrt_kajang,rail,132337
2019-10-27,rail_mrt_kajang,rail,123836
2019-10-28,rail_mrt_kajang,rail,114070
2019-10-29,rail_mrt_kajang,rail,197436
2019-10-30,rail_mrt_kajang,rail,209290
2019-10-31,rail_mrt_kajang,rail,213696
2019-11-01,rail_mrt_kajang,rail,226553
2019-11-02,rail_mrt_kajang,rail,135360
2019-11-03,rail_mrt_kajang,rail,118090
2019-11-04,rail_mrt_kajang,rail,209314
2019-11-05,rail_mrt_kajang,rail,211663
2019-11-06,rail_mrt_kajang,rail,215496
2019-11-07,rail_mrt_kajang,rail,215992
2019-11-08,rail_mrt_kajang,rail,228917
2019-11-09,rail_mrt_kajang,rail,132874
2019-11-10,rail_mrt_kajang,rail,119373
2019-11-11,rail_mrt_kajang,rail,210746
2019-11-12,rail_mrt_kajang,rail,209721
2019-11-13,rail_mrt_kajang,rail,215808
2019-11-14,rail_mrt_kajang,rail,215769
2019-11-15,rail_mrt_kajang,rail,231690
2019-11-16,rail_mrt_kajang,rail,134761
2019-11-17,rail_mrt_kajang,rail,117299
2019-11-18,rail_mrt_kajang,rail,207757
2019-11-19,rail_mrt_kajang,rail,211209
2019-11-20,rail_mrt_kajang,rail,217321
2019-11-21,rail_mrt_kajang,rail,213839
2019-11-22,rail_mrt_kajang,rail,225728
2019-11-23,rail_mrt_kajang,rail,133716
2019-11-24,rail_mrt_kajang,rail,117422
2019-11-25,rail_mrt_kajang,rail,206138
2019-11-26,rail_mrt_kajang,rail,211084
2019-11-27,rail_mrt_kajang,rail,218208
2019-11-28,rail_mrt_kajang,rail,220514
2019-11-29,rail_mrt_kajang,rail,235663
2019-11-30,rail_mrt_kajang,rail,147928
2019-12-01,rail_mrt_kajang,rail,128643
2019-12-02,rail_mrt_kajang,rail,209664
2019-12-03,rail_mrt_kajang,rail,212056
2019-12-04,rail_mrt_kajang,rail,219127
2019-12-05,rail_mrt_kajang,rail,217847
2019-12-06,rail_mrt_kajang,rail,226421
2019-12-07,rail_mrt_kajang,rail,147098
2019-12-08,rail_mrt_kajang,rail,131022
2019-12-09,rail_mrt_kajang,rail,210096
2019-12-10,rail_mrt_kajang,rail,213561
2019-12-11,rail_mrt_kajang,rail,217051
2019-12-12,rail_mrt_kajang,rail,218305
2019-12-13,rail_mrt_kajang,rail,223046
2019-12-14,rail_mrt_kajang,rail,137628
2019-12-15,rail_mrt_kajang,rail,124122
2019-12-16,rail_mrt_kajang,rail,205468
2019-12-17,rail_mrt_kajang,rail,211454
2019-12-18,rail_mrt_kajang,rail,217830
2019-12-19,rail_mrt_kajang,rail,216453
2019-12-20,rail_mrt_kajang,rail,228935
2019-12-21,rail_mrt_kajang,rail,151792
2019-12-22,rail_mrt_kajang,rail,129559
2019-12-23,rail_mrt_kajang,rail,203066
2019-12-24,rail_mrt_kajang,rail,212835
2019-12-25,rail_mrt_kajang,rail,156278
2019-12-26,rail_mrt_kajang,rail,189001
2019-12-27,rail_mrt_kajang,rail,195650
2019-12-28,rail_mrt_kajang,rail,125578
2019-12-29,rail_mrt_kajang,rail,114298
2019-12-30,rail_mrt_kajang,rail,189671
2019-12-31,rail_mrt_kajang,rail,250467
2020-01-01,rail_mrt_kajang,rail,134681
2020-01-02,rail_mrt_kajang,rail,194338
2020-01-03,rail_mrt_kajang,rail,207674
2020-01-04,rail_mrt_kajang,rail,125644
2020-01-05,rail_mrt_kajang,rail,108382
2020-01-06,rail_mrt_kajang,rail,209741
2020-01-07,rail_mrt_kajang,rail,213175
2020-01-08,rail_mrt_kajang,rail,216839
2020-01-09,rail_mrt_kajang,rail,218006
2020-01-10,rail_mrt_kajang,rail,232263
2020-01-11,rail_mrt_kajang,rail,141644
2020-01-12,rail_mrt_kajang,rail,123761
2020-01-13,rail_mrt_kajang,rail,219223
2020-01-14,rail_mrt_kajang,rail,220997
2020-01-15,rail_mrt_kajang,rail,220141
2020-01-16,rail_mrt_kajang,rail,222615
2020-01-17,rail_mrt_kajang,rail,239564
2020-01-18,rail_mrt_kajang,rail,149917
2020-01-19,rail_mrt_kajang,rail,126834
2020-01-20,rail_mrt_kajang,rail,222539
2020-01-21,rail_mrt_kajang,rail,224498
2020-01-22,rail_mrt_kajang,rail,233039
2020-01-23,rail_mrt_kajang,rail,213870
2020-01-24,rail_mrt_kajang,rail,159166
2020-01-25,rail_mrt_kajang,rail,104220
2020-01-26,rail_mrt_kajang,rail,98233
2020-01-27,rail_mrt_kajang,rail,94079
2020-01-28,rail_mrt_kajang,rail,157392
2020-01-29,rail_mrt_kajang,rail,166486
2020-01-30,rail_mrt_kajang,rail,186400
2020-01-31,rail_mrt_kajang,rail,191296
2020-02-01,rail_mrt_kajang,rail,106276
2020-02-02,rail_mrt_kajang,rail,97819
2020-02-03,rail_mrt_kajang,rail,205574
2020-02-04,rail_mrt_kajang,rail,209448
2020-02-05,rail_mrt_kajang,rail,212546
2020-02-06,rail_mrt_kajang,rail,214207
2020-02-07,rail_mrt_kajang,rail,221718
2020-02-08,rail_mrt_kajang,rail,118307
2020-02-09,rail_mrt_kajang,rail,106094
2020-02-10,rail_mrt_kajang,rail,210397
2020-02-11,rail_mrt_kajang,rail,213174
2020-02-12,rail_mrt_kajang,rail,214499
2020-02-13,rail_mrt_kajang,rail,214050
2020-02-14,rail_mrt_kajang,rail,235391
2020-02-15,rail_mrt_kajang,rail,127822
2020-02-16,rail_mrt_kajang,rail,105982
2020-02-17,rail_mrt_kajang,rail,210177
2020-02-18,rail_mrt_kajang,rail,209716
2020-02-19,rail_mrt_kajang,rail,209862
2020-02-20,rail_mrt_kajang,rail,213907
2020-02-21,rail_mrt_kajang,rail,226544
2020-02-22,rail_mrt_kajang,rail,124969
2020-02-23,rail_mrt_kajang,rail,102752
2020-02-24,rail_mrt_kajang,rail,207457
2020-02-25,rail_mrt_kajang,rail,209938
2020-02-26,rail_mrt_kajang,rail,212240
2020-02-27,rail_mrt_kajang,rail,212974
2020-02-28,rail_mrt_kajang,rail,231418
2020-02-29,rail_mrt_kajang,rail,133697
2020-03-01,rail_mrt_kajang,rail,110481
2020-03-02,rail_mrt_kajang,rail,209501
2020-03-03,rail_mrt_kajang,rail,212394
2020-03-04,rail_mrt_kajang,rail,211636
2020-03-05,rail_mrt_kajang,rail,212858
2020-03-06,rail_mrt_kajang,rail,221441
2020-03-07,rail_mrt_kajang,rail,112639
2020-03-08,rail_mrt_kajang,rail,99360
2020-03-09,rail_mrt_kajang,rail,198508
2020-03-10,rail_mrt_kajang,rail,200794
2020-03-11,rail_mrt_kajang,rail,196921
2020-03-12,rail_mrt_kajang,rail,195544
2020-03-13,rail_mrt_kajang,rail,202807
2020-03-14,rail_mrt_kajang,rail,93413
2020-03-15,rail_mrt_kajang,rail,76254
2020-03-16,rail_mrt_kajang,rail,158795
2020-03-17,rail_mrt_kajang,rail,140085
2020-03-18,rail_mrt_kajang,rail,47917
2020-03-19,rail_mrt_kajang,rail,34138
2020-03-20,rail_mrt_kajang,rail,25579
2020-03-21,rail_mrt_kajang,rail,11377
2020-03-22,rail_mrt_kajang,rail,7338
2020-03-23,rail_mrt_kajang,rail,16133
2020-03-24,rail_mrt_kajang,rail,14269
2020-03-25,rail_mrt_kajang,rail,11606
2020-03-26,rail_mrt_kajang,rail,11602
2020-03-27,rail_mrt_kajang,rail,11286
2020-03-28,rail_mrt_kajang,rail,5897
2020-03-29,rail_mrt_kajang,rail,4973
2020-03-30,rail_mrt_kajang,rail,11289
2020-03-31,rail_mrt_kajang,rail,11268
2020-04-01,rail_mrt_kajang,rail,11731
2020-04-02,rail_mrt_kajang,rail,11199
2020-04-03,rail_mrt_kajang,rail,11424
2020-04-04,rail_mrt_kajang,rail,6005
2020-04-05,rail_mrt_kajang,rail,5239
2020-04-06,rail_mrt_kajang,rail,11457
2020-04-07,rail_mrt_kajang,rail,11016
2020-04-08,rail_mrt_kajang,rail,11100
2020-04-09,rail_mrt_kajang,rail,10953
2020-04-10,rail_mrt_kajang,rail,11164
2020-04-11,rail_mrt_kajang,rail,6470
2020-04-12,rail_mrt_kajang,rail,5265
2020-04-13,rail_mrt_kajang,rail,11881
2020-04-14,rail_mrt_kajang,rail,11587
2020-04-15,rail_mrt_kajang,rail,11744
2020-04-16,rail_mrt_kajang,rail,11568
2020-04-17,rail_mrt_kajang,rail,11801
2020-04-18,rail_mrt_kajang,rail,6552
2020-04-19,rail_mrt_kajang,rail,5748
2020-04-20,rail_mrt_kajang,rail,12437
2020-04-21,rail_mrt_kajang,rail,12046
2020-04-22,rail_mrt_kajang,rail,11997
2020-04-23,rail_mrt_kajang,rail,12412
2020-04-24,rail_mrt_kajang,rail,11547
2020-04-25,rail_mrt_kajang,rail,6825
2020-04-26,rail_mrt_kajang,rail,5888
2020-04-27,rail_mrt_kajang,rail,12942
2020-04-28,rail_mrt_kajang,rail,12682
2020-04-29,rail_mrt_kajang,rail,13207
2020-04-30,rail_mrt_kajang,rail,13831
2020-05-01,rail_mrt_kajang,rail,6656
2020-05-02,rail_mrt_kajang,rail,7988
2020-05-03,rail_mrt_kajang,rail,7234
2020-05-04,rail_mrt_kajang,rail,32976
2020-05-05,rail_mrt_kajang,rail,32711
2020-05-06,rail_mrt_kajang,rail,34366
2020-05-07,rail_mrt_kajang,rail,18374
2020-05-08,rail_mrt_kajang,rail,34171
2020-05-09,rail_mrt_kajang,rail,21862
2020-05-10,rail_mrt_kajang,rail,17436
2020-05-11,rail_mrt_kajang,rail,21787
2020-05-12,rail_mrt_kajang,rail,40197
2020-05-13,rail_mrt_kajang,rail,44149
2020-05-14,rail_mrt_kajang,rail,47083
2020-05-15,rail_mrt_kajang,rail,44629
2020-05-16,rail_mrt_kajang,rail,26401
2020-05-17,rail_mrt_kajang,rail,21436
2020-05-18,rail_mrt_kajang,rail,48548
2020-05-19,rail_mrt_kajang,rail,48790
2020-05-20,rail_mrt_kajang,rail,50036
2020-05-21,rail_mrt_kajang,rail,49268
2020-05-22,rail_mrt_kajang,rail,48418
2020-05-23,rail_mrt_kajang,rail,29615
2020-05-24,rail_mrt_kajang,rail,21419
2020-05-25,rail_mrt_kajang,rail,24584
2020-05-26,rail_mrt_kajang,rail,26635
2020-05-27,rail_mrt_kajang,rail,49101
2020-05-28,rail_mrt_kajang,rail,51036
2020-05-29,rail_mrt_kajang,rail,52201
2020-05-30,rail_mrt_kajang,rail,35272
2020-05-31,rail_mrt_kajang,rail,28383
2020-06-01,rail_mrt_kajang,rail,62570
2020-06-02,rail_mrt_kajang,rail,62518
2020-06-03,rail_mrt_kajang,rail,63301
2020-06-04,rail_mrt_kajang,rail,62436
2020-06-05,rail_mrt_kajang,rail,63791
2020-06-06,rail_mrt_kajang,rail,41060
2020-06-07,rail_mrt_kajang,rail,33372
2020-06-08,rail_mrt_kajang,rail,33891
2020-06-09,rail_mrt_kajang,rail,69691
2020-06-10,rail_mrt_kajang,rail,76067
2020-06-11,rail_mrt_kajang,rail,76249
2020-06-12,rail_mrt_kajang,rail,76109
2020-06-13,rail_mrt_kajang,rail,49343
2020-06-14,rail_mrt_kajang,rail,40000
2020-06-15,rail_mrt_kajang,rail,83160
2020-06-16,rail_mrt_kajang,rail,84584
2020-06-17,rail_mrt_kajang,rail,85961
2020-06-18,rail_mrt_kajang,rail,86066
2020-06-19,rail_mrt_kajang,rail,79452
2020-06-20,rail_mrt_kajang,rail,53485
2020-06-21,rail_mrt_kajang,rail,43882
2020-06-22,rail_mrt_kajang,rail,87479
2020-06-23,rail_mrt_kajang,rail,89422
2020-06-24,rail_mrt_kajang,rail,90815
2020-06-25,rail_mrt_kajang,rail,91001
2020-06-26,rail_mrt_kajang,rail,92973
2020-06-27,rail_mrt_kajang,rail,57046
2020-06-28,rail_mrt_kajang,rail,48167
2020-06-29,rail_mrt_kajang,rail,93959
2020-06-30,rail_mrt_kajang,rail,96207
2020-07-01,rail_mrt_kajang,rail,102994
2020-07-02,rail_mrt_kajang,rail,102315
2020-07-03,rail_mrt_kajang,rail,104176
2020-07-04,rail_mrt_kajang,rail,69396
2020-07-05,rail_mrt_kajang,rail,58034
2020-07-06,rail_mrt_kajang,rail,104290
2020-07-07,rail_mrt_kajang,rail,106359
2020-07-08,rail_mrt_kajang,rail,110142
2020-07-09,rail_mrt_kajang,rail,108741
2020-07-10,rail_mrt_kajang,rail,110907
2020-07-11,rail_mrt_kajang,rail,71912
2020-07-12,rail_mrt_kajang,rail,60104
2020-07-13,rail_mrt_kajang,rail,108346
2020-07-14,rail_mrt_kajang,rail,111106
2020-07-15,rail_mrt_kajang,rail,114808
2020-07-16,rail_mrt_kajang,rail,113763
2020-07-17,rail_mrt_kajang,rail,117972
2020-07-18,rail_mrt_kajang,rail,72806
2020-07-19,rail_mrt_kajang,rail,61514
2020-07-20,rail_mrt_kajang,rail,114391
2020-07-21,rail_mrt_kajang,rail,115660
2020-07-22,rail_mrt_kajang,rail,117000
2020-07-23,rail_mrt_kajang,rail,115819
2020-07-24,rail_mrt_kajang,rail,119246
2020-07-25,rail_mrt_kajang,rail,73189
2020-07-26,rail_mrt_kajang,rail,58786
2020-07-27,rail_mrt_kajang,rail,115390
2020-07-28,rail_mrt_kajang,rail,116920
2020-07-29,rail_mrt_kajang,rail,117389
2020-07-30,rail_mrt_kajang,rail,104478
2020-07-31,rail_mrt_kajang,rail,55915
2020-08-01,rail_mrt_kajang,rail,61698
2020-08-02,rail_mrt_kajang,rail,56090
2020-08-03,rail_mrt_kajang,rail,105884
2020-08-04,rail_mrt_kajang,rail,114190
2020-08-05,rail_mrt_kajang,rail,119020
2020-08-06,rail_mrt_kajang,rail,117903
2020-08-07,rail_mrt_kajang,rail,121010
2020-08-08,rail_mrt_kajang,rail,73648
2020-08-09,rail_mrt_kajang,rail,60243
2020-08-10,rail_mrt_kajang,rail,117905
2020-08-11,rail_mrt_kajang,rail,120267
2020-08-12,rail_mrt_kajang,rail,121320
2020-08-13,rail_mrt_kajang,rail,121238
2020-08-14,rail_mrt_kajang,rail,123906
2020-08-15,rail_mrt_kajang,rail,75722
2020-08-16,rail_mrt_kajang,rail,59551
2020-08-17,rail_mrt_kajang,rail,121288
2020-08-18,rail_mrt_kajang,rail,121978
2020-08-19,rail_mrt_kajang,rail,126388
2020-08-20,rail_mrt_kajang,rail,68061
2020-08-21,rail_mrt_kajang,rail,113578
2020-08-22,rail_mrt_kajang,rail,73510
2020-08-23,rail_mrt_kajang,rail,60063
2020-08-24,rail_mrt_kajang,rail,119286
2020-08-25,rail_mrt_kajang,rail,123720
2020-08-26,rail_mrt_kajang,rail,124877
2020-08-27,rail_mrt_kajang,rail,123810
2020-08-28,rail_mrt_kajang,rail,128940
2020-08-29,rail_mrt_kajang,rail,79864
2020-08-30,rail_mrt_kajang,rail,71639
2020-08-31,rail_mrt_kajang,rail,70952
2020-09-01,rail_mrt_kajang,rail,123792
2020-09-02,rail_mrt_kajang,rail,129454
2020-09-03,rail_mrt_kajang,rail,129227
2020-09-04,rail_mrt_kajang,rail,134747
2020-09-05,rail_mrt_kajang,rail,81262
2020-09-06,rail_mrt_kajang,rail,67509
2020-09-07,rail_mrt_kajang,rail,129015
2020-09-08,rail_mrt_kajang,rail,133073
2020-09-09,rail_mrt_kajang,rail,133693
2020-09-10,rail_mrt_kajang,rail,134707
2020-09-11,rail_mrt_kajang,rail,140466
2020-09-12,rail_mrt_kajang,rail,86534
2020-09-13,rail_mrt_kajang,rail,69272
2020-09-14,rail_mrt_kajang,rail,130435
2020-09-15,rail_mrt_kajang,rail,136078
2020-09-16,rail_mrt_kajang,rail,77873
2020-09-17,rail_mrt_kajang,rail,131411
2020-09-18,rail_mrt_kajang,rail,135204
2020-09-19,rail_mrt_kajang,rail,82141
2020-09-20,rail_mrt_kajang,rail,63906
2020-09-21,rail_mrt_kajang,rail,132448
2020-09-22,rail_mrt_kajang,rail,135520
2020-09-23,rail_mrt_kajang,rail,137016
2020-09-24,rail_mrt_kajang,rail,137852
2020-09-25,rail_mrt_kajang,rail,139921
2020-09-26,rail_mrt_kajang,rail,84726
2020-09-27,rail_mrt_kajang,rail,68791
2020-09-28,rail_mrt_kajang,rail,129476
2020-09-29,rail_mrt_kajang,rail,130277
2020-09-30,rail_mrt_kajang,rail,130861
2020-10-01,rail_mrt_kajang,rail,128896
2020-10-02,rail_mrt_kajang,rail,126466
2020-10-03,rail_mrt_kajang,rail,66230
2020-10-04,rail_mrt_kajang,rail,54956
2020-10-05,rail_mrt_kajang,rail,120215
2020-10-06,rail_mrt_kajang,rail,116984
2020-10-07,rail_mrt_kajang,rail,113189
2020-10-08,rail_mrt_kajang,rail,113517
2020-10-09,rail_mrt_kajang,rail,111851
2020-10-10,rail_mrt_kajang,rail,60814
2020-10-11,rail_mrt_kajang,rail,49039
2020-10-12,rail_mrt_kajang,rail,103304
2020-10-13,rail_mrt_kajang,rail,103161
2020-10-14,rail_mrt_kajang,rail,69635
2020-10-15,rail_mrt_kajang,rail,70049
2020-10-16,rail_mrt_kajang,rail,70042
2020-10-17,rail_mrt_kajang,rail,38646
2020-10-18,rail_mrt_kajang,rail,28543
2020-10-19,rail_mrt_kajang,rail,70699
2020-10-20,rail_mrt_kajang,rail,70832
2020-10-21,rail_mrt_kajang,rail,71121
2020-10-22,rail_mrt_kajang,rail,53837
2020-10-23,rail_mrt_kajang,rail,56744
2020-10-24,rail_mrt_kajang,rail,38974
2020-10-25,rail_mrt_kajang,rail,28935
2020-10-26,rail_mrt_kajang,rail,57187
2020-10-27,rail_mrt_kajang,rail,58043
2020-10-28,rail_mrt_kajang,rail,61186
2020-10-29,rail_mrt_kajang,rail,34951
2020-10-30,rail_mrt_kajang,rail,61068
2020-10-31,rail_mrt_kajang,rail,41704
2020-11-01,rail_mrt_kajang,rail,33929
2020-11-02,rail_mrt_kajang,rail,65035
2020-11-03,rail_mrt_kajang,rail,65475
2020-11-04,rail_mrt_kajang,rail,65116
2020-11-05,rail_mrt_kajang,rail,64884
2020-11-06,rail_mrt_kajang,rail,66579
2020-11-07,rail_mrt_kajang,rail,46775
2020-11-08,rail_mrt_kajang,rail,37700
2020-11-09,rail_mrt_kajang,rail,68088
2020-11-10,rail_mrt_kajang,rail,68034
2020-11-11,rail_mrt_kajang,rail,69018
2020-11-12,rail_mrt_kajang,rail,67350
2020-11-13,rail_mrt_kajang,rail,67345
2020-11-14,rail_mrt_kajang,rail,40118
2020-11-15,rail_mrt_kajang,rail,35535
2020-11-16,rail_mrt_kajang,rail,66432
2020-11-17,rail_mrt_kajang,rail,66763
2020-11-18,rail_mrt_kajang,rail,67970
2020-11-19,rail_mrt_kajang,rail,66957
2020-11-20,rail_mrt_kajang,rail,68775
2020-11-21,rail_mrt_kajang,rail,45726
2020-11-22,rail_mrt_kajang,rail,38847
2020-11-23,rail_mrt_kajang,rail,69356
2020-11-24,rail_mrt_kajang,rail,69715
2020-11-25,rail_mrt_kajang,rail,69993
2020-11-26,rail_mrt_kajang,rail,68850
2020-11-27,rail_mrt_kajang,rail,71969
2020-11-28,rail_mrt_kajang,rail,49590
2020-11-29,rail_mrt_kajang,rail,40222
2020-11-30,rail_mrt_kajang,rail,72472
2020-12-01,rail_mrt_kajang,rail,74085
2020-12-02,rail_mrt_kajang,rail,75013
2020-12-03,rail_mrt_kajang,rail,73870
2020-12-04,rail_mrt_kajang,rail,76102
2020-12-05,rail_mrt_kajang,rail,53959
2020-12-06,rail_mrt_kajang,rail,44574
2020-12-07,rail_mrt_kajang,rail,76157
2020-12-08,rail_mrt_kajang,rail,77758
2020-12-09,rail_mrt_kajang,rail,77962
2020-12-10,rail_mrt_kajang,rail,66101
2020-12-11,rail_mrt_kajang,rail,72184
2020-12-12,rail_mrt_kajang,rail,53409
2020-12-13,rail_mrt_kajang,rail,45538
2020-12-14,rail_mrt_kajang,rail,75786
2020-12-15,rail_mrt_kajang,rail,78018
2020-12-16,rail_mrt_kajang,rail,79155
2020-12-17,rail_mrt_kajang,rail,78225
2020-12-18,rail_mrt_kajang,rail,79017
2020-12-19,rail_mrt_kajang,rail,57476
2020-12-20,rail_mrt_kajang,rail,46522
2020-12-21,rail_mrt_kajang,rail,77442
2020-12-22,rail_mrt_kajang,rail,80142
2020-12-23,rail_mrt_kajang,rail,81154
2020-12-24,rail_mrt_kajang,rail,79501
2020-12-25,rail_mrt_kajang,rail,52348
2020-12-26,rail_mrt_kajang,rail,49930
2020-12-27,rail_mrt_kajang,rail,44857
2020-12-28,rail_mrt_kajang,rail,74519
2020-12-29,rail_mrt_kajang,rail,74746
2020-12-30,rail_mrt_kajang,rail,77442
2020-12-31,rail_mrt_kajang,rail,81551
2021-01-01,rail_mrt_kajang,rail,49130
2021-01-02,rail_mrt_kajang,rail,51302
2021-01-03,rail_mrt_kajang,rail,40364
2021-01-04,rail_mrt_kajang,rail,80414
2021-01-05,rail_mrt_kajang,rail,79556
2021-01-06,rail_mrt_kajang,rail,81437
2021-01-07,rail_mrt_kajang,rail,79988
2021-01-08,rail_mrt_kajang,rail,78989
2021-01-09,rail_mrt_kajang,rail,52620
2021-01-10,rail_mrt_kajang,rail,44401
2021-01-11,rail_mrt_kajang,rail,77567
2021-01-12,rail_mrt_kajang,rail,81574
2021-01-13,rail_mrt_kajang,rail,38866
2021-01-14,rail_mrt_kajang,rail,41190
2021-01-15,rail_mrt_kajang,rail,43189
2021-01-16,rail_mrt_kajang,rail,26096
2021-01-17,rail_mrt_kajang,rail,17952
2021-01-18,rail_mrt_kajang,rail,44509
2021-01-19,rail_mrt_kajang,rail,44457
2021-01-20,rail_mrt_kajang,rail,45237
2021-01-21,rail_mrt_kajang,rail,45315
2021-01-22,rail_mrt_kajang,rail,46049
2021-01-23,rail_mrt_kajang,rail,28350
2021-01-24,rail_mrt_kajang,rail,21041
2021-01-25,rail_mrt_kajang,rail,48229
2021-01-26,rail_mrt_kajang,rail,47867
2021-01-27,rail_mrt_kajang,rail,48522
2021-01-28,rail_mrt_kajang,rail,25336
2021-01-29,rail_mrt_kajang,rail,48077
2021-01-30,rail_mrt_kajang,rail,30391
2021-01-31,rail_mrt_kajang,rail,22460
2021-02-01,rail_mrt_kajang,rail,30512
2021-02-02,rail_mrt_kajang,rail,50598
2021-02-03,rail_mrt_kajang,rail,50683
2021-02-04,rail_mrt_kajang,rail,50718
2021-02-05,rail_mrt_kajang,rail,52562
2021-02-06,rail_mrt_kajang,rail,34017
2021-02-07,rail_mrt_kajang,rail,26100
2021-02-08,rail_mrt_kajang,rail,55191
2021-02-09,rail_mrt_kajang,rail,55269
2021-02-10,rail_mrt_kajang,rail,57482
2021-02-11,rail_mrt_kajang,rail,51344
2021-02-12,rail_mrt_kajang,rail,31571
2021-02-13,rail_mrt_kajang,rail,34129
2021-02-14,rail_mrt_kajang,rail,36179
2021-02-15,rail_mrt_kajang,rail,56711
2021-02-16,rail_mrt_kajang,rail,57905
2021-02-17,rail_mrt_kajang,rail,58778
2021-02-18,rail_mrt_kajang,rail,60393
2021-02-19,rail_mrt_kajang,rail,62233
2021-02-20,rail_mrt_kajang,rail,46080
2021-02-21,rail_mrt_kajang,rail,38980
2021-02-22,rail_mrt_kajang,rail,65498
2021-02-23,rail_mrt_kajang,rail,65376
2021-02-24,rail_mrt_kajang,rail,66011
2021-02-25,rail_mrt_kajang,rail,66066
2021-02-26,rail_mrt_kajang,rail,68461
2021-02-27,rail_mrt_kajang,rail,52175
2021-02-28,rail_mrt_kajang,rail,42699
2021-03-01,rail_mrt_kajang,rail,71490
2021-03-02,rail_mrt_kajang,rail,70288
2021-03-03,rail_mrt_kajang,rail,73463
2021-03-04,rail_mrt_kajang,rail,72406
2021-03-05,rail_mrt_kajang,rail,79851
2021-03-06,rail_mrt_kajang,rail,61206
2021-03-07,rail_mrt_kajang,rail,52253
2021-03-08,rail_mrt_kajang,rail,82405
2021-03-09,rail_mrt_kajang,rail,83704
2021-03-10,rail_mrt_kajang,rail,85661
2021-03-11,rail_mrt_kajang,rail,84095
2021-03-12,rail_mrt_kajang,rail,85720
2021-03-13,rail_mrt_kajang,rail,63669
2021-03-14,rail_mrt_kajang,rail,53691
2021-03-15,rail_mrt_kajang,rail,84622
2021-03-16,rail_mrt_kajang,rail,84807
2021-03-17,rail_mrt_kajang,rail,87891
2021-03-18,rail_mrt_kajang,rail,86283
2021-03-19,rail_mrt_kajang,rail,89960
2021-03-20,rail_mrt_kajang,rail,65508
2021-03-21,rail_mrt_kajang,rail,55334
2021-03-22,rail_mrt_kajang,rail,88117
2021-03-23,rail_mrt_kajang,rail,89568
2021-03-24,rail_mrt_kajang,rail,91262
2021-03-25,rail_mrt_kajang,rail,90338
2021-03-26,rail_mrt_kajang,rail,93967
2021-03-27,rail_mrt_kajang,rail,70358
2021-03-28,rail_mrt_kajang,rail,59376
2021-03-29,rail_mrt_kajang,rail,88863
2021-03-30,rail_mrt_kajang,rail,93397
2021-03-31,rail_mrt_kajang,rail,95695
2021-04-01,rail_mrt_kajang,rail,97357
2021-04-02,rail_mrt_kajang,rail,98326
2021-04-03,rail_mrt_kajang,rail,75168
2021-04-04,rail_mrt_kajang,rail,61421
2021-04-05,rail_mrt_kajang,rail,97854
2021-04-06,rail_mrt_kajang,rail,100571
2021-04-07,rail_mrt_kajang,rail,103161
2021-04-08,rail_mrt_kajang,rail,102541
2021-04-09,rail_mrt_kajang,rail,108113
2021-04-10,rail_mrt_kajang,rail,78523
2021-04-11,rail_mrt_kajang,rail,67313
2021-04-12,rail_mrt_kajang,rail,107682
2021-04-13,rail_mrt_kajang,rail,95326
2021-04-14,rail_mrt_kajang,rail,98204
2021-04-15,rail_mrt_kajang,rail,99259
2021-04-16,rail_mrt_kajang,rail,100353
2021-04-17,rail_mrt_kajang,rail,59039
2021-04-18,rail_mrt_kajang,rail,49050
2021-04-19,rail_mrt_kajang,rail,95321
2021-04-20,rail_mrt_kajang,rail,95349
2021-04-21,rail_mrt_kajang,rail,95906
2021-04-22,rail_mrt_kajang,rail,93670
2021-04-23,rail_mrt_kajang,rail,96445
2021-04-24,rail_mrt_kajang,rail,60736
2021-04-25,rail_mrt_kajang,rail,49432
2021-04-26,rail_mrt_kajang,rail,93508
2021-04-27,rail_mrt_kajang,rail,92484
2021-04-28,rail_mrt_kajang,rail,94502
2021-04-29,rail_mrt_kajang,rail,53997
2021-04-30,rail_mrt_kajang,rail,89300
2021-05-01,rail_mrt_kajang,rail,54409
2021-05-02,rail_mrt_kajang,rail,48816
2021-05-03,rail_mrt_kajang,rail,90928
2021-05-04,rail_mrt_kajang,rail,90416
2021-05-05,rail_mrt_kajang,rail,98096
2021-05-06,rail_mrt_kajang,rail,79600
2021-05-07,rail_mrt_kajang,rail,71193
2021-05-08,rail_mrt_kajang,rail,40888
2021-05-09,rail_mrt_kajang,rail,26830
2021-05-10,rail_mrt_kajang,rail,59113
2021-05-11,rail_mrt_kajang,rail,57120
2021-05-12,rail_mrt_kajang,rail,51806
2021-05-13,rail_mrt_kajang,rail,20743
2021-05-14,rail_mrt_kajang,rail,24079
2021-05-15,rail_mrt_kajang,rail,31636
2021-05-16,rail_mrt_kajang,rail,26733
2021-05-17,rail_mrt_kajang,rail,56676
2021-05-18,rail_mrt_kajang,rail,56877
2021-05-19,rail_mrt_kajang,rail,57746
2021-05-20,rail_mrt_kajang,rail,56503
2021-05-21,rail_mrt_kajang,rail,56065
2021-05-22,rail_mrt_kajang,rail,33288
2021-05-23,rail_mrt_kajang,rail,20094
2021-05-24,rail_mrt_kajang,rail,53591
2021-05-25,rail_mrt_kajang,rail,46168
2021-05-26,rail_mrt_kajang,rail,22779
2021-05-27,rail_mrt_kajang,rail,45118
2021-05-28,rail_mrt_kajang,rail,45552
2021-05-29,rail_mrt_kajang,rail,30353
2021-05-30,rail_mrt_kajang,rail,22864
2021-05-31,rail_mrt_kajang,rail,48307
2021-06-01,rail_mrt_kajang,rail,18177
2021-06-02,rail_mrt_kajang,rail,19464
2021-06-03,rail_mrt_kajang,rail,19541
2021-06-04,rail_mrt_kajang,rail,19430
2021-06-05,rail_mrt_kajang,rail,12370
2021-06-06,rail_mrt_kajang,rail,9112
2021-06-07,rail_mrt_kajang,rail,9592
2021-06-08,rail_mrt_kajang,rail,21292
2021-06-09,rail_mrt_kajang,rail,21211
2021-06-10,rail_mrt_kajang,rail,21222
2021-06-11,rail_mrt_kajang,rail,21763
2021-06-12,rail_mrt_kajang,rail,11149
2021-06-13,rail_mrt_kajang,rail,10027
2021-06-14,rail_mrt_kajang,rail,22976
2021-06-15,rail_mrt_kajang,rail,23335
2021-06-16,rail_mrt_kajang,rail,23482
2021-06-17,rail_mrt_kajang,rail,23216
2021-06-18,rail_mrt_kajang,rail,23856
2021-06-19,rail_mrt_kajang,rail,14848
2021-06-20,rail_mrt_kajang,rail,10234
2021-06-21,rail_mrt_kajang,rail,24584
2021-06-22,rail_mrt_kajang,rail,24015
2021-06-23,rail_mrt_kajang,rail,24483
2021-06-24,rail_mrt_kajang,rail,23842
2021-06-25,rail_mrt_kajang,rail,24385
2021-06-26,rail_mrt_kajang,rail,14992
2021-06-27,rail_mrt_kajang,rail,11113
2021-06-28,rail_mrt_kajang,rail,25527
2021-06-29,rail_mrt_kajang,rail,25134
2021-06-30,rail_mrt_kajang,rail,26115
2021-07-01,rail_mrt_kajang,rail,25911
2021-07-02,rail_mrt_kajang,rail,27266
2021-07-03,rail_mrt_kajang,rail,11915
2021-07-04,rail_mrt_kajang,rail,9219
2021-07-05,rail_mrt_kajang,rail,21214
2021-07-06,rail_mrt_kajang,rail,21188
2021-07-07,rail_mrt_kajang,rail,21698
2021-07-08,rail_mrt_kajang,rail,21476
2021-07-09,rail_mrt_kajang,rail,22134
2021-07-10,rail_mrt_kajang,rail,13572
2021-07-11,rail_mrt_kajang,rail,10251
2021-07-12,rail_mrt_kajang,rail,22265
2021-07-13,rail_mrt_kajang,rail,21840
2021-07-14,rail_mrt_kajang,rail,21581
2021-07-15,rail_mrt_kajang,rail,21239
2021-07-16,rail_mrt_kajang,rail,21688
2021-07-17,rail_mrt_kajang,rail,14092
2021-07-18,rail_mrt_kajang,rail,11100
2021-07-19,rail_mrt_kajang,rail,22981
2021-07-20,rail_mrt_kajang,rail,11081
2021-07-21,rail_mrt_kajang,rail,22713
2021-07-22,rail_mrt_kajang,rail,23749
2021-07-23,rail_mrt_kajang,rail,24109
2021-07-24,rail_mrt_kajang,rail,15606
2021-07-25,rail_mrt_kajang,rail,11366
2021-07-26,rail_mrt_kajang,rail,25159
2021-07-27,rail_mrt_kajang,rail,24748
2021-07-28,rail_mrt_kajang,rail,24942
2021-07-29,rail_mrt_kajang,rail,25205
2021-07-30,rail_mrt_kajang,rail,25502
2021-07-31,rail_mrt_kajang,rail,17231
2021-08-01,rail_mrt_kajang,rail,12979
2021-08-02,rail_mrt_kajang,rail,26304
2021-08-03,rail_mrt_kajang,rail,25420
2021-08-04,rail_mrt_kajang,rail,25894
2021-08-05,rail_mrt_kajang,rail,25114
2021-08-06,rail_mrt_kajang,rail,25366
2021-08-07,rail_mrt_kajang,rail,16611
2021-08-08,rail_mrt_kajang,rail,12651
2021-08-09,rail_mrt_kajang,rail,26848
2021-08-10,rail_mrt_kajang,rail,14473
2021-08-11,rail_mrt_kajang,rail,27172
2021-08-12,rail_mrt_kajang,rail,26713
2021-08-13,rail_mrt_kajang,rail,26939
2021-08-14,rail_mrt_kajang,rail,17136
2021-08-15,rail_mrt_kajang,rail,12978
2021-08-16,rail_mrt_kajang,rail,17815
2021-08-17,rail_mrt_kajang,rail,24820
2021-08-18,rail_mrt_kajang,rail,29069
2021-08-19,rail_mrt_kajang,rail,30129
2021-08-20,rail_mrt_kajang,rail,31715
2021-08-21,rail_mrt_kajang,rail,17684
2021-08-22,rail_mrt_kajang,rail,14912
2021-08-23,rail_mrt_kajang,rail,33105
2021-08-24,rail_mrt_kajang,rail,32467
2021-08-25,rail_mrt_kajang,rail,32893
2021-08-26,rail_mrt_kajang,rail,33310
2021-08-27,rail_mrt_kajang,rail,34363
2021-08-28,rail_mrt_kajang,rail,25767
2021-08-29,rail_mrt_kajang,rail,20540
2021-08-30,rail_mrt_kajang,rail,35491
2021-08-31,rail_mrt_kajang,rail,21371
2021-09-01,rail_mrt_kajang,rail,38339
2021-09-02,rail_mrt_kajang,rail,38238
2021-09-03,rail_mrt_kajang,rail,38892
2021-09-04,rail_mrt_kajang,rail,29820
2021-09-05,rail_mrt_kajang,rail,24760
2021-09-06,rail_mrt_kajang,rail,41289
2021-09-07,rail_mrt_kajang,rail,41671
2021-09-08,rail_mrt_kajang,rail,42049
2021-09-09,rail_mrt_kajang,rail,42162
2021-09-10,rail_mrt_kajang,rail,43676
2021-09-11,rail_mrt_kajang,rail,35723
2021-09-12,rail_mrt_kajang,rail,31417
2021-09-13,rail_mrt_kajang,rail,46176
2021-09-14,rail_mrt_kajang,rail,47570
2021-09-15,rail_mrt_kajang,rail,48516
2021-09-16,rail_mrt_kajang,rail,31830
2021-09-17,rail_mrt_kajang,rail,48218
2021-09-18,rail_mrt_kajang,rail,38003
2021-09-19,rail_mrt_kajang,rail,31499
2021-09-20,rail_mrt_kajang,rail,51067
2021-09-21,rail_mrt_kajang,rail,50383
2021-09-22,rail_mrt_kajang,rail,51396
2021-09-23,rail_mrt_kajang,rail,51080
2021-09-24,rail_mrt_kajang,rail,52669
2021-09-25,rail_mrt_kajang,rail,42575
2021-09-26,rail_mrt_kajang,rail,35416
2021-09-27,rail_mrt_kajang,rail,54540
2021-09-28,rail_mrt_kajang,rail,53964
2021-09-29,rail_mrt_kajang,rail,55314
2021-09-30,rail_mrt_kajang,rail,56052
2021-10-01,rail_mrt_kajang,rail,59836
2021-10-02,rail_mrt_kajang,rail,49472
2021-10-03,rail_mrt_kajang,rail,42615
2021-10-04,rail_mrt_kajang,rail,61879
2021-10-05,rail_mrt_kajang,rail,61957
2021-10-06,rail_mrt_kajang,rail,63588
2021-10-07,rail_mrt_kajang,rail,63425
2021-10-08,rail_mrt_kajang,rail,66997
2021-10-09,rail_mrt_kajang,rail,52921
2021-10-10,rail_mrt_kajang,rail,46370
2021-10-11,rail_mrt_kajang,rail,65688
2021-10-12,rail_mrt_kajang,rail,65360
2021-10-13,rail_mrt_kajang,rail,65718
2021-10-14,rail_mrt_kajang,rail,64862
2021-10-15,rail_mrt_kajang,rail,67456
2021-10-16,rail_mrt_kajang,rail,51048
2021-10-17,rail_mrt_kajang,rail,44486
2021-10-18,rail_mrt_kajang,rail,64118
2021-10-19,rail_mrt_kajang,rail,45029
2021-10-20,rail_mrt_kajang,rail,66959
2021-10-21,rail_mrt_kajang,rail,68200
2021-10-22,rail_mrt_kajang,rail,70838
2021-10-23,rail_mrt_kajang,rail,51712
2021-10-24,rail_mrt_kajang,rail,43636
2021-10-25,rail_mrt_kajang,rail,68962
2021-10-26,rail_mrt_kajang,rail,70355
2021-10-27,rail_mrt_kajang,rail,71676
2021-10-28,rail_mrt_kajang,rail,71827
2021-10-29,rail_mrt_kajang,rail,75099
2021-10-30,rail_mrt_kajang,rail,57798
2021-10-31,rail_mrt_kajang,rail,50765
2021-11-01,rail_mrt_kajang,rail,78125
2021-11-02,rail_mrt_kajang,rail,78845
2021-11-03,rail_mrt_kajang,rail,80166
2021-11-04,rail_mrt_kajang,rail,55192
2021-11-05,rail_mrt_kajang,rail,74267
2021-11-06,rail_mrt_kajang,rail,61227
2021-11-07,rail_mrt_kajang,rail,50595
2021-11-08,rail_mrt_kajang,rail,79900
2021-11-09,rail_mrt_kajang,rail,80788
2021-11-10,rail_mrt_kajang,rail,82991
2021-11-11,rail_mrt_kajang,rail,82427
2021-11-12,rail_mrt_kajang,rail,84930
2021-11-13,rail_mrt_kajang,rail,63033
2021-11-14,rail_mrt_kajang,rail,53898
2021-11-15,rail_mrt_kajang,rail,82762
2021-11-16,rail_mrt_kajang,rail,85001
2021-11-17,rail_mrt_kajang,rail,86139
2021-11-18,rail_mrt_kajang,rail,85444
2021-11-19,rail_mrt_kajang,rail,87063
2021-11-20,rail_mrt_kajang,rail,62619
2021-11-21,rail_mrt_kajang,rail,53132
2021-11-22,rail_mrt_kajang,rail,83291
2021-11-23,rail_mrt_kajang,rail,85496
2021-11-24,rail_mrt_kajang,rail,87183
2021-11-25,rail_mrt_kajang,rail,86875
2021-11-26,rail_mrt_kajang,rail,90477
2021-11-27,rail_mrt_kajang,rail,66870
2021-11-28,rail_mrt_kajang,rail,57389
2021-11-29,rail_mrt_kajang,rail,85130
2021-11-30,rail_mrt_kajang,rail,86754
2021-12-01,rail_mrt_kajang,rail,89702
2021-12-02,rail_mrt_kajang,rail,88893
2021-12-03,rail_mrt_kajang,rail,74669
2021-12-04,rail_mrt_kajang,rail,68284
2021-12-05,rail_mrt_kajang,rail,60917
2021-12-06,rail_mrt_kajang,rail,88825
2021-12-07,rail_mrt_kajang,rail,91256
2021-12-08,rail_mrt_kajang,rail,93931
2021-12-09,rail_mrt_kajang,rail,92933
2021-12-10,rail_mrt_kajang,rail,96086
2021-12-11,rail_mrt_kajang,rail,76648
2021-12-12,rail_mrt_kajang,rail,65069
2021-12-13,rail_mrt_kajang,rail,92010
2021-12-14,rail_mrt_kajang,rail,94629
2021-12-15,rail_mrt_kajang,rail,97407
2021-12-16,rail_mrt_kajang,rail,97692
2021-12-17,rail_mrt_kajang,rail,97844
2021-12-18,rail_mrt_kajang,rail,70289
2021-12-19,rail_mrt_kajang,rail,60824
2021-12-20,rail_mrt_kajang,rail,88233
2021-12-21,rail_mrt_kajang,rail,90305
2021-12-22,rail_mrt_kajang,rail,94725
2021-12-23,rail_mrt_kajang,rail,94428
2021-12-24,rail_mrt_kajang,rail,95482
2021-12-25,rail_mrt_kajang,rail,76922
2021-12-26,rail_mrt_kajang,rail,65996
2021-12-27,rail_mrt_kajang,rail,88109
2021-12-28,rail_mrt_kajang,rail,91073
2021-12-29,rail_mrt_kajang,rail,93076
2021-12-30,rail_mrt_kajang,rail,92718
2021-12-31,rail_mrt_kajang,rail,104751
2022-01-01,rail_mrt_kajang,rail,76294
2022-01-02,rail_mrt_kajang,rail,61436
2022-01-03,rail_mrt_kajang,rail,95714
2022-01-04,rail_mrt_kajang,rail,98546
2022-01-05,rail_mrt_kajang,rail,97942
2022-01-06,rail_mrt_kajang,rail,99296
2022-01-07,rail_mrt_kajang,rail,102232
2022-01-08,rail_mrt_kajang,rail,75906
2022-01-09,rail_mrt_kajang,rail,63752
2022-01-10,rail_mrt_kajang,rail,102406
2022-01-11,rail_mrt_kajang,rail,103597
2022-01-12,rail_mrt_kajang,rail,103636
2022-01-13,rail_mrt_kajang,rail,102554
2022-01-14,rail_mrt_kajang,rail,104953
2022-01-15,rail_mrt_kajang,rail,72486
2022-01-16,rail_mrt_kajang,rail,61057
2022-01-17,rail_mrt_kajang,rail,99212
2022-01-18,rail_mrt_kajang,rail,62590
2022-01-19,rail_mrt_kajang,rail,105715
2022-01-20,rail_mrt_kajang,rail,104420
2022-01-21,rail_mrt_kajang,rail,106791
2022-01-22,rail_mrt_kajang,rail,54690
2022-01-23,rail_mrt_kajang,rail,57822
2022-01-24,rail_mrt_kajang,rail,102610
2022-01-25,rail_mrt_kajang,rail,104543
2022-01-26,rail_mrt_kajang,rail,106749
2022-01-27,rail_mrt_kajang,rail,103822
2022-01-28,rail_mrt_kajang,rail,106341
2022-01-29,rail_mrt_kajang,rail,68356
2022-01-30,rail_mrt_kajang,rail,58966
2022-01-31,rail_mrt_kajang,rail,72692
2022-02-01,rail_mrt_kajang,rail,62592
2022-02-02,rail_mrt_kajang,rail,46568
2022-02-03,rail_mrt_kajang,rail,52926
2022-02-04,rail_mrt_kajang,rail,62353
2022-02-05,rail_mrt_kajang,rail,49676
2022-02-06,rail_mrt_kajang,rail,43445
2022-02-07,rail_mrt_kajang,rail,92844
2022-02-08,rail_mrt_kajang,rail,92020
2022-02-09,rail_mrt_kajang,rail,89008
2022-02-10,rail_mrt_kajang,rail,86781
2022-02-11,rail_mrt_kajang,rail,87077
2022-02-12,rail_mrt_kajang,rail,57073
2022-02-13,rail_mrt_kajang,rail,50420
2022-02-14,rail_mrt_kajang,rail,87878
2022-02-15,rail_mrt_kajang,rail,86260
2022-02-16,rail_mrt_kajang,rail,85813
2022-02-17,rail_mrt_kajang,rail,84067
2022-02-18,rail_mrt_kajang,rail,82929
2022-02-19,rail_mrt_kajang,rail,56317
2022-02-20,rail_mrt_kajang,rail,47417
2022-02-21,rail_mrt_kajang,rail,81677
2022-02-22,rail_mrt_kajang,rail,82118
2022-02-23,rail_mrt_kajang,rail,82570
2022-02-24,rail_mrt_kajang,rail,79043
2022-02-25,rail_mrt_kajang,rail,81104
2022-02-26,rail_mrt_kajang,rail,58623
2022-02-27,rail_mrt_kajang,rail,51037
2022-02-28,rail_mrt_kajang,rail,81046
2022-03-01,rail_mrt_kajang,rail,81643
2022-03-02,rail_mrt_kajang,rail,83739
2022-03-03,rail_mrt_kajang,rail,82120
2022-03-04,rail_mrt_kajang,rail,81240
2022-03-05,rail_mrt_kajang,rail,56790
2022-03-06,rail_mrt_kajang,rail,54889
2022-03-07,rail_mrt_kajang,rail,86808
2022-03-08,rail_mrt_kajang,rail,85372
2022-03-09,rail_mrt_kajang,rail,87363
2022-03-10,rail_mrt_kajang,rail,86162
2022-03-11,rail_mrt_kajang,rail,84213
2022-03-12,rail_mrt_kajang,rail,61284
2022-03-13,rail_mrt_kajang,rail,55165
2022-03-14,rail_mrt_kajang,rail,84552
2022-03-15,rail_mrt_kajang,rail,85593
2022-03-16,rail_mrt_kajang,rail,87654
2022-03-17,rail_mrt_kajang,rail,86255
2022-03-18,rail_mrt_kajang,rail,88108
2022-03-19,rail_mrt_kajang,rail,67400
2022-03-20,rail_mrt_kajang,rail,59412
2022-03-21,rail_mrt_kajang,rail,85220
2022-03-22,rail_mrt_kajang,rail,86997
2022-03-23,rail_mrt_kajang,rail,89512
2022-03-24,rail_mrt_kajang,rail,89178
2022-03-25,rail_mrt_kajang,rail,93101
2022-03-26,rail_mrt_kajang,rail,69651
2022-03-27,rail_mrt_kajang,rail,60520
2022-03-28,rail_mrt_kajang,rail,89904
2022-03-29,rail_mrt_kajang,rail,90858
2022-03-30,rail_mrt_kajang,rail,97589
2022-03-31,rail_mrt_kajang,rail,99674
2022-04-01,rail_mrt_kajang,rail,105996
2022-04-02,rail_mrt_kajang,rail,77900
2022-04-03,rail_mrt_kajang,rail,48185
2022-04-04,rail_mrt_kajang,rail,93220
2022-04-05,rail_mrt_kajang,rail,97368
2022-04-06,rail_mrt_kajang,rail,100332
2022-04-07,rail_mrt_kajang,rail,100993
2022-04-08,rail_mrt_kajang,rail,76598
2022-04-09,rail_mrt_kajang,rail,64561
2022-04-10,rail_mrt_kajang,rail,56411
2022-04-11,rail_mrt_kajang,rail,101997
2022-04-12,rail_mrt_kajang,rail,104178
2022-04-13,rail_mrt_kajang,rail,107497
2022-04-14,rail_mrt_kajang,rail,105452
2022-04-15,rail_mrt_kajang,rail,109943
2022-04-16,rail_mrt_kajang,rail,72797
2022-04-17,rail_mrt_kajang,rail,61854
2022-04-18,rail_mrt_kajang,rail,102032
2022-04-19,rail_mrt_kajang,rail,64611
2022-04-20,rail_mrt_kajang,rail,111416
2022-04-21,rail_mrt_kajang,rail,112125
2022-04-22,rail_mrt_kajang,rail,118864
2022-04-23,rail_mrt_kajang,rail,86991
2022-04-24,rail_mrt_kajang,rail,74695
2022-04-25,rail_mrt_kajang,rail,118177
2022-04-26,rail_mrt_kajang,rail,120274
2022-04-27,rail_mrt_kajang,rail,123023
2022-04-28,rail_mrt_kajang,rail,123390
2022-04-29,rail_mrt_kajang,rail,126802
2022-04-30,rail_mrt_kajang,rail,85864
2022-05-01,rail_mrt_kajang,rail,80061
2022-05-02,rail_mrt_kajang,rail,78935
2022-05-03,rail_mrt_kajang,rail,88111
2022-05-04,rail_mrt_kajang,rail,75458
2022-05-05,rail_mrt_kajang,rail,90866
2022-05-06,rail_mrt_kajang,rail,93942
2022-05-07,rail_mrt_kajang,rail,78392
2022-05-08,rail_mrt_kajang,rail,72525
2022-05-09,rail_mrt_kajang,rail,116460
2022-05-10,rail_mrt_kajang,rail,120921
2022-05-11,rail_mrt_kajang,rail,124979
2022-05-12,rail_mrt_kajang,rail,124694
2022-05-13,rail_mrt_kajang,rail,132193
2022-05-14,rail_mrt_kajang,rail,98192
2022-05-15,rail_mrt_kajang,rail,91144
2022-05-16,rail_mrt_kajang,rail,79319
2022-05-17,rail_mrt_kajang,rail,126418
2022-05-18,rail_mrt_kajang,rail,130607
2022-05-19,rail_mrt_kajang,rail,129740
2022-05-20,rail_mrt_kajang,rail,137365
2022-05-21,rail_mrt_kajang,rail,95882
2022-05-22,rail_mrt_kajang,rail,82280
2022-05-23,rail_mrt_kajang,rail,127046
2022-05-24,rail_mrt_kajang,rail,131630
2022-05-25,rail_mrt_kajang,rail,133094
2022-05-26,rail_mrt_kajang,rail,135876
2022-05-27,rail_mrt_kajang,rail,139425
2022-05-28,rail_mrt_kajang,rail,103033
2022-05-29,rail_mrt_kajang,rail,87087
2022-05-30,rail_mrt_kajang,rail,132562
2022-05-31,rail_mrt_kajang,rail,137234
2022-06-01,rail_mrt_kajang,rail,143401
2022-06-02,rail_mrt_kajang,rail,140294
2022-06-03,rail_mrt_kajang,rail,144153
2022-06-04,rail_mrt_kajang,rail,103435
2022-06-05,rail_mrt_kajang,rail,107442
2022-06-06,rail_mrt_kajang,rail,98373
2022-06-07,rail_mrt_kajang,rail,141397
2022-06-08,rail_mrt_kajang,rail,150016
2022-06-09,rail_mrt_kajang,rail,148353
2022-06-10,rail_mrt_kajang,rail,147372
2022-06-11,rail_mrt_kajang,rail,104906
2022-06-12,rail_mrt_kajang,rail,89634
2022-06-13,rail_mrt_kajang,rail,134304
2022-06-14,rail_mrt_kajang,rail,141171
2022-06-15,rail_mrt_kajang,rail,141446
2022-06-16,rail_mrt_kajang,rail,158121
2022-06-17,rail_mrt_kajang,rail,171000
2022-06-18,rail_mrt_kajang,rail,149262
2022-06-19,rail_mrt_kajang,rail,141530
2022-06-20,rail_mrt_kajang,rail,164577
2022-06-21,rail_mrt_kajang,rail,171482
2022-06-22,rail_mrt_kajang,rail,175659
2022-06-23,rail_mrt_kajang,rail,174492
2022-06-24,rail_mrt_kajang,rail,183327
2022-06-25,rail_mrt_kajang,rail,165481
2022-06-26,rail_mrt_kajang,rail,148727
2022-06-27,rail_mrt_kajang,rail,169869
2022-06-28,rail_mrt_kajang,rail,173999
2022-06-29,rail_mrt_kajang,rail,179856
2022-06-30,rail_mrt_kajang,rail,178473
2022-07-01,rail_mrt_kajang,rail,188535
2022-07-02,rail_mrt_kajang,rail,165383
2022-07-03,rail_mrt_kajang,rail,155930
2022-07-04,rail_mrt_kajang,rail,170901
2022-07-05,rail_mrt_kajang,rail,175806
2022-07-06,rail_mrt_kajang,rail,180731
2022-07-07,rail_mrt_kajang,rail,179703
2022-07-08,rail_mrt_kajang,rail,180826
2022-07-09,rail_mrt_kajang,rail,140043
2022-07-10,rail_mrt_kajang,rail,145196
2022-07-11,rail_mrt_kajang,rail,113062
2022-07-12,rail_mrt_kajang,rail,211485
2022-07-13,rail_mrt_kajang,rail,174581
2022-07-14,rail_mrt_kajang,rail,175771
2022-07-15,rail_mrt_kajang,rail,181487
2022-07-16,rail_mrt_kajang,rail,109509
2022-07-17,rail_mrt_kajang,rail,88488
2022-07-18,rail_mrt_kajang,rail,146188
2022-07-19,rail_mrt_kajang,rail,151462
2022-07-20,rail_mrt_kajang,rail,155983
2022-07-21,rail_mrt_kajang,rail,152766
2022-07-22,rail_mrt_kajang,rail,152232
2022-07-23,rail_mrt_kajang,rail,105426
2022-07-24,rail_mrt_kajang,rail,88110
2022-07-25,rail_mrt_kajang,rail,148443
2022-07-26,rail_mrt_kajang,rail,154324
2022-07-27,rail_mrt_kajang,rail,154517
2022-07-28,rail_mrt_kajang,rail,152609
2022-07-29,rail_mrt_kajang,rail,154424
2022-07-30,rail_mrt_kajang,rail,114520
2022-07-31,rail_mrt_kajang,rail,98056
2022-08-01,rail_mrt_kajang,rail,151893
2022-08-02,rail_mrt_kajang,rail,157421
2022-08-03,rail_mrt_kajang,rail,161055
2022-08-04,rail_mrt_kajang,rail,161231
2022-08-05,rail_mrt_kajang,rail,162358
2022-08-06,rail_mrt_kajang,rail,116458
2022-08-07,rail_mrt_kajang,rail,99650
2022-08-08,rail_mrt_kajang,rail,155300
2022-08-09,rail_mrt_kajang,rail,161579
2022-08-10,rail_mrt_kajang,rail,163706
2022-08-11,rail_mrt_kajang,rail,160445
2022-08-12,rail_mrt_kajang,rail,159548
2022-08-13,rail_mrt_kajang,rail,109237
2022-08-14,rail_mrt_kajang,rail,92376
2022-08-15,rail_mrt_kajang,rail,153682
2022-08-16,rail_mrt_kajang,rail,159716
2022-08-17,rail_mrt_kajang,rail,164180
2022-08-18,rail_mrt_kajang,rail,161687
2022-08-19,rail_mrt_kajang,rail,160859
2022-08-20,rail_mrt_kajang,rail,107012
2022-08-21,rail_mrt_kajang,rail,93935
2022-08-22,rail_mrt_kajang,rail,149240
2022-08-23,rail_mrt_kajang,rail,161510
2022-08-24,rail_mrt_kajang,rail,165996
2022-08-25,rail_mrt_kajang,rail,161239
2022-08-26,rail_mrt_kajang,rail,163931
2022-08-27,rail_mrt_kajang,rail,110295
2022-08-28,rail_mrt_kajang,rail,94220
2022-08-29,rail_mrt_kajang,rail,157453
2022-08-30,rail_mrt_kajang,rail,172609
2022-08-31,rail_mrt_kajang,rail,163601
2022-09-01,rail_mrt_kajang,rail,162101
2022-09-02,rail_mrt_kajang,rail,164729
2022-09-03,rail_mrt_kajang,rail,112500
2022-09-04,rail_mrt_kajang,rail,101698
2022-09-05,rail_mrt_kajang,rail,164266
2022-09-06,rail_mrt_kajang,rail,173872
2022-09-07,rail_mrt_kajang,rail,180790
2022-09-08,rail_mrt_kajang,rail,176304
2022-09-09,rail_mrt_kajang,rail,169322
2022-09-10,rail_mrt_kajang,rail,122024
2022-09-11,rail_mrt_kajang,rail,97117
2022-09-12,rail_mrt_kajang,rail,163172
2022-09-13,rail_mrt_kajang,rail,169839
2022-09-14,rail_mrt_kajang,rail,172653
2022-09-15,rail_mrt_kajang,rail,174798
2022-09-16,rail_mrt_kajang,rail,121125
2022-09-17,rail_mrt_kajang,rail,107675
2022-09-18,rail_mrt_kajang,rail,89529
2022-09-19,rail_mrt_kajang,rail,157553
2022-09-20,rail_mrt_kajang,rail,166570
2022-09-21,rail_mrt_kajang,rail,170636
2022-09-22,rail_mrt_kajang,rail,167402
2022-09-23,rail_mrt_kajang,rail,168652
2022-09-24,rail_mrt_kajang,rail,117224
2022-09-25,rail_mrt_kajang,rail,96122
2022-09-26,rail_mrt_kajang,rail,158876
2022-09-27,rail_mrt_kajang,rail,168985
2022-09-28,rail_mrt_kajang,rail,171649
2022-09-29,rail_mrt_kajang,rail,169513
2022-09-30,rail_mrt_kajang,rail,171478
2022-10-01,rail_mrt_kajang,rail,119158
2022-10-02,rail_mrt_kajang,rail,101951
2022-10-03,rail_mrt_kajang,rail,167131
2022-10-04,rail_mrt_kajang,rail,174625
2022-10-05,rail_mrt_kajang,rail,177469
2022-10-06,rail_mrt_kajang,rail,174141
2022-10-07,rail_mrt_kajang,rail,173747
2022-10-08,rail_mrt_kajang,rail,122057
2022-10-09,rail_mrt_kajang,rail,111970
2022-10-10,rail_mrt_kajang,rail,97844
2022-10-11,rail_mrt_kajang,rail,170777
2022-10-12,rail_mrt_kajang,rail,174013
2022-10-13,rail_mrt_kajang,rail,171864
2022-10-14,rail_mrt_kajang,rail,171958
2022-10-15,rail_mrt_kajang,rail,112804
2022-10-16,rail_mrt_kajang,rail,97384
2022-10-17,rail_mrt_kajang,rail,164509
2022-10-18,rail_mrt_kajang,rail,171010
2022-10-19,rail_mrt_kajang,rail,175928
2022-10-20,rail_mrt_kajang,rail,172372
2022-10-21,rail_mrt_kajang,rail,177454
2022-10-22,rail_mrt_kajang,rail,123374
2022-10-23,rail_mrt_kajang,rail,122637
2022-10-24,rail_mrt_kajang,rail,104690
2022-10-25,rail_mrt_kajang,rail,157297
2022-10-26,rail_mrt_kajang,rail,160523
2022-10-27,rail_mrt_kajang,rail,162031
2022-10-28,rail_mrt_kajang,rail,163733
2022-10-29,rail_mrt_kajang,rail,113962
2022-10-30,rail_mrt_kajang,rail,93444
2022-10-31,rail_mrt_kajang,rail,160863
2022-11-01,rail_mrt_kajang,rail,170242
2022-11-02,rail_mrt_kajang,rail,169483
2022-11-03,rail_mrt_kajang,rail,169336
2022-11-04,rail_mrt_kajang,rail,171719
2022-11-05,rail_mrt_kajang,rail,119076
2022-11-06,rail_mrt_kajang,rail,99636
2022-11-07,rail_mrt_kajang,rail,163627
2022-11-08,rail_mrt_kajang,rail,171123
2022-11-09,rail_mrt_kajang,rail,160697
2022-11-10,rail_mrt_kajang,rail,153934
2022-11-11,rail_mrt_kajang,rail,158259
2022-11-12,rail_mrt_kajang,rail,108122
2022-11-13,rail_mrt_kajang,rail,92540
2022-11-14,rail_mrt_kajang,rail,153084
2022-11-15,rail_mrt_kajang,rail,166455
2022-11-16,rail_mrt_kajang,rail,178844
2022-11-17,rail_mrt_kajang,rail,175514
2022-11-18,rail_mrt_kajang,rail,96426
2022-11-19,rail_mrt_kajang,rail,81258
2022-11-20,rail_mrt_kajang,rail,86970
2022-11-21,rail_mrt_kajang,rail,149109
2022-11-22,rail_mrt_kajang,rail,165763
2022-11-23,rail_mrt_kajang,rail,172215
2022-11-24,rail_mrt_kajang,rail,171465
2022-11-25,rail_mrt_kajang,rail,170811
2022-11-26,rail_mrt_kajang,rail,119608
2022-11-27,rail_mrt_kajang,rail,106903
2022-11-28,rail_mrt_kajang,rail,96898
2022-11-29,rail_mrt_kajang,rail,162470
2022-11-30,rail_mrt_kajang,rail,175322
2022-12-01,rail_mrt_kajang,rail,173243
2022-12-02,rail_mrt_kajang,rail,176120
2022-12-03,rail_mrt_kajang,rail,127741
2022-12-04,rail_mrt_kajang,rail,106577
2022-12-05,rail_mrt_kajang,rail,166967
2022-12-06,rail_mrt_kajang,rail,173498
2022-12-07,rail_mrt_kajang,rail,180108
2022-12-08,rail_mrt_kajang,rail,176753
2022-12-09,rail_mrt_kajang,rail,177981
2022-12-10,rail_mrt_kajang,rail,122878
2022-12-11,rail_mrt_kajang,rail,114972
2022-12-12,rail_mrt_kajang,rail,156503
2022-12-13,rail_mrt_kajang,rail,174035
2022-12-14,rail_mrt_kajang,rail,178183
2022-12-15,rail_mrt_kajang,rail,176983
2022-12-16,rail_mrt_kajang,rail,176141
2022-12-17,rail_mrt_kajang,rail,139741
2022-12-18,rail_mrt_kajang,rail,124970
2022-12-19,rail_mrt_kajang,rail,163263
2022-12-20,rail_mrt_kajang,rail,173196
2022-12-21,rail_mrt_kajang,rail,175715
2022-12-22,rail_mrt_kajang,rail,165916
2022-12-23,rail_mrt_kajang,rail,173046
2022-12-24,rail_mrt_kajang,rail,144906
2022-12-25,rail_mrt_kajang,rail,151541
2022-12-26,rail_mrt_kajang,rail,113113
2022-12-27,rail_mrt_kajang,rail,154116
2022-12-28,rail_mrt_kajang,rail,161703
2022-12-29,rail_mrt_kajang,rail,159355
2022-12-30,rail_mrt_kajang,rail,159251
2022-12-31,rail_mrt_kajang,rail,155629
2023-01-01,rail_mrt_kajang,rail,127591
2023-01-02,rail_mrt_kajang,rail,94715
2023-01-03,rail_mrt_kajang,rail,172976
2023-01-04,rail_mrt_kajang,rail,175987
2023-01-05,rail_mrt_kajang,rail,174606
2023-01-06,rail_mrt_kajang,rail,175959
2023-01-07,rail_mrt_kajang,rail,120676
2023-01-08,rail_mrt_kajang,rail,100974
2023-01-09,rail_mrt_kajang,rail,173731
2023-01-10,rail_mrt_kajang,rail,181398
2023-01-11,rail_mrt_kajang,rail,188139
2023-01-12,rail_mrt_kajang,rail,179420
2023-01-13,rail_mrt_kajang,rail,184449
2023-01-14,rail_mrt_kajang,rail,126784
2023-01-15,rail_mrt_kajang,rail,109305
2023-01-16,rail_mrt_kajang,rail,176188
2023-01-17,rail_mrt_kajang,rail,187077
2023-01-18,rail_mrt_kajang,rail,191516
2023-01-19,rail_mrt_kajang,rail,187779
2023-01-20,rail_mrt_kajang,rail,163205
2023-01-21,rail_mrt_kajang,rail,95600
2023-01-22,rail_mrt_kajang,rail,104818
2023-01-23,rail_mrt_kajang,rail,103752
2023-01-24,rail_mrt_kajang,rail,89532
2023-01-25,rail_mrt_kajang,rail,135167
2023-01-26,rail_mrt_kajang,rail,142449
2023-01-27,rail_mrt_kajang,rail,146999
2023-01-28,rail_mrt_kajang,rail,108712
2023-01-29,rail_mrt_kajang,rail,98233
2023-01-30,rail_mrt_kajang,rail,163187
2023-01-31,rail_mrt_kajang,rail,176869
2023-02-01,rail_mrt_kajang,rail,116731
2023-02-02,rail_mrt_kajang,rail,179107
2023-02-03,rail_mrt_kajang,rail,184811
2023-02-04,rail_mrt_kajang,rail,122765
2023-02-05,rail_mrt_kajang,rail,113489
2023-02-06,rail_mrt_kajang,rail,92490
2023-02-07,rail_mrt_kajang,rail,177246
2023-02-08,rail_mrt_kajang,rail,183879
2023-02-09,rail_mrt_kajang,rail,181403
2023-02-10,rail_mrt_kajang,rail,182932
2023-02-11,rail_mrt_kajang,rail,122267
2023-02-12,rail_mrt_kajang,rail,106333
2023-02-13,rail_mrt_kajang,rail,177132
2023-02-14,rail_mrt_kajang,rail,192946
2023-02-15,rail_mrt_kajang,rail,187264
2023-02-16,rail_mrt_kajang,rail,183945
2023-02-17,rail_mrt_kajang,rail,182412
2023-02-18,rail_mrt_kajang,rail,119029
2023-02-19,rail_mrt_kajang,rail,105405
2023-02-20,rail_mrt_kajang,rail,172027
2023-02-21,rail_mrt_kajang,rail,178568
2023-02-22,rail_mrt_kajang,rail,184524
2023-02-23,rail_mrt_kajang,rail,180575
2023-02-24,rail_mrt_kajang,rail,179319
2023-02-25,rail_mrt_kajang,rail,125913
2023-02-26,rail_mrt_kajang,rail,112028
2023-02-27,rail_mrt_kajang,rail,168581
2023-02-28,rail_mrt_kajang,rail,179260
2023-03-01,rail_mrt_kajang,rail,193100
2023-03-02,rail_mrt_kajang,rail,190457
2023-03-03,rail_mrt_kajang,rail,187779
2023-03-04,rail_mrt_kajang,rail,141703
2023-03-05,rail_mrt_kajang,rail,122548
2023-03-06,rail_mrt_kajang,rail,181917
2023-03-07,rail_mrt_kajang,rail,192942
2023-03-08,rail_mrt_kajang,rail,201743
2023-03-09,rail_mrt_kajang,rail,194910
2023-03-10,rail_mrt_kajang,rail,190499
2023-03-11,rail_mrt_kajang,rail,133113
2023-03-12,rail_mrt_kajang,rail,120507
2023-03-13,rail_mrt_kajang,rail,185074
2023-03-14,rail_mrt_kajang,rail,197069
2023-03-15,rail_mrt_kajang,rail,204425
2023-03-16,rail_mrt_kajang,rail,202121
2023-03-17,rail_mrt_kajang,rail,203561
2023-03-18,rail_mrt_kajang,rail,156226
2023-03-19,rail_mrt_kajang,rail,139476
2023-03-20,rail_mrt_kajang,rail,193609
2023-03-21,rail_mrt_kajang,rail,207873
2023-03-22,rail_mrt_kajang,rail,212433
2023-03-23,rail_mrt_kajang,rail,187608
2023-03-24,rail_mrt_kajang,rail,191564
2023-03-25,rail_mrt_kajang,rail,118426
2023-03-26,rail_mrt_kajang,rail,109528
2023-03-27,rail_mrt_kajang,rail,182745
2023-03-28,rail_mrt_kajang,rail,191735
2023-03-29,rail_mrt_kajang,rail,197068
2023-03-30,rail_mrt_kajang,rail,193806
2023-03-31,rail_mrt_kajang,rail,200150
2023-04-01,rail_mrt_kajang,rail,119519
2023-04-02,rail_mrt_kajang,rail,104902
2023-04-03,rail_mrt_kajang,rail,183917
2023-04-04,rail_mrt_kajang,rail,194012
2023-04-05,rail_mrt_kajang,rail,197274
2023-04-06,rail_mrt_kajang,rail,196197
2023-04-07,rail_mrt_kajang,rail,199348
2023-04-08,rail_mrt_kajang,rail,131798
2023-04-09,rail_mrt_kajang,rail,117076
2023-04-10,rail_mrt_kajang,rail,189888
2023-04-11,rail_mrt_kajang,rail,198315
2023-04-12,rail_mrt_kajang,rail,201047
2023-04-13,rail_mrt_kajang,rail,196612
2023-04-14,rail_mrt_kajang,rail,199004
2023-04-15,rail_mrt_kajang,rail,134373
2023-04-16,rail_mrt_kajang,rail,116060
2023-04-17,rail_mrt_kajang,rail,190357
2023-04-18,rail_mrt_kajang,rail,201816
2023-04-19,rail_mrt_kajang,rail,192975
2023-04-20,rail_mrt_kajang,rail,162254
2023-04-21,rail_mrt_kajang,rail,193332
2023-04-22,rail_mrt_kajang,rail,129197
2023-04-23,rail_mrt_kajang,rail,136253
2023-04-24,rail_mrt_kajang,rail,107168
2023-04-25,rail_mrt_kajang,rail,148498
2023-04-26,rail_mrt_kajang,rail,163548
2023-04-27,rail_mrt_kajang,rail,172089
2023-04-28,rail_mrt_kajang,rail,172070
2023-04-29,rail_mrt_kajang,rail,129448
2023-04-30,rail_mrt_kajang,rail,130064
2023-05-01,rail_mrt_kajang,rail,119752
2023-05-02,rail_mrt_kajang,rail,189089
2023-05-03,rail_mrt_kajang,rail,197307
2023-05-04,rail_mrt_kajang,rail,120039
2023-05-05,rail_mrt_kajang,rail,180146
2023-05-06,rail_mrt_kajang,rail,130919
2023-05-07,rail_mrt_kajang,rail,115923
2023-05-08,rail_mrt_kajang,rail,189254
2023-05-09,rail_mrt_kajang,rail,199657
2023-05-10,rail_mrt_kajang,rail,202651
2023-05-11,rail_mrt_kajang,rail,199133
2023-05-12,rail_mrt_kajang,rail,201106
2023-05-13,rail_mrt_kajang,rail,136667
2023-05-14,rail_mrt_kajang,rail,119052
2023-05-15,rail_mrt_kajang,rail,191649
2023-05-16,rail_mrt_kajang,rail,199677
2023-05-17,rail_mrt_kajang,rail,204766
2023-05-18,rail_mrt_kajang,rail,196256
2023-05-19,rail_mrt_kajang,rail,189183
2023-05-20,rail_mrt_kajang,rail,143396
2023-05-21,rail_mrt_kajang,rail,120968
2023-05-22,rail_mrt_kajang,rail,187208
2023-05-23,rail_mrt_kajang,rail,196056
2023-05-24,rail_mrt_kajang,rail,198849
2023-05-25,rail_mrt_kajang,rail,197251
2023-05-26,rail_mrt_kajang,rail,200976
2023-05-27,rail_mrt_kajang,rail,158770
2023-05-28,rail_mrt_kajang,rail,132299
2023-05-29,rail_mrt_kajang,rail,198314
2023-05-30,rail_mrt_kajang,rail,208508
2023-05-31,rail_mrt_kajang,rail,219424
2023-06-01,rail_mrt_kajang,rail,211506
2023-06-02,rail_mrt_kajang,rail,204499
2023-06-03,rail_mrt_kajang,rail,156187
2023-06-04,rail_mrt_kajang,rail,149436
2023-06-05,rail_mrt_kajang,rail,117474
2023-06-06,rail_mrt_kajang,rail,199672
2023-06-07,rail_mrt_kajang,rail,207015
2023-06-08,rail_mrt_kajang,rail,210260
2023-06-09,rail_mrt_kajang,rail,204828
2023-06-10,rail_mrt_kajang,rail,147239
2023-06-11,rail_mrt_kajang,rail,128073
2023-06-12,rail_mrt_kajang,rail,195458
2023-06-13,rail_mrt_kajang,rail,204162
2023-06-14,rail_mrt_kajang,rail,208850
2023-06-15,rail_mrt_kajang,rail,207533
2023-06-16,rail_mrt_kajang,rail,206417
2023-06-17,rail_mrt_kajang,rail,141561
2023-06-18,rail_mrt_kajang,rail,120790
2023-06-19,rail_mrt_kajang,rail,193144
2023-06-20,rail_mrt_kajang,rail,204464
2023-06-21,rail_mrt_kajang,rail,206246
2023-06-22,rail_mrt_kajang,rail,203645
2023-06-23,rail_mrt_kajang,rail,204565
2023-06-24,rail_mrt_kajang,rail,139251
2023-06-25,rail_mrt_kajang,rail,119283
2023-06-26,rail_mrt_kajang,rail,189532
2023-06-27,rail_mrt_kajang,rail,213481
2023-06-28,rail_mrt_kajang,rail,205696
2023-06-29,rail_mrt_kajang,rail,132533
2023-06-30,rail_mrt_kajang,rail,172543
2023-07-01,rail_mrt_kajang,rail,131772
2023-07-02,rail_mrt_kajang,rail,114121
2023-07-03,rail_mrt_kajang,rail,194946
2023-07-04,rail_mrt_kajang,rail,207746
2023-07-05,rail_mrt_kajang,rail,213264
2023-07-06,rail_mrt_kajang,rail,209163
2023-07-07,rail_mrt_kajang,rail,207967
2023-07-08,rail_mrt_kajang,rail,151219
2023-07-09,rail_mrt_kajang,rail,129584
2023-07-10,rail_mrt_kajang,rail,202693
2023-07-11,rail_mrt_kajang,rail,213451
2023-07-12,rail_mrt_kajang,rail,217250
2023-07-13,rail_mrt_kajang,rail,212493
2023-07-14,rail_mrt_kajang,rail,210405
2023-07-15,rail_mrt_kajang,rail,151588
2023-07-16,rail_mrt_kajang,rail,125004
2023-07-17,rail_mrt_kajang,rail,200622
2023-07-18,rail_mrt_kajang,rail,212831
2023-07-19,rail_mrt_kajang,rail,130499
2023-07-20,rail_mrt_kajang,rail,207165
2023-07-21,rail_mrt_kajang,rail,205075
2023-07-22,rail_mrt_kajang,rail,136589
2023-07-23,rail_mrt_kajang,rail,116359
2023-07-24,rail_mrt_kajang,rail,197639
2023-07-25,rail_mrt_kajang,rail,207843
2023-07-26,rail_mrt_kajang,rail,213272
2023-07-27,rail_mrt_kajang,rail,209150
2023-07-28,rail_mrt_kajang,rail,213423
2023-07-29,rail_mrt_kajang,rail,156225
2023-07-30,rail_mrt_kajang,rail,126797
2023-07-31,rail_mrt_kajang,rail,200492
2023-08-01,rail_mrt_kajang,rail,213646
2023-08-02,rail_mrt_kajang,rail,218676
2023-08-03,rail_mrt_kajang,rail,212789
2023-08-04,rail_mrt_kajang,rail,211714
2023-08-05,rail_mrt_kajang,rail,157535
2023-08-06,rail_mrt_kajang,rail,134987
2023-08-07,rail_mrt_kajang,rail,205453
2023-08-08,rail_mrt_kajang,rail,214469
2023-08-09,rail_mrt_kajang,rail,219363
2023-08-10,rail_mrt_kajang,rail,215927
2023-08-11,rail_mrt_kajang,rail,210877
2023-08-12,rail_mrt_kajang,rail,129837
2023-08-13,rail_mrt_kajang,rail,127444
2023-08-14,rail_mrt_kajang,rail,186140
2023-08-15,rail_mrt_kajang,rail,213021
2023-08-16,rail_mrt_kajang,rail,215919
2023-08-17,rail_mrt_kajang,rail,212896
2023-08-18,rail_mrt_kajang,rail,209705
2023-08-19,rail_mrt_kajang,rail,144198
2023-08-20,rail_mrt_kajang,rail,122932
2023-08-21,rail_mrt_kajang,rail,199400
2023-08-22,rail_mrt_kajang,rail,210387
2023-08-23,rail_mrt_kajang,rail,214731
2023-08-24,rail_mrt_kajang,rail,209635
2023-08-25,rail_mrt_kajang,rail,212615
2023-08-26,rail_mrt_kajang,rail,151418
2023-08-27,rail_mrt_kajang,rail,129276
2023-08-28,rail_mrt_kajang,rail,173782
2023-08-29,rail_mrt_kajang,rail,217404
2023-08-30,rail_mrt_kajang,rail,238963
2023-08-31,rail_mrt_kajang,rail,171105
2023-09-01,rail_mrt_kajang,rail,190824
2023-09-02,rail_mrt_kajang,rail,144510
2023-09-03,rail_mrt_kajang,rail,120688
2023-09-04,rail_mrt_kajang,rail,200593
2023-09-05,rail_mrt_kajang,rail,215465
2023-09-06,rail_mrt_kajang,rail,220580
2023-09-07,rail_mrt_kajang,rail,219696
2023-09-08,rail_mrt_kajang,rail,216054
2023-09-09,rail_mrt_kajang,rail,158258
2023-09-10,rail_mrt_kajang,rail,136816
2023-09-11,rail_mrt_kajang,rail,207620
2023-09-12,rail_mrt_kajang,rail,219123
2023-09-13,rail_mrt_kajang,rail,221451
2023-09-14,rail_mrt_kajang,rail,216144
2023-09-15,rail_mrt_kajang,rail,218648
2023-09-16,rail_mrt_kajang,rail,175551
2023-09-17,rail_mrt_kajang,rail,129963
2023-09-18,rail_mrt_kajang,rail,205731
2023-09-19,rail_mrt_kajang,rail,219299
2023-09-20,rail_mrt_kajang,rail,221684
2023-09-21,rail_mrt_kajang,rail,217425
2023-09-22,rail_mrt_kajang,rail,214789
2023-09-23,rail_mrt_kajang,rail,146378
2023-09-24,rail_mrt_kajang,rail,125473
2023-09-25,rail_mrt_kajang,rail,208066
2023-09-26,rail_mrt_kajang,rail,218760
2023-09-27,rail_mrt_kajang,rail,230271
2023-09-28,rail_mrt_kajang,rail,139344
2023-09-29,rail_mrt_kajang,rail,201758
2023-09-30,rail_mrt_kajang,rail,153374
2023-10-01,rail_mrt_kajang,rail,130337
2023-10-02,rail_mrt_kajang,rail,207806
2023-10-03,rail_mrt_kajang,rail,218968
2023-10-04,rail_mrt_kajang,rail,223461
2023-10-05,rail_mrt_kajang,rail,220672
2023-10-06,rail_mrt_kajang,rail,223259
2023-10-07,rail_mrt_kajang,rail,162195
2023-10-08,rail_mrt_kajang,rail,139692
2023-10-09,rail_mrt_kajang,rail,212177
2023-10-10,rail_mrt_kajang,rail,219206
2023-10-11,rail_mrt_kajang,rail,222963
2023-10-12,rail_mrt_kajang,rail,216843
2023-10-13,rail_mrt_kajang,rail,227614
2023-10-14,rail_mrt_kajang,rail,156597
2023-10-15,rail_mrt_kajang,rail,133737
2023-10-16,rail_mrt_kajang,rail,211664
2023-10-17,rail_mrt_kajang,rail,223358
2023-10-18,rail_mrt_kajang,rail,225107
2023-10-19,rail_mrt_kajang,rail,221843
2023-10-20,rail_mrt_kajang,rail,222792
2023-10-21,rail_mrt_kajang,rail,154097
2023-10-22,rail_mrt_kajang,rail,135134
2023-10-23,rail_mrt_kajang,rail,209230
2023-10-24,rail_mrt_kajang,rail,222391
2023-10-25,rail_mrt_kajang,rail,225776
2023-10-26,rail_mrt_kajang,rail,222732
2023-10-27,rail_mrt_kajang,rail,220655
2023-10-28,rail_mrt_kajang,rail,161488
2023-10-29,rail_mrt_kajang,rail,133218
2023-10-30,rail_mrt_kajang,rail,210083
2023-10-31,rail_mrt_kajang,rail,222064
2023-11-01,rail_mrt_kajang,rail,228310
2023-11-02,rail_mrt_kajang,rail,224221
2023-11-03,rail_mrt_kajang,rail,226627
2023-11-04,rail_mrt_kajang,rail,161983
2023-11-05,rail_mrt_kajang,rail,138307
2023-11-06,rail_mrt_kajang,rail,213142
2023-11-07,rail_mrt_kajang,rail,226412
2023-11-08,rail_mrt_kajang,rail,233012
2023-11-09,rail_mrt_kajang,rail,229465
2023-11-10,rail_mrt_kajang,rail,231094
2023-11-11,rail_mrt_kajang,rail,175168
2023-11-12,rail_mrt_kajang,rail,176579
2023-11-13,rail_mrt_kajang,rail,145236
2023-11-14,rail_mrt_kajang,rail,208500
2023-11-15,rail_mrt_kajang,rail,222189
2023-11-16,rail_mrt_kajang,rail,220302
2023-11-17,rail_mrt_kajang,rail,217589
2023-11-18,rail_mrt_kajang,rail,155312
2023-11-19,rail_mrt_kajang,rail,130333
2023-11-20,rail_mrt_kajang,rail,212391
2023-11-21,rail_mrt_kajang,rail,225020
2023-11-22,rail_mrt_kajang,rail,235772
2023-11-23,rail_mrt_kajang,rail,229179
2023-11-24,rail_mrt_kajang,rail,232343
2023-11-25,rail_mrt_kajang,rail,167477
2023-11-26,rail_mrt_kajang,rail,143060
2023-11-27,rail_mrt_kajang,rail,216086
2023-11-28,rail_mrt_kajang,rail,228154
2023-11-29,rail_mrt_kajang,rail,243952
2023-11-30,rail_mrt_kajang,rail,236369
2023-12-01,rail_mrt_kajang,rail,247693
2023-12-02,rail_mrt_kajang,rail,210683
2023-12-03,rail_mrt_kajang,rail,182682
2023-12-04,rail_mrt_kajang,rail,225714
2023-12-05,rail_mrt_kajang,rail,234592
2023-12-06,rail_mrt_kajang,rail,240022
2023-12-07,rail_mrt_kajang,rail,237908
2023-12-08,rail_mrt_kajang,rail,246761
2023-12-09,rail_mrt_kajang,rail,198646
2023-12-10,rail_mrt_kajang,rail,189157
2023-12-11,rail_mrt_kajang,rail,228886
2023-12-12,rail_mrt_kajang,rail,229422
2023-12-13,rail_mrt_kajang,rail,232067
2023-12-14,rail_mrt_kajang,rail,228167
2023-12-15,rail_mrt_kajang,rail,231037
2023-12-16,rail_mrt_kajang,rail,187170
2023-12-17,rail_mrt_kajang,rail,174998
2023-12-18,rail_mrt_kajang,rail,221001
2023-12-19,rail_mrt_kajang,rail,229228
2023-12-20,rail_mrt_kajang,rail,234192
2023-12-21,rail_mrt_kajang,rail,226323
2023-12-22,rail_mrt_kajang,rail,222417
2023-12-23,rail_mrt_kajang,rail,199294
2023-12-24,rail_mrt_kajang,rail,222539
2023-12-25,rail_mrt_kajang,rail,196188
2023-12-26,rail_mrt_kajang,rail,199957
2023-12-27,rail_mrt_kajang,rail,213104
2023-12-28,rail_mrt_kajang,rail,209894
2023-12-29,rail_mrt_kajang,rail,209228
2023-12-30,rail_mrt_kajang,rail,178415
2023-12-31,rail_mrt_kajang,rail,262265
2024-01-01,rail_mrt_kajang,rail,159042
2024-01-02,rail_mrt_kajang,rail,217041
2024-01-03,rail_mrt_kajang,rail,224466
2024-01-04,rail_mrt_kajang,rail,221020
2024-01-05,rail_mrt_kajang,rail,223298
2024-01-06,rail_mrt_kajang,rail,158047
2024-01-07,rail_mrt_kajang,rail,133496
2024-01-08,rail_mrt_kajang,rail,222628
2024-01-09,rail_mrt_kajang,rail,237427
2024-01-10,rail_mrt_kajang,rail,236495
2024-01-11,rail_mrt_kajang,rail,233742
2024-01-12,rail_mrt_kajang,rail,239607
2024-01-13,rail_mrt_kajang,rail,176910
2024-01-14,rail_mrt_kajang,rail,152481
2024-01-15,rail_mrt_kajang,rail,223369
2024-01-16,rail_mrt_kajang,rail,235086
2024-01-17,rail_mrt_kajang,rail,239571
2024-01-18,rail_mrt_kajang,rail,235011
2024-01-19,rail_mrt_kajang,rail,239872
2024-01-20,rail_mrt_kajang,rail,176577
2024-01-21,rail_mrt_kajang,rail,153555
2024-01-22,rail_mrt_kajang,rail,229585
2024-01-23,rail_mrt_kajang,rail,245175
2024-01-24,rail_mrt_kajang,rail,255701
2024-01-25,rail_mrt_kajang,rail,160884
2024-01-26,rail_mrt_kajang,rail,226106
2024-01-27,rail_mrt_kajang,rail,170826
2024-01-28,rail_mrt_kajang,rail,147205
2024-01-29,rail_mrt_kajang,rail,232469
2024-01-30,rail_mrt_kajang,rail,244641
2024-01-31,rail_mrt_kajang,rail,255045
2024-02-01,rail_mrt_kajang,rail,168370
2024-02-02,rail_mrt_kajang,rail,236335
2024-02-03,rail_mrt_kajang,rail,190133
2024-02-04,rail_mrt_kajang,rail,161308
2024-02-05,rail_mrt_kajang,rail,239347
2024-02-06,rail_mrt_kajang,rail,250875
2024-02-07,rail_mrt_kajang,rail,258635
2024-02-08,rail_mrt_kajang,rail,236151
2024-02-09,rail_mrt_kajang,rail,187491
2024-02-10,rail_mrt_kajang,rail,183062
2024-02-11,rail_mrt_kajang,rail,182602
2024-02-12,rail_mrt_kajang,rail,161319
2024-02-13,rail_mrt_kajang,rail,204475
2024-02-14,rail_mrt_kajang,rail,224887
2024-02-15,rail_mrt_kajang,rail,220617
2024-02-16,rail_mrt_kajang,rail,212781
2024-02-17,rail_mrt_kajang,rail,155676
2024-02-18,rail_mrt_kajang,rail,142511
2024-02-19,rail_mrt_kajang,rail,230066
2024-02-20,rail_mrt_kajang,rail,243230
2024-02-21,rail_mrt_kajang,rail,249306
2024-02-22,rail_mrt_kajang,rail,247036
2024-02-23,rail_mrt_kajang,rail,242257
2024-02-24,rail_mrt_kajang,rail,183818
2024-02-25,rail_mrt_kajang,rail,166944
2024-02-26,rail_mrt_kajang,rail,235328
2024-02-27,rail_mrt_kajang,rail,246509
2024-02-28,rail_mrt_kajang,rail,253870
2024-02-29,rail_mrt_kajang,rail,252901
2024-03-01,rail_mrt_kajang,rail,249384
2024-03-02,rail_mrt_kajang,rail,195237
2024-03-03,rail_mrt_kajang,rail,175258
2024-03-04,rail_mrt_kajang,rail,241113
2024-03-05,rail_mrt_kajang,rail,257664
2024-03-06,rail_mrt_kajang,rail,265735
2024-03-07,rail_mrt_kajang,rail,259437
2024-03-08,rail_mrt_kajang,rail,255508
2024-03-09,rail_mrt_kajang,rail,194931
2024-03-10,rail_mrt_kajang,rail,172713
2024-03-11,rail_mrt_kajang,rail,247030
2024-03-12,rail_mrt_kajang,rail,233981
2024-03-13,rail_mrt_kajang,rail,241245
2024-03-14,rail_mrt_kajang,rail,238180
2024-03-15,rail_mrt_kajang,rail,236822
2024-03-16,rail_mrt_kajang,rail,152241
2024-03-17,rail_mrt_kajang,rail,134241
2024-03-18,rail_mrt_kajang,rail,232543
2024-03-19,rail_mrt_kajang,rail,239783
2024-03-20,rail_mrt_kajang,rail,243689
2024-03-21,rail_mrt_kajang,rail,239066
2024-03-22,rail_mrt_kajang,rail,242789
2024-03-23,rail_mrt_kajang,rail,159646
2024-03-24,rail_mrt_kajang,rail,135024
2024-03-25,rail_mrt_kajang,rail,232026
2024-03-26,rail_mrt_kajang,rail,241644
2024-03-27,rail_mrt_kajang,rail,251996
2024-03-28,rail_mrt_kajang,rail,156908
2024-03-29,rail_mrt_kajang,rail,227034
2024-03-30,rail_mrt_kajang,rail,161181
2024-03-31,rail_mrt_kajang,rail,136166
2024-04-01,rail_mrt_kajang,rail,233202
2024-04-02,rail_mrt_kajang,rail,243455
2024-04-03,rail_mrt_kajang,rail,249738
2024-04-04,rail_mrt_kajang,rail,242298
2024-04-05,rail_mrt_kajang,rail,247541
2024-04-06,rail_mrt_kajang,rail,158140
2024-04-07,rail_mrt_kajang,rail,143661
2024-04-08,rail_mrt_kajang,rail,198967
2024-04-09,rail_mrt_kajang,rail,187967
2024-04-10,rail_mrt_kajang,rail,186888
2024-04-11,rail_mrt_kajang,rail,176012
2024-04-12,rail_mrt_kajang,rail,177926
2024-04-13,rail_mrt_kajang,rail,145964
2024-04-14,rail_mrt_kajang,rail,130563
2024-04-15,rail_mrt_kajang,rail,209368
2024-04-16,rail_mrt_kajang,rail,227061
2024-04-17,rail_mrt_kajang,rail,237109
2024-04-18,rail_mrt_kajang,rail,233021
2024-04-19,rail_mrt_kajang,rail,240513
2024-04-20,rail_mrt_kajang,rail,172835
2024-04-21,rail_mrt_kajang,rail,149974
2024-04-22,rail_mrt_kajang,rail,232509
2024-04-23,rail_mrt_kajang,rail,243451
2024-04-24,rail_mrt_kajang,rail,248489
2024-04-25,rail_mrt_kajang,rail,244874
2024-04-26,rail_mrt_kajang,rail,251457
2024-04-27,rail_mrt_kajang,rail,192673
2024-04-28,rail_mrt_kajang,rail,162298
2024-04-29,rail_mrt_kajang,rail,237795
2024-04-30,rail_mrt_kajang,rail,256624
2024-05-01,rail_mrt_kajang,rail,184437
2024-05-02,rail_mrt_kajang,rail,250953
2024-05-03,rail_mrt_kajang,rail,251683
2024-05-04,rail_mrt_kajang,rail,186860
2024-05-05,rail_mrt_kajang,rail,171318
2024-05-06,rail_mrt_kajang,rail,240363
2024-05-07,rail_mrt_kajang,rail,259675
2024-05-08,rail_mrt_kajang,rail,267109
2024-05-09,rail_mrt_kajang,rail,253896
2024-05-10,rail_mrt_kajang,rail,257069
2024-05-11,rail_mrt_kajang,rail,182758
2024-05-12,rail_mrt_kajang,rail,166092
2024-05-13,rail_mrt_kajang,rail,242010
2024-05-14,rail_mrt_kajang,rail,253437
2024-05-15,rail_mrt_kajang,rail,257037
2024-05-16,rail_mrt_kajang,rail,253778
2024-05-17,rail_mrt_kajang,rail,252606
2024-05-18,rail_mrt_kajang,rail,187079
2024-05-19,rail_mrt_kajang,rail,160492
2024-05-20,rail_mrt_kajang,rail,241287
2024-05-21,rail_mrt_kajang,rail,253671
2024-05-22,rail_mrt_kajang,rail,168654
2024-05-23,rail_mrt_kajang,rail,240933
2024-05-24,rail_mrt_kajang,rail,250636
2024-05-25,rail_mrt_kajang,rail,191869
2024-05-26,rail_mrt_kajang,rail,171027
2024-05-27,rail_mrt_kajang,rail,252244
2024-05-28,rail_mrt_kajang,rail,261354
2024-05-29,rail_mrt_kajang,rail,274188
2024-05-30,rail_mrt_kajang,rail,266950
2024-05-31,rail_mrt_kajang,rail,261386
2024-06-01,rail_mrt_kajang,rail,209179
2024-06-02,rail_mrt_kajang,rail,198291
2024-06-03,rail_mrt_kajang,rail,161956
2024-06-04,rail_mrt_kajang,rail,249198
2024-06-05,rail_mrt_kajang,rail,251786
2024-06-06,rail_mrt_kajang,rail,245986
2024-06-07,rail_mrt_kajang,rail,251688
2024-06-08,rail_mrt_kajang,rail,195106
2024-06-09,rail_mrt_kajang,rail,170552
2024-06-10,rail_mrt_kajang,rail,248543
2024-06-11,rail_mrt_kajang,rail,258700
2024-06-12,rail_mrt_kajang,rail,260430
2024-06-13,rail_mrt_kajang,rail,256529
2024-06-14,rail_mrt_kajang,rail,257088
2024-06-15,rail_mrt_kajang,rail,185662
2024-06-16,rail_mrt_kajang,rail,172583
2024-06-17,rail_mrt_kajang,rail,159879
2024-06-18,rail_mrt_kajang,rail,240978
2024-06-19,rail_mrt_kajang,rail,253462
2024-06-20,rail_mrt_kajang,rail,250229
2024-06-21,rail_mrt_kajang,rail,251368
2024-06-22,rail_mrt_kajang,rail,188870
2024-06-23,rail_mrt_kajang,rail,160595
2024-06-24,rail_mrt_kajang,rail,244282
2024-06-25,rail_mrt_kajang,rail,255156
2024-06-26,rail_mrt_kajang,rail,259838
2024-06-27,rail_mrt_kajang,rail,255210
2024-06-28,rail_mrt_kajang,rail,258172
2024-06-29,rail_mrt_kajang,rail,202785
2024-06-30,rail_mrt_kajang,rail,169715
2024-07-01,rail_mrt_kajang,rail,252569
2024-07-02,rail_mrt_kajang,rail,261783
2024-07-03,rail_mrt_kajang,rail,268765
2024-07-04,rail_mrt_kajang,rail,264607
2024-07-05,rail_mrt_kajang,rail,266888
2024-07-06,rail_mrt_kajang,rail,206645
2024-07-07,rail_mrt_kajang,rail,203848
2024-07-08,rail_mrt_kajang,rail,165449
2024-07-09,rail_mrt_kajang,rail,263047
2024-07-10,rail_mrt_kajang,rail,270141
2024-07-11,rail_mrt_kajang,rail,266658
2024-07-12,rail_mrt_kajang,rail,263438
2024-07-13,rail_mrt_kajang,rail,197531
2024-07-14,rail_mrt_kajang,rail,166721
2024-07-15,rail_mrt_kajang,rail,252958
2024-07-16,rail_mrt_kajang,rail,262939
2024-07-17,rail_mrt_kajang,rail,269546
2024-07-18,rail_mrt_kajang,rail,263117
2024-07-19,rail_mrt_kajang,rail,267317
2024-07-20,rail_mrt_kajang,rail,208405
2024-07-21,rail_mrt_kajang,rail,166368
2024-07-22,rail_mrt_kajang,rail,248534
2024-07-23,rail_mrt_kajang,rail,263178
2024-07-24,rail_mrt_kajang,rail,265491
2024-07-25,rail_mrt_kajang,rail,263951
2024-07-26,rail_mrt_kajang,rail,264920
2024-07-27,rail_mrt_kajang,rail,199172
2024-07-28,rail_mrt_kajang,rail,169794
2024-07-29,rail_mrt_kajang,rail,250926
2024-07-30,rail_mrt_kajang,rail,264383
2024-07-31,rail_mrt_kajang,rail,272244
2024-08-01,rail_mrt_kajang,rail,265899
2024-08-02,rail_mrt_kajang,rail,265155
2024-08-03,rail_mrt_kajang,rail,198005
2024-08-04,rail_mrt_kajang,rail,165573
2024-08-05,rail_mrt_kajang,rail,254366
2024-08-06,rail_mrt_kajang,rail,266743
2024-08-07,rail_mrt_kajang,rail,274703
2024-08-08,rail_mrt_kajang,rail,269554
2024-08-09,rail_mrt_kajang,rail,262760
2024-08-10,rail_mrt_kajang,rail,207552
2024-08-11,rail_mrt_kajang,rail,165858
2024-08-12,rail_mrt_kajang,rail,259547
2024-08-13,rail_mrt_kajang,rail,266935
2024-08-14,rail_mrt_kajang,rail,271488
2024-08-15,rail_mrt_kajang,rail,264039
2024-08-16,rail_mrt_kajang,rail,263768
2024-08-17,rail_mrt_kajang,rail,198435
2024-08-18,rail_mrt_kajang,rail,174892
2024-08-19,rail_mrt_kajang,rail,254603
2024-08-20,rail_mrt_kajang,rail,262694
2024-08-21,rail_mrt_kajang,rail,268041
2024-08-22,rail_mrt_kajang,rail,260848
2024-08-23,rail_mrt_kajang,rail,263538
2024-08-24,rail_mrt_kajang,rail,207151
2024-08-25,rail_mrt_kajang,rail,166976
2024-08-26,rail_mrt_kajang,rail,250900
2024-08-27,rail_mrt_kajang,rail,260452
2024-08-28,rail_mrt_kajang,rail,265546
2024-08-29,rail_mrt_kajang,rail,261798
2024-08-30,rail_mrt_kajang,rail,274397
2024-08-31,rail_mrt_kajang,rail,223776
2024-09-01,rail_mrt_kajang,rail,167731
2024-09-02,rail_mrt_kajang,rail,247214
2024-09-03,rail_mrt_kajang,rail,262243
2024-09-04,rail_mrt_kajang,rail,269063
2024-09-05,rail_mrt_kajang,rail,263274
2024-09-06,rail_mrt_kajang,rail,262075
2024-09-07,rail_mrt_kajang,rail,204613
2024-09-08,rail_mrt_kajang,rail,172735
2024-09-09,rail_mrt_kajang,rail,256099
2024-09-10,rail_mrt_kajang,rail,266335
2024-09-11,rail_mrt_kajang,rail,272223
2024-09-12,rail_mrt_kajang,rail,262880
2024-09-13,rail_mrt_kajang,rail,258662
2024-09-14,rail_mrt_kajang,rail,199935
2024-09-15,rail_mrt_kajang,rail,204178
2024-09-16,rail_mrt_kajang,rail,196803
2024-09-17,rail_mrt_kajang,rail,185563
2024-09-18,rail_mrt_kajang,rail,269554
2024-09-19,rail_mrt_kajang,rail,268889
2024-09-20,rail_mrt_kajang,rail,274945
2024-09-21,rail_mrt_kajang,rail,190138
2024-09-22,rail_mrt_kajang,rail,160056
2024-09-23,rail_mrt_kajang,rail,246504
2024-09-24,rail_mrt_kajang,rail,262278
2024-09-25,rail_mrt_kajang,rail,264354
2024-09-26,rail_mrt_kajang,rail,264865
2024-09-27,rail_mrt_kajang,rail,265404
2024-09-28,rail_mrt_kajang,rail,197090
2024-09-29,rail_mrt_kajang,rail,167533
2024-09-30,rail_mrt_kajang,rail,252337
2024-10-01,rail_mrt_kajang,rail,269990
2024-10-02,rail_mrt_kajang,rail,274854
2024-10-03,rail_mrt_kajang,rail,272878
2024-10-04,rail_mrt_kajang,rail,280817
2024-10-05,rail_mrt_kajang,rail,218386
2024-10-06,rail_mrt_kajang,rail,191472
2024-10-07,rail_mrt_kajang,rail,261079
2024-10-08,rail_mrt_kajang,rail,272310
2024-10-09,rail_mrt_kajang,rail,274613
2024-10-10,rail_mrt_kajang,rail,268785
2024-10-11,rail_mrt_kajang,rail,275598
2024-10-12,rail_mrt_kajang,rail,209715
2024-10-13,rail_mrt_kajang,rail,180937
2024-10-14,rail_mrt_kajang,rail,258361
2024-10-15,rail_mrt_kajang,rail,267712
2024-10-16,rail_mrt_kajang,rail,277067
2024-10-17,rail_mrt_kajang,rail,269931
2024-10-18,rail_mrt_kajang,rail,273844
2024-10-19,rail_mrt_kajang,rail,202476
2024-10-20,rail_mrt_kajang,rail,174688
2024-10-21,rail_mrt_kajang,rail,255332
2024-10-22,rail_mrt_kajang,rail,266313
2024-10-23,rail_mrt_kajang,rail,271867
2024-10-24,rail_mrt_kajang,rail,267867
2024-10-25,rail_mrt_kajang,rail,273577
2024-10-26,rail_mrt_kajang,rail,212960
2024-10-27,rail_mrt_kajang,rail,177035
2024-10-28,rail_mrt_kajang,rail,253303
2024-10-29,rail_mrt_kajang,rail,267775
2024-10-30,rail_mrt_kajang,rail,281911
2024-10-31,rail_mrt_kajang,rail,216786
2024-11-01,rail_mrt_kajang,rail,247850
2024-11-02,rail_mrt_kajang,rail,197666
2024-11-03,rail_mrt_kajang,rail,166661
2024-11-04,rail_mrt_kajang,rail,254330
2024-11-05,rail_mrt_kajang,rail,267819
2024-11-06,rail_mrt_kajang,rail,276394
2024-11-07,rail_mrt_kajang,rail,273833
2024-11-08,rail_mrt_kajang,rail,278511
2024-11-09,rail_mrt_kajang,rail,218054
2024-11-10,rail_mrt_kajang,rail,181151
2024-11-11,rail_mrt_kajang,rail,269117
2024-11-12,rail_mrt_kajang,rail,272899
2024-11-13,rail_mrt_kajang,rail,276565
2024-11-14,rail_mrt_kajang,rail,272181
2024-11-15,rail_mrt_kajang,rail,276737
2024-11-16,rail_mrt_kajang,rail,202542
2024-11-17,rail_mrt_kajang,rail,176072
2024-11-18,rail_mrt_kajang,rail,265571
2024-11-19,rail_mrt_kajang,rail,277806
2024-11-20,rail_mrt_kajang,rail,284812
2024-11-21,rail_mrt_kajang,rail,279488
2024-11-22,rail_mrt_kajang,rail,283888
2024-11-23,rail_mrt_kajang,rail,213334
2024-11-24,rail_mrt_kajang,rail,177940
2024-11-25,rail_mrt_kajang,rail,264468
2024-11-26,rail_mrt_kajang,rail,273502
2024-11-27,rail_mrt_kajang,rail,278421
2024-11-28,rail_mrt_kajang,rail,278307
2024-11-29,rail_mrt_kajang,rail,287120
2024-11-30,rail_mrt_kajang,rail,226312
2024-12-01,rail_mrt_kajang,rail,193979
2024-12-02,rail_mrt_kajang,rail,265053
2024-12-03,rail_mrt_kajang,rail,277400
2024-12-04,rail_mrt_kajang,rail,285312
2024-12-05,rail_mrt_kajang,rail,277304
2024-12-06,rail_mrt_kajang,rail,282563
2024-12-07,rail_mrt_kajang,rail,224984
2024-12-08,rail_mrt_kajang,rail,192997
2024-12-09,rail_mrt_kajang,rail,265751
2024-12-10,rail_mrt_kajang,rail,283400
2024-12-11,rail_mrt_kajang,rail,285866
2024-12-12,rail_mrt_kajang,rail,275923
2024-12-13,rail_mrt_kajang,rail,272662
2024-12-14,rail_mrt_kajang,rail,225510
2024-12-15,rail_mrt_kajang,rail,189538
2024-12-16,rail_mrt_kajang,rail,259401
2024-12-17,rail_mrt_kajang,rail,271197
2024-12-18,rail_mrt_kajang,rail,280446
2024-12-19,rail_mrt_kajang,rail,252241
2024-12-20,rail_mrt_kajang,rail,280934
2024-12-21,rail_mrt_kajang,rail,223548
2024-12-22,rail_mrt_kajang,rail,213969
2024-12-23,rail_mrt_kajang,rail,270298
2024-12-24,rail_mrt_kajang,rail,288439
2024-12-25,rail_mrt_kajang,rail,254078
2024-12-26,rail_mrt_kajang,rail,254901
2024-12-27,rail_mrt_kajang,rail,243013
2024-12-28,rail_mrt_kajang,rail,196324
2024-12-29,rail_mrt_kajang,rail,165083
2024-12-30,rail_mrt_kajang,rail,235543
2024-12-31,rail_mrt_kajang,rail,367376
2025-01-01,rail_mrt_kajang,rail,202590
2025-01-02,rail_mrt_kajang,rail,254324
2025-01-03,rail_mrt_kajang,rail,253791
2025-01-04,rail_mrt_kajang,rail,181585
2025-01-05,rail_mrt_kajang,rail,160681
2025-01-06,rail_mrt_kajang,rail,264186
2025-01-07,rail_mrt_kajang,rail,273685
2025-01-08,rail_mrt_kajang,rail,282426
2025-01-09,rail_mrt_kajang,rail,279468
2025-01-10,rail_mrt_kajang,rail,280619
2025-01-11,rail_mrt_kajang,rail,209614
2025-01-12,rail_mrt_kajang,rail,182773
2025-01-13,rail_mrt_kajang,rail,269827
2025-01-14,rail_mrt_kajang,rail,276017
2025-01-15,rail_mrt_kajang,rail,284533
2025-01-16,rail_mrt_kajang,rail,281162
2025-01-17,rail_mrt_kajang,rail,282450
2025-01-18,rail_mrt_kajang,rail,209623
2025-01-19,rail_mrt_kajang,rail,184617
2025-01-20,rail_mrt_kajang,rail,275583
2025-01-21,rail_mrt_kajang,rail,286499
2025-01-22,rail_mrt_kajang,rail,292304
2025-01-23,rail_mrt_kajang,rail,286142
2025-01-24,rail_mrt_kajang,rail,279584
2025-01-25,rail_mrt_kajang,rail,205208
2025-01-26,rail_mrt_kajang,rail,178270
2025-01-27,rail_mrt_kajang,rail,247287
2025-01-28,rail_mrt_kajang,rail,225941
2025-01-29,rail_mrt_kajang,rail,205794
2025-01-30,rail_mrt_kajang,rail,180906
2025-01-31,rail_mrt_kajang,rail,197467
2025-02-01,rail_mrt_kajang,rail,172303
2025-02-02,rail_mrt_kajang,rail,157741
2025-02-03,rail_mrt_kajang,rail,249888
2025-02-04,rail_mrt_kajang,rail,269423
2025-02-05,rail_mrt_kajang,rail,272721
2025-02-06,rail_mrt_kajang,rail,273561
2025-02-07,rail_mrt_kajang,rail,277984
2025-02-08,rail_mrt_kajang,rail,212176
2025-02-09,rail_mrt_kajang,rail,192519
2025-02-10,rail_mrt_kajang,rail,278349
2025-02-11,rail_mrt_kajang,rail,186156
2025-02-12,rail_mrt_kajang,rail,293164
2025-02-13,rail_mrt_kajang,rail,290065
2025-02-14,rail_mrt_kajang,rail,296709
2025-02-15,rail_mrt_kajang,rail,202338
2025-02-16,rail_mrt_kajang,rail,174334
2025-02-17,rail_mrt_kajang,rail,269953
2025-02-18,rail_mrt_kajang,rail,285452
2025-02-19,rail_mrt_kajang,rail,292352
2025-02-20,rail_mrt_kajang,rail,289023
2025-02-21,rail_mrt_kajang,rail,282638
2025-02-22,rail_mrt_kajang,rail,205792
2025-02-23,rail_mrt_kajang,rail,177568
2025-02-24,rail_mrt_kajang,rail,272982
2025-02-25,rail_mrt_kajang,rail,288166
2025-02-26,rail_mrt_kajang,rail,292944
2025-02-27,rail_mrt_kajang,rail,290119
2025-02-28,rail_mrt_kajang,rail,292777
2025-03-01,rail_mrt_kajang,rail,197196
2025-03-02,rail_mrt_kajang,rail,137643
2025-03-03,rail_mrt_kajang,rail,257731
2025-03-04,rail_mrt_kajang,rail,270745
2025-03-05,rail_mrt_kajang,rail,275332
2025-03-06,rail_mrt_kajang,rail,270748
2025-03-07,rail_mrt_kajang,rail,271278
2025-03-08,rail_mrt_kajang,rail,172309
2025-03-09,rail_mrt_kajang,rail,152291
2025-03-10,rail_mrt_kajang,rail,265039
2025-03-11,rail_mrt_kajang,rail,277662
2025-03-12,rail_mrt_kajang,rail,280414
2025-03-13,rail_mrt_kajang,rail,276691
2025-03-14,rail_mrt_kajang,rail,277447
2025-03-15,rail_mrt_kajang,rail,182211
2025-03-16,rail_mrt_kajang,rail,155068
2025-03-17,rail_mrt_kajang,rail,256877
2025-03-18,rail_mrt_kajang,rail,163765
2025-03-19,rail_mrt_kajang,rail,277456
2025-03-20,rail_mrt_kajang,rail,275286
2025-03-21,rail_mrt_kajang,rail,277808
2025-03-22,rail_mrt_kajang,rail,183941
2025-03-23,rail_mrt_kajang,rail,153513
2025-03-24,rail_mrt_kajang,rail,265033
2025-03-25,rail_mrt_kajang,rail,274943
2025-03-26,rail_mrt_kajang,rail,278514
2025-03-27,rail_mrt_kajang,rail,265150
2025-03-28,rail_mrt_kajang,rail,254364
2025-03-29,rail_mrt_kajang,rail,159988
2025-03-30,rail_mrt_kajang,rail,156012
2025-03-31,rail_mrt_kajang,rail,179850
2025-04-01,rail_mrt_kajang,rail,168269
2025-04-02,rail_mrt_kajang,rail,212071
2025-04-03,rail_mrt_kajang,rail,220466
2025-04-04,rail_mrt_kajang,rail,219150
2025-04-05,rail_mrt_kajang,rail,166089
2025-04-06,rail_mrt_kajang,rail,154872
2025-04-07,rail_mrt_kajang,rail,261360
2025-04-08,rail_mrt_kajang,rail,277035
2025-04-09,rail_mrt_kajang,rail,280596
2025-04-10,rail_mrt_kajang,rail,278640
2025-04-11,rail_mrt_kajang,rail,281612
2025-04-12,rail_mrt_kajang,rail,205322
2025-04-13,rail_mrt_kajang,rail,178254
2025-04-14,rail_mrt_kajang,rail,270188
2025-04-15,rail_mrt_kajang,rail,284361
2025-04-16,rail_mrt_kajang,rail,297325
2025-04-17,rail_mrt_kajang,rail,286402
2025-04-18,rail_mrt_kajang,rail,292061
2025-04-19,rail_mrt_kajang,rail,222628
2025-04-20,rail_mrt_kajang,rail,189380
2025-04-21,rail_mrt_kajang,rail,267704
2025-04-22,rail_mrt_kajang,rail,281540
2025-04-23,rail_mrt_kajang,rail,283266
2025-04-24,rail_mrt_kajang,rail,288069
2025-04-25,rail_mrt_kajang,rail,283288
2025-04-26,rail_mrt_kajang,rail,213635
2025-04-27,rail_mrt_kajang,rail,174149
2025-04-28,rail_mrt_kajang,rail,270239
2025-04-29,rail_mrt_kajang,rail,281362
2025-04-30,rail_mrt_kajang,rail,300441
2025-05-01,rail_mrt_kajang,rail,210992
2025-05-02,rail_mrt_kajang,rail,270423
2025-05-03,rail_mrt_kajang,rail,208610
2025-05-04,rail_mrt_kajang,rail,170459
2025-05-05,rail_mrt_kajang,rail,273471
2025-05-06,rail_mrt_kajang,rail,283674
2025-05-07,rail_mrt_kajang,rail,287814
2025-05-08,rail_mrt_kajang,rail,282756
2025-05-09,rail_mrt_kajang,rail,286213
2025-05-10,rail_mrt_kajang,rail,208034
2025-05-11,rail_mrt_kajang,rail,204714
2025-05-12,rail_mrt_kajang,rail,169019
2025-05-13,rail_mrt_kajang,rail,276965
2025-05-14,rail_mrt_kajang,rail,285447
2025-05-15,rail_mrt_kajang,rail,281601
2025-05-16,rail_mrt_kajang,rail,277822
2025-05-17,rail_mrt_kajang,rail,194322
2025-05-18,rail_mrt_kajang,rail,171899
2025-05-19,rail_mrt_kajang,rail,265543
2025-05-20,rail_mrt_kajang,rail,282952
2025-05-21,rail_mrt_kajang,rail,291143
2025-05-22,rail_mrt_kajang,rail,288983
2025-05-23,rail_mrt_kajang,rail,292862
2025-05-24,rail_mrt_kajang,rail,229583
2025-05-25,rail_mrt_kajang,rail,185293
2025-05-26,rail_mrt_kajang,rail,257353
2025-05-27,rail_mrt_kajang,rail,264906
2025-05-28,rail_mrt_kajang,rail,285851
2025-05-29,rail_mrt_kajang,rail,302155
2025-05-30,rail_mrt_kajang,rail,298133
2025-05-31,rail_mrt_kajang,rail,234211
2025-06-01,rail_mrt_kajang,rail,230351
2025-06-02,rail_mrt_kajang,rail,191199
2025-06-03,rail_mrt_kajang,rail,293277
2025-06-04,rail_mrt_kajang,rail,303234
2025-06-05,rail_mrt_kajang,rail,290340
2025-06-06,rail_mrt_kajang,rail,261792
2025-06-07,rail_mrt_kajang,rail,193812
2025-06-08,rail_mrt_kajang,rail,189395
2025-06-09,rail_mrt_kajang,rail,254561
2025-06-10,rail_mrt_kajang,rail,283558
2025-06-11,rail_mrt_kajang,rail,291704
2025-06-12,rail_mrt_kajang,rail,285830
2025-06-13,rail_mrt_kajang,rail,284476
2025-06-14,rail_mrt_kajang,rail,204432
2025-06-15,rail_mrt_kajang,rail,175913
2025-06-16,rail_mrt_kajang,rail,274913
2025-06-17,rail_mrt_kajang,rail,288101
2025-06-18,rail_mrt_kajang,rail,293834
2025-06-19,rail_mrt_kajang,rail,285673
2025-06-20,rail_mrt_kajang,rail,284956
2025-06-21,rail_mrt_kajang,rail,207168
2025-06-22,rail_mrt_kajang,rail,178187
2025-06-23,rail_mrt_kajang,rail,274163
2025-06-24,rail_mrt_kajang,rail,285779
2025-06-25,rail_mrt_kajang,rail,290399
2025-06-26,rail_mrt_kajang,rail,291743
2025-06-27,rail_mrt_kajang,rail,194648
2025-06-28,rail_mrt_kajang,rail,203951
2025-06-29,rail_mrt_kajang,rail,171002
2025-06-30,rail_mrt_kajang,rail,268954
2025-07-01,rail_mrt_kajang,rail,288585
2025-07-02,rail_mrt_kajang,rail,292929
2025-07-03,rail_mrt_kajang,rail,286703
2025-07-04,rail_mrt_kajang,rail,290912
2025-07-05,rail_mrt_kajang,rail,212603
2025-07-06,rail_mrt_kajang,rail,183226
2025-07-07,rail_mrt_kajang,rail,285689
2025-07-08,rail_mrt_kajang,rail,296962
2025-07-09,rail_mrt_kajang,rail,303175
2025-07-10,rail_mrt_kajang,rail,298597
2025-07-11,rail_mrt_kajang,rail,298946
2025-07-12,rail_mrt_kajang,rail,217217
2025-07-13,rail_mrt_kajang,rail,187551
2025-07-14,rail_mrt_kajang,rail,285117
2025-07-15,rail_mrt_kajang,rail,299244
2025-07-16,rail_mrt_kajang,rail,305520
2025-07-17,rail_mrt_kajang,rail,297156
2025-07-18,rail_mrt_kajang,rail,297657
2025-07-19,rail_mrt_kajang,rail,213950
2025-07-20,rail_mrt_kajang,rail,178693
2025-07-21,rail_mrt_kajang,rail,280588
2025-07-22,rail_mrt_kajang,rail,290261
2025-07-23,rail_mrt_kajang,rail,298075
2025-07-24,rail_mrt_kajang,rail,295755
2025-07-25,rail_mrt_kajang,rail,295292
2025-07-26,rail_mrt_kajang,rail,212583
2025-07-27,rail_mrt_kajang,rail,178143
2025-07-28,rail_mrt_kajang,rail,277435
2025-07-29,rail_mrt_kajang,rail,287640
2025-07-30,rail_mrt_kajang,rail,295466
2025-07-31,rail_mrt_kajang,rail,290916
2025-08-01,rail_mrt_kajang,rail,291400
2025-08-02,rail_mrt_kajang,rail,216047
2025-08-03,rail_mrt_kajang,rail,186282
2025-08-04,rail_mrt_kajang,rail,280041
2025-08-05,rail_mrt_kajang,rail,297339
2025-08-06,rail_mrt_kajang,rail,303063
2025-08-07,rail_mrt_kajang,rail,298482
2025-08-08,rail_mrt_kajang,rail,298882
2025-08-09,rail_mrt_kajang,rail,222570
2025-08-10,rail_mrt_kajang,rail,191154
2025-08-11,rail_mrt_kajang,rail,290197
2025-08-12,rail_mrt_kajang,rail,301131
2025-08-13,rail_mrt_kajang,rail,305280
2025-08-14,rail_mrt_kajang,rail,296253
2025-08-15,rail_mrt_kajang,rail,299864
2025-08-16,rail_mrt_kajang,rail,229033
2025-08-17,rail_mrt_kajang,rail,189828
2025-08-18,rail_mrt_kajang,rail,282153
2025-08-19,rail_mrt_kajang,rail,295867
2025-08-20,rail_mrt_kajang,rail,302446
2025-08-21,rail_mrt_kajang,rail,290410
2025-08-22,rail_mrt_kajang,rail,294419
2025-08-23,rail_mrt_kajang,rail,220114
2025-08-24,rail_mrt_kajang,rail,182500
2025-08-25,rail_mrt_kajang,rail,282568
2025-08-26,rail_mrt_kajang,rail,293911
2025-08-27,rail_mrt_kajang,rail,295451
2025-08-28,rail_mrt_kajang,rail,291679
2025-08-29,rail_mrt_kajang,rail,294560
2025-08-30,rail_mrt_kajang,rail,242057
2025-08-31,rail_mrt_kajang,rail,236063
2025-09-01,rail_mrt_kajang,rail,173532
2025-09-02,rail_mrt_kajang,rail,280970
2025-09-03,rail_mrt_kajang,rail,287976
2025-09-04,rail_mrt_kajang,rail,293304
2025-09-05,rail_mrt_kajang,rail,196656
2025-09-06,rail_mrt_kajang,rail,203072
2025-09-07,rail_mrt_kajang,rail,168499
2025-09-08,rail_mrt_kajang,rail,280364
2025-09-09,rail_mrt_kajang,rail,295291
2025-09-10,rail_mrt_kajang,rail,298665
2025-09-11,rail_mrt_kajang,rail,291716
2025-09-12,rail_mrt_kajang,rail,287415
2025-09-13,rail_mrt_kajang,rail,222694
2025-09-14,rail_mrt_kajang,rail,211539
2025-09-15,rail_mrt_kajang,rail,219663
2025-09-16,rail_mrt_kajang,rail,188728
2025-09-17,rail_mrt_kajang,rail,294289
2025-09-18,rail_mrt_kajang,rail,295426
2025-09-19,rail_mrt_kajang,rail,286752
2025-09-20,rail_mrt_kajang,rail,203266
2025-09-21,rail_mrt_kajang,rail,166076
2025-09-22,rail_mrt_kajang,rail,276528
2025-09-23,rail_mrt_kajang,rail,288690
2025-09-24,rail_mrt_kajang,rail,292211
2025-09-25,rail_mrt_kajang,rail,287722
2025-09-26,rail_mrt_kajang,rail,287774
2025-09-27,rail_mrt_kajang,rail,207324
2025-09-28,rail_mrt_kajang,rail,173865
2025-09-29,rail_mrt_kajang,rail,278409
2025-09-30,rail_mrt_kajang,rail,291732
2025-10-01,rail_mrt_kajang,rail,298481
2025-10-02,rail_mrt_kajang,rail,296695
2025-10-03,rail_mrt_kajang,rail,298867
2025-10-04,rail_mrt_kajang,rail,229671
2025-10-05,rail_mrt_kajang,rail,192533
2025-10-06,rail_mrt_kajang,rail,281281
2025-10-07,rail_mrt_kajang,rail,297647
2025-10-08,rail_mrt_kajang,rail,302164
2025-10-09,rail_mrt_kajang,rail,293812
2025-10-10,rail_mrt_kajang,rail,299326
2025-10-11,rail_mrt_kajang,rail,215774
2025-10-12,rail_mrt_kajang,rail,177986
2025-10-13,rail_mrt_kajang,rail,280976
2025-10-14,rail_mrt_kajang,rail,292162
2025-10-15,rail_mrt_kajang,rail,298312
2025-10-16,rail_mrt_kajang,rail,291517
2025-10-17,rail_mrt_kajang,rail,291845
2025-10-18,rail_mrt_kajang,rail,215371
2025-10-19,rail_mrt_kajang,rail,213829
2025-10-20,rail_mrt_kajang,rail,184709
2025-10-21,rail_mrt_kajang,rail,273640
2025-10-22,rail_mrt_kajang,rail,266397
2025-10-23,rail_mrt_kajang,rail,262866
2025-10-24,rail_mrt_kajang,rail,270853
2025-10-25,rail_mrt_kajang,rail,196452
2025-10-26,rail_mrt_kajang,rail,151304
2025-10-27,rail_mrt_kajang,rail,231694
2025-10-28,rail_mrt_kajang,rail,246254
2025-10-29,rail_mrt_kajang,rail,285680
2025-10-30,rail_mrt_kajang,rail,285702
2025-10-31,rail_mrt_kajang,rail,291628
2025-11-01,rail_mrt_kajang,rail,211496
2025-11-02,rail_mrt_kajang,rail,176498
2025-11-03,rail_mrt_kajang,rail,276663
2025-11-04,rail_mrt_kajang,rail,288936
2025-11-05,rail_mrt_kajang,rail,296032
2025-11-06,rail_mrt_kajang,rail,292765
2025-11-07,rail_mrt_kajang,rail,303004
2025-11-08,rail_mrt_kajang,rail,221160
2025-11-09,rail_mrt_kajang,rail,190377
2025-11-10,rail_mrt_kajang,rail,281696
2025-11-11,rail_mrt_kajang,rail,297273
2025-11-12,rail_mrt_kajang,rail,298091
2025-11-13,rail_mrt_kajang,rail,284154
2025-11-14,rail_mrt_kajang,rail,287532
2025-11-15,rail_mrt_kajang,rail,203782
2025-11-16,rail_mrt_kajang,rail,175955
2025-11-17,rail_mrt_kajang,rail,276712
2025-11-18,rail_mrt_kajang,rail,291684
2025-11-19,rail_mrt_kajang,rail,296890
2025-11-20,rail_mrt_kajang,rail,293832
2025-11-21,rail_mrt_kajang,rail,290620
2025-11-22,rail_mrt_kajang,rail,211584
2025-11-23,rail_mrt_kajang,rail,175174
2025-11-24,rail_mrt_kajang,rail,271016
2025-11-25,rail_mrt_kajang,rail,293563
2025-11-26,rail_mrt_kajang,rail,300956
2025-11-27,rail_mrt_kajang,rail,298328
2025-11-28,rail_mrt_kajang,rail,297823
2025-11-29,rail_mrt_kajang,rail,225368
2025-11-30,rail_mrt_kajang,rail,194316
2025-12-01,rail_mrt_kajang,rail,280883
2025-12-02,rail_mrt_kajang,rail,294103
2025-12-03,rail_mrt_kajang,rail,295900
2025-12-04,rail_mrt_kajang,rail,300067
2025-12-05,rail_mrt_kajang,rail,301092
2025-12-06,rail_mrt_kajang,rail,229715
2025-12-07,rail_mrt_kajang,rail,207039
2025-12-08,rail_mrt_kajang,rail,286940
2025-12-09,rail_mrt_kajang,rail,295643
2025-12-10,rail_mrt_kajang,rail,305011
2025-12-11,rail_mrt_kajang,rail,291382
2025-12-12,rail_mrt_kajang,rail,283299
2025-12-13,rail_mrt_kajang,rail,210901
2025-12-14,rail_mrt_kajang,rail,197196
2025-12-15,rail_mrt_kajang,rail,277900
2025-12-16,rail_mrt_kajang,rail,287618
2025-12-17,rail_mrt_kajang,rail,294252
2025-12-18,rail_mrt_kajang,rail,291270
2025-12-19,rail_mrt_kajang,rail,292913
2025-12-20,rail_mrt_kajang,rail,224886
2025-12-21,rail_mrt_kajang,rail,200028
2025-12-22,rail_mrt_kajang,rail,287225
2025-12-23,rail_mrt_kajang,rail,294811
2025-12-24,rail_mrt_kajang,rail,307763
2025-12-25,rail_mrt_kajang,rail,250982
2025-12-26,rail_mrt_kajang,rail,254676
2025-12-27,rail_mrt_kajang,rail,210405
2025-12-28,rail_mrt_kajang,rail,183634
2025-12-29,rail_mrt_kajang,rail,259778
2025-12-30,rail_mrt_kajang,rail,269198
2025-12-31,rail_mrt_kajang,rail,401756
2026-01-01,rail_mrt_kajang,rail,217960
2026-01-02,rail_mrt_kajang,rail,253352
2026-01-03,rail_mrt_kajang,rail,203493
2026-01-04,rail_mrt_kajang,rail,170936
2026-01-05,rail_mrt_kajang,rail,283170
2026-01-06,rail_mrt_kajang,rail,295196
2026-01-07,rail_mrt_kajang,rail,300377
2026-01-08,rail_mrt_kajang,rail,296347
2026-01-09,rail_mrt_kajang,rail,291113
2026-01-10,rail_mrt_kajang,rail,208656
2026-01-11,rail_mrt_kajang,rail,174337
2026-01-12,rail_mrt_kajang,rail,284839
2026-01-13,rail_mrt_kajang,rail,298246
2026-01-14,rail_mrt_kajang,rail,302586
2026-01-15,rail_mrt_kajang,rail,295092
2026-01-16,rail_mrt_kajang,rail,301132
2026-01-17,rail_mrt_kajang,rail,207830
2026-01-18,rail_mrt_kajang,rail,176269
2026-01-19,rail_mrt_kajang,rail,287575
2026-01-20,rail_mrt_kajang,rail,299398
2026-01-21,rail_mrt_kajang,rail,302019
2026-01-22,rail_mrt_kajang,rail,296597
2026-01-23,rail_mrt_kajang,rail,300429
2026-01-24,rail_mrt_kajang,rail,205490
2026-01-25,rail_mrt_kajang,rail,176410
2026-01-26,rail_mrt_kajang,rail,289464
2026-01-27,rail_mrt_kajang,rail,301273
2026-01-28,rail_mrt_kajang,rail,304498
2026-01-29,rail_mrt_kajang,rail,298817
2026-01-30,rail_mrt_kajang,rail,313261
2026-01-31,rail_mrt_kajang,rail,228975
2026-02-01,rail_mrt_kajang,rail,218883
2026-02-02,rail_mrt_kajang,rail,173539
2026-02-03,rail_mrt_kajang,rail,208573
2026-02-04,rail_mrt_kajang,rail,304545
2026-02-05,rail_mrt_kajang,rail,308157
2026-02-06,rail_mrt_kajang,rail,314817
2026-02-07,rail_mrt_kajang,rail,239228
2026-02-08,rail_mrt_kajang,rail,204487
2026-02-09,rail_mrt_kajang,rail,309432
2026-02-10,rail_mrt_kajang,rail,322953
2026-02-11,rail_mrt_kajang,rail,325904
2026-02-12,rail_mrt_kajang,rail,325236
2026-02-13,rail_mrt_kajang,rail,326483
2026-02-14,rail_mrt_kajang,rail,230877
2026-02-15,rail_mrt_kajang,rail,193291
2026-02-16,rail_mrt_kajang,rail,233140
2026-02-17,rail_mrt_kajang,rail,181406
2026-02-18,rail_mrt_kajang,rail,159810
2026-02-19,rail_mrt_kajang,rail,190672
2026-02-20,rail_mrt_kajang,rail,203398
2026-02-21,rail_mrt_kajang,rail,142168
2026-02-22,rail_mrt_kajang,rail,130048
2026-02-23,rail_mrt_kajang,rail,269970
2026-02-24,rail_mrt_kajang,rail,278733
2026-02-25,rail_mrt_kajang,rail,281190
2026-02-26,rail_mrt_kajang,rail,289587
2026-02-27,rail_mrt_kajang,rail,292706
2026-02-28,rail_mrt_kajang,rail,181186
2026-03-01,rail_mrt_kajang,rail,228752
2026-03-02,rail_mrt_kajang,rail,285787
2026-03-03,rail_mrt_kajang,rail,296303
2026-03-04,rail_mrt_kajang,rail,300096
2026-03-05,rail_mrt_kajang,rail,298329
2026-03-06,rail_mrt_kajang,rail,297013
2026-03-07,rail_mrt_kajang,rail,194827
2026-03-08,rail_mrt_kajang,rail,170269
2026-03-09,rail_mrt_kajang,rail,289495
2026-03-10,rail_mrt_kajang,rail,302890
2026-03-11,rail_mrt_kajang,rail,267346
2026-03-12,rail_mrt_kajang,rail,303003
2026-03-13,rail_mrt_kajang,rail,302027
2026-03-14,rail_mrt_kajang,rail,195926
2026-03-15,rail_mrt_kajang,rail,168115
2026-03-16,rail_mrt_kajang,rail,291312
2026-03-17,rail_mrt_kajang,rail,305864
2026-03-18,rail_mrt_kajang,rail,289367
2026-03-19,rail_mrt_kajang,rail,240944
2026-03-20,rail_mrt_kajang,rail,164037
2026-03-21,rail_mrt_kajang,rail,189445
2026-03-22,rail_mrt_kajang,rail,193147
2026-03-23,rail_mrt_kajang,rail,162141
2026-03-24,rail_mrt_kajang,rail,230902
2026-03-25,rail_mrt_kajang,rail,255174
2026-03-26,rail_mrt_kajang,rail,268933
2026-03-27,rail_mrt_kajang,rail,265878
2026-03-28,rail_mrt_kajang,rail,180023
2026-03-29,rail_mrt_kajang,rail,156906
2026-03-30,rail_mrt_kajang,rail,278523
2026-03-31,rail_mrt_kajang,rail,299830
2026-04-01,rail_mrt_kajang,rail,301202
2026-04-02,rail_mrt_kajang,rail,296782
2026-04-03,rail_mrt_kajang,rail,299617
2026-04-04,rail_mrt_kajang,rail,209703
2026-04-05,rail_mrt_kajang,rail,178312
2026-04-06,rail_mrt_kajang,rail,284448
2026-04-07,rail_mrt_kajang,rail,301135
2026-04-08,rail_mrt_kajang,rail,306569
2026-04-09,rail_mrt_kajang,rail,300956
2026-04-10,rail_mrt_kajang,rail,300108
2026-04-11,rail_mrt_kajang,rail,217639
2026-04-12,rail_mrt_kajang,rail,185477
2026-04-13,rail_mrt_kajang,rail,288521
2026-04-14,rail_mrt_kajang,rail,298658
2026-04-15,rail_mrt_kajang,rail,306005
2026-04-16,rail_mrt_kajang,rail,299518
2026-04-17,rail_mrt_kajang,rail,301812
2026-04-18,rail_mrt_kajang,rail,217744
2026-04-19,rail_mrt_kajang,rail,180007
2026-04-20,rail_mrt_kajang,rail,286290
2026-04-21,rail_mrt_kajang,rail,294227
2026-04-22,rail_mrt_kajang,rail,299728
2026-04-23,rail_mrt_kajang,rail,293527
2026-04-24,rail_mrt_kajang,rail,289029
2026-04-25,rail_mrt_kajang,rail,211545
2026-04-26,rail_mrt_kajang,rail,180194
2026-04-27,rail_mrt_kajang,rail,281294
2026-04-28,rail_mrt_kajang,rail,293083
2026-04-29,rail_mrt_kajang,rail,299396
2026-04-30,rail_mrt_kajang,rail,318041
2026-05-01,rail_mrt_kajang,rail,248117
2026-05-02,rail_mrt_kajang,rail,245034
2026-05-03,rail_mrt_kajang,rail,174684
2026-05-04,rail_mrt_kajang,rail,281425
2026-05-05,rail_mrt_kajang,rail,294738
2026-05-06,rail_mrt_kajang,rail,300602
2026-05-07,rail_mrt_kajang,rail,298150
2026-05-08,rail_mrt_kajang,rail,295850
2026-05-09,rail_mrt_kajang,rail,212085
2026-05-10,rail_mrt_kajang,rail,182707
2026-05-11,rail_mrt_kajang,rail,289685
2026-05-12,rail_mrt_kajang,rail,298245
2026-05-13,rail_mrt_kajang,rail,300349
2026-05-14,rail_mrt_kajang,rail,298496
2026-05-15,rail_mrt_kajang,rail,296024
2026-05-16,rail_mrt_kajang,rail,216324
2026-05-17,rail_mrt_kajang,rail,178455
2026-05-18,rail_mrt_kajang,rail,285596
2026-05-19,rail_mrt_kajang,rail,296742
2026-05-20,rail_mrt_kajang,rail,305054
2026-05-21,rail_mrt_kajang,rail,299829
2026-05-22,rail_mrt_kajang,rail,302559
2026-05-23,rail_mrt_kajang,rail,209779
2026-05-24,rail_mrt_kajang,rail,189355
2026-05-25,rail_mrt_kajang,rail,288310
2026-05-26,rail_mrt_kajang,rail,284663
2026-05-27,rail_mrt_kajang,rail,186290
2026-05-28,rail_mrt_kajang,rail,256455
2026-05-29,rail_mrt_kajang,rail,255025
2026-05-30,rail_mrt_kajang,rail,196467
2026-05-31,rail_mrt_kajang,rail,204755
2026-06-01,rail_mrt_kajang,rail,201915
2026-06-02,rail_mrt_kajang,rail,180848
2026-06-03,rail_mrt_kajang,rail,297542
2026-06-04,rail_mrt_kajang,rail,298904
2026-06-05,rail_mrt_kajang,rail,295749
2026-06-06,rail_mrt_kajang,rail,218828
2026-06-07,rail_mrt_kajang,rail,183739
2026-06-08,rail_mrt_kajang,rail,289513
2026-06-09,rail_mrt_kajang,rail,301446
2026-06-10,rail_mrt_kajang,rail,305221
2026-06-11,rail_mrt_kajang,rail,298157
2026-06-12,rail_mrt_kajang,rail,294771
2026-06-13,rail_mrt_kajang,rail,201470
2026-06-14,rail_mrt_kajang,rail,168523
2026-06-15,rail_mrt_kajang,rail,289062
2026-06-16,rail_mrt_kajang,rail,304803
2026-06-17,rail_mrt_kajang,rail,177844
2026-06-18,rail_mrt_kajang,rail,293943
2026-06-19,rail_mrt_kajang,rail,291271
2026-06-20,rail_mrt_kajang,rail,194710
2026-06-21,rail_mrt_kajang,rail,164313
2026-06-22,rail_mrt_kajang,rail,282602
2026-06-23,rail_mrt_kajang,rail,295654
2026-06-24,rail_mrt_kajang,rail,297920
2026-06-25,rail_mrt_kajang,rail,295371
2026-06-26,rail_mrt_kajang,rail,293451
2026-06-27,rail_mrt_kajang,rail,206640
2026-06-28,rail_mrt_kajang,rail,173946
2026-06-29,rail_mrt_kajang,rail,292559
2026-06-30,rail_mrt_kajang,rail,304534
2026-07-01,rail_mrt_kajang,rail,309285
2026-07-02,rail_mrt_kajang,rail,305040
2026-07-03,rail_mrt_kajang,rail,309525
2026-07-04,rail_mrt_kajang,rail,224509
2026-07-05,rail_mrt_kajang,rail,188181
2026-07-06,rail_mrt_kajang,rail,297770
2026-07-07,rail_mrt_kajang,rail,308867
2026-07-08,rail_mrt_kajang,rail,314996
2026-07-09,rail_mrt_kajang,rail,310567
2026-07-10,rail_mrt_kajang,rail,304116
2026-07-11,rail_mrt_kajang,rail,215247
2026-07-12,rail_mrt_kajang,rail,186659
2026-07-13,rail_mrt_kajang,rail,295420
2026-07-14,rail_mrt_kajang,rail,307868
2026-07-15,rail_mrt_kajang,rail,310412
2026-07-16,rail_mrt_kajang,rail,307816
2026-07-17,rail_mrt_kajang,rail,306378
2026-07-18,rail_mrt_kajang,rail,209248
2026-07-19,rail_mrt_kajang,rail,181577
2026-07-20,rail_mrt_kajang,rail,288037
2026-07-21,rail_mrt_kajang,rail,307071
2026-07-22,rail_mrt_kajang,rail,311577
2026-07-23,rail_mrt_kajang,rail,308603
2026-07-24,rail_mrt_kajang,rail,311447
2026-07-25,rail_mrt_kajang,rail,240049
2026-07-26,rail_mrt_kajang,rail,190500
2026-07-27,rail_mrt_kajang,rail,293962
2026-07-28,rail_mrt_kajang,rail,307158
2026-07-29,rail_mrt_kajang,rail,312504
2026-07-30,rail_mrt_kajang,rail,314910
2026-07-31,rail_mrt_kajang,rail,316544
2022-06-16,rail_mrt_pjy,rail,13367
2022-06-17,rail_mrt_pjy,rail,22621
2022-06-18,rail_mrt_pjy,rail,28885
2022-06-19,rail_mrt_pjy,rail,32066
2022-06-20,rail_mrt_pjy,rail,21564
2022-06-21,rail_mrt_pjy,rail,22535
2022-06-22,rail_mrt_pjy,rail,22845
2022-06-23,rail_mrt_pjy,rail,23000
2022-06-24,rail_mrt_pjy,rail,24787
2022-06-25,rail_mrt_pjy,rail,42374
2022-06-26,rail_mrt_pjy,rail,22542
2022-06-27,rail_mrt_pjy,rail,22913
2022-06-28,rail_mrt_pjy,rail,22649
2022-06-29,rail_mrt_pjy,rail,23601
2022-06-30,rail_mrt_pjy,rail,23815
2022-07-01,rail_mrt_pjy,rail,32369
2022-07-02,rail_mrt_pjy,rail,46503
2022-07-03,rail_mrt_pjy,rail,33215
2022-07-04,rail_mrt_pjy,rail,23313
2022-07-05,rail_mrt_pjy,rail,23872
2022-07-06,rail_mrt_pjy,rail,24288
2022-07-07,rail_mrt_pjy,rail,24679
2022-07-08,rail_mrt_pjy,rail,26366
2022-07-09,rail_mrt_pjy,rail,25503
2022-07-10,rail_mrt_pjy,rail,31152
2022-07-11,rail_mrt_pjy,rail,16772
2022-07-12,rail_mrt_pjy,rail,39049
2022-07-13,rail_mrt_pjy,rail,24103
2022-07-14,rail_mrt_pjy,rail,24913
2022-07-15,rail_mrt_pjy,rail,26812
2022-07-16,rail_mrt_pjy,rail,15629
2022-07-17,rail_mrt_pjy,rail,12694
2022-07-18,rail_mrt_pjy,rail,18345
2022-07-19,rail_mrt_pjy,rail,18433
2022-07-20,rail_mrt_pjy,rail,15662
2022-07-21,rail_mrt_pjy,rail,18836
2022-07-22,rail_mrt_pjy,rail,18912
2022-07-23,rail_mrt_pjy,rail,13438
2022-07-24,rail_mrt_pjy,rail,12108
2022-07-25,rail_mrt_pjy,rail,18612
2022-07-26,rail_mrt_pjy,rail,18953
2022-07-27,rail_mrt_pjy,rail,18821
2022-07-28,rail_mrt_pjy,rail,18598
2022-07-29,rail_mrt_pjy,rail,19537
2022-07-30,rail_mrt_pjy,rail,14830
2022-07-31,rail_mrt_pjy,rail,12527
2022-08-01,rail_mrt_pjy,rail,19159
2022-08-02,rail_mrt_pjy,rail,19559
2022-08-03,rail_mrt_pjy,rail,19806
2022-08-04,rail_mrt_pjy,rail,20196
2022-08-05,rail_mrt_pjy,rail,20504
2022-08-06,rail_mrt_pjy,rail,14734
2022-08-07,rail_mrt_pjy,rail,13488
2022-08-08,rail_mrt_pjy,rail,19771
2022-08-09,rail_mrt_pjy,rail,20316
2022-08-10,rail_mrt_pjy,rail,20556
2022-08-11,rail_mrt_pjy,rail,19978
2022-08-12,rail_mrt_pjy,rail,20875
2022-08-13,rail_mrt_pjy,rail,14392
2022-08-14,rail_mrt_pjy,rail,12642
2022-08-15,rail_mrt_pjy,rail,19807
2022-08-16,rail_mrt_pjy,rail,20229
2022-08-17,rail_mrt_pjy,rail,20524
2022-08-18,rail_mrt_pjy,rail,20438
2022-08-19,rail_mrt_pjy,rail,20606
2022-08-20,rail_mrt_pjy,rail,13816
2022-08-21,rail_mrt_pjy,rail,12329
2022-08-22,rail_mrt_pjy,rail,19535
2022-08-23,rail_mrt_pjy,rail,20418
2022-08-24,rail_mrt_pjy,rail,20961
2022-08-25,rail_mrt_pjy,rail,20109
2022-08-26,rail_mrt_pjy,rail,21188
2022-08-27,rail_mrt_pjy,rail,15019
2022-08-28,rail_mrt_pjy,rail,12616
2022-08-29,rail_mrt_pjy,rail,20308
2022-08-30,rail_mrt_pjy,rail,21924
2022-08-31,rail_mrt_pjy,rail,23353
2022-09-01,rail_mrt_pjy,rail,20986
2022-09-02,rail_mrt_pjy,rail,21756
2022-09-03,rail_mrt_pjy,rail,14991
2022-09-04,rail_mrt_pjy,rail,13556
2022-09-05,rail_mrt_pjy,rail,22135
2022-09-06,rail_mrt_pjy,rail,22858
2022-09-07,rail_mrt_pjy,rail,23879
2022-09-08,rail_mrt_pjy,rail,23942
2022-09-09,rail_mrt_pjy,rail,22692
2022-09-10,rail_mrt_pjy,rail,15501
2022-09-11,rail_mrt_pjy,rail,13279
2022-09-12,rail_mrt_pjy,rail,21803
2022-09-13,rail_mrt_pjy,rail,22252
2022-09-14,rail_mrt_pjy,rail,22634
2022-09-15,rail_mrt_pjy,rail,24152
2022-09-16,rail_mrt_pjy,rail,15634
2022-09-17,rail_mrt_pjy,rail,15031
2022-09-18,rail_mrt_pjy,rail,12616
2022-09-19,rail_mrt_pjy,rail,21583
2022-09-20,rail_mrt_pjy,rail,22265
2022-09-21,rail_mrt_pjy,rail,22595
2022-09-22,rail_mrt_pjy,rail,22700
2022-09-23,rail_mrt_pjy,rail,22694
2022-09-24,rail_mrt_pjy,rail,15972
2022-09-25,rail_mrt_pjy,rail,13362
2022-09-26,rail_mrt_pjy,rail,22159
2022-09-27,rail_mrt_pjy,rail,23203
2022-09-28,rail_mrt_pjy,rail,23193
2022-09-29,rail_mrt_pjy,rail,22716
2022-09-30,rail_mrt_pjy,rail,23070
2022-10-01,rail_mrt_pjy,rail,16077
2022-10-02,rail_mrt_pjy,rail,14074
2022-10-03,rail_mrt_pjy,rail,23177
2022-10-04,rail_mrt_pjy,rail,23623
2022-10-05,rail_mrt_pjy,rail,24231
2022-10-06,rail_mrt_pjy,rail,23883
2022-10-07,rail_mrt_pjy,rail,24454
2022-10-08,rail_mrt_pjy,rail,16871
2022-10-09,rail_mrt_pjy,rail,16093
2022-10-10,rail_mrt_pjy,rail,14770
2022-10-11,rail_mrt_pjy,rail,24095
2022-10-12,rail_mrt_pjy,rail,24337
2022-10-13,rail_mrt_pjy,rail,24083
2022-10-14,rail_mrt_pjy,rail,23718
2022-10-15,rail_mrt_pjy,rail,15700
2022-10-16,rail_mrt_pjy,rail,13651
2022-10-17,rail_mrt_pjy,rail,23186
2022-10-18,rail_mrt_pjy,rail,24113
2022-10-19,rail_mrt_pjy,rail,24400
2022-10-20,rail_mrt_pjy,rail,24108
2022-10-21,rail_mrt_pjy,rail,25494
2022-10-22,rail_mrt_pjy,rail,16932
2022-10-23,rail_mrt_pjy,rail,16119
2022-10-24,rail_mrt_pjy,rail,14918
2022-10-25,rail_mrt_pjy,rail,21536
2022-10-26,rail_mrt_pjy,rail,22214
2022-10-27,rail_mrt_pjy,rail,21914
2022-10-28,rail_mrt_pjy,rail,21947
2022-10-29,rail_mrt_pjy,rail,14818
2022-10-30,rail_mrt_pjy,rail,12476
2022-10-31,rail_mrt_pjy,rail,22922
2022-11-01,rail_mrt_pjy,rail,23617
2022-11-02,rail_mrt_pjy,rail,23876
2022-11-03,rail_mrt_pjy,rail,23674
2022-11-04,rail_mrt_pjy,rail,24094
2022-11-05,rail_mrt_pjy,rail,16989
2022-11-06,rail_mrt_pjy,rail,13648
2022-11-07,rail_mrt_pjy,rail,23534
2022-11-08,rail_mrt_pjy,rail,23597
2022-11-09,rail_mrt_pjy,rail,22811
2022-11-10,rail_mrt_pjy,rail,22316
2022-11-11,rail_mrt_pjy,rail,22820
2022-11-12,rail_mrt_pjy,rail,15595
2022-11-13,rail_mrt_pjy,rail,13156
2022-11-14,rail_mrt_pjy,rail,22430
2022-11-15,rail_mrt_pjy,rail,23643
2022-11-16,rail_mrt_pjy,rail,25206
2022-11-17,rail_mrt_pjy,rail,25015
2022-11-18,rail_mrt_pjy,rail,14273
2022-11-19,rail_mrt_pjy,rail,12258
2022-11-20,rail_mrt_pjy,rail,12879
2022-11-21,rail_mrt_pjy,rail,21593
2022-11-22,rail_mrt_pjy,rail,23072
2022-11-23,rail_mrt_pjy,rail,23717
2022-11-24,rail_mrt_pjy,rail,23707
2022-11-25,rail_mrt_pjy,rail,23391
2022-11-26,rail_mrt_pjy,rail,15761
2022-11-27,rail_mrt_pjy,rail,13865
2022-11-28,rail_mrt_pjy,rail,13430
2022-11-29,rail_mrt_pjy,rail,22909
2022-11-30,rail_mrt_pjy,rail,23969
2022-12-01,rail_mrt_pjy,rail,23709
2022-12-02,rail_mrt_pjy,rail,23861
2022-12-03,rail_mrt_pjy,rail,16567
2022-12-04,rail_mrt_pjy,rail,14213
2022-12-05,rail_mrt_pjy,rail,23649
2022-12-06,rail_mrt_pjy,rail,24148
2022-12-07,rail_mrt_pjy,rail,24677
2022-12-08,rail_mrt_pjy,rail,24811
2022-12-09,rail_mrt_pjy,rail,25299
2022-12-10,rail_mrt_pjy,rail,16699
2022-12-11,rail_mrt_pjy,rail,15622
2022-12-12,rail_mrt_pjy,rail,21618
2022-12-13,rail_mrt_pjy,rail,24529
2022-12-14,rail_mrt_pjy,rail,24766
2022-12-15,rail_mrt_pjy,rail,24209
2022-12-16,rail_mrt_pjy,rail,24192
2022-12-17,rail_mrt_pjy,rail,18020
2022-12-18,rail_mrt_pjy,rail,16407
2022-12-19,rail_mrt_pjy,rail,22655
2022-12-20,rail_mrt_pjy,rail,23835
2022-12-21,rail_mrt_pjy,rail,24151
2022-12-22,rail_mrt_pjy,rail,23035
2022-12-23,rail_mrt_pjy,rail,23995
2022-12-24,rail_mrt_pjy,rail,17946
2022-12-25,rail_mrt_pjy,rail,18736
2022-12-26,rail_mrt_pjy,rail,15086
2022-12-27,rail_mrt_pjy,rail,21722
2022-12-28,rail_mrt_pjy,rail,22463
2022-12-29,rail_mrt_pjy,rail,22135
2022-12-30,rail_mrt_pjy,rail,21893
2022-12-31,rail_mrt_pjy,rail,19377
2023-01-01,rail_mrt_pjy,rail,17106
2023-01-02,rail_mrt_pjy,rail,13995
2023-01-03,rail_mrt_pjy,rail,24345
2023-01-04,rail_mrt_pjy,rail,24322
2023-01-05,rail_mrt_pjy,rail,24557
2023-01-06,rail_mrt_pjy,rail,24294
2023-01-07,rail_mrt_pjy,rail,16291
2023-01-08,rail_mrt_pjy,rail,13870
2023-01-09,rail_mrt_pjy,rail,24494
2023-01-10,rail_mrt_pjy,rail,25296
2023-01-11,rail_mrt_pjy,rail,25600
2023-01-12,rail_mrt_pjy,rail,25340
2023-01-13,rail_mrt_pjy,rail,25554
2023-01-14,rail_mrt_pjy,rail,16982
2023-01-15,rail_mrt_pjy,rail,15294
2023-01-16,rail_mrt_pjy,rail,24840
2023-01-17,rail_mrt_pjy,rail,25703
2023-01-18,rail_mrt_pjy,rail,26390
2023-01-19,rail_mrt_pjy,rail,26188
2023-01-20,rail_mrt_pjy,rail,24666
2023-01-21,rail_mrt_pjy,rail,14778
2023-01-22,rail_mrt_pjy,rail,15903
2023-01-23,rail_mrt_pjy,rail,15857
2023-01-24,rail_mrt_pjy,rail,13870
2023-01-25,rail_mrt_pjy,rail,19723
2023-01-26,rail_mrt_pjy,rail,20174
2023-01-27,rail_mrt_pjy,rail,20320
2023-01-28,rail_mrt_pjy,rail,14483
2023-01-29,rail_mrt_pjy,rail,13370
2023-01-30,rail_mrt_pjy,rail,22669
2023-01-31,rail_mrt_pjy,rail,24155
2023-02-01,rail_mrt_pjy,rail,16978
2023-02-02,rail_mrt_pjy,rail,24584
2023-02-03,rail_mrt_pjy,rail,25853
2023-02-04,rail_mrt_pjy,rail,17535
2023-02-05,rail_mrt_pjy,rail,16154
2023-02-06,rail_mrt_pjy,rail,13654
2023-02-07,rail_mrt_pjy,rail,20619
2023-02-08,rail_mrt_pjy,rail,20936
2023-02-09,rail_mrt_pjy,rail,20989
2023-02-10,rail_mrt_pjy,rail,20834
2023-02-11,rail_mrt_pjy,rail,14134
2023-02-12,rail_mrt_pjy,rail,12644
2023-02-13,rail_mrt_pjy,rail,20559
2023-02-14,rail_mrt_pjy,rail,21156
2023-02-15,rail_mrt_pjy,rail,21185
2023-02-16,rail_mrt_pjy,rail,21642
2023-02-17,rail_mrt_pjy,rail,21427
2023-02-18,rail_mrt_pjy,rail,13889
2023-02-19,rail_mrt_pjy,rail,12784
2023-02-20,rail_mrt_pjy,rail,21006
2023-02-21,rail_mrt_pjy,rail,21277
2023-02-22,rail_mrt_pjy,rail,21419
2023-02-23,rail_mrt_pjy,rail,21274
2023-02-24,rail_mrt_pjy,rail,25248
2023-02-25,rail_mrt_pjy,rail,17060
2023-02-26,rail_mrt_pjy,rail,15616
2023-02-27,rail_mrt_pjy,rail,20432
2023-02-28,rail_mrt_pjy,rail,20578
2023-03-01,rail_mrt_pjy,rail,26883
2023-03-02,rail_mrt_pjy,rail,26857
2023-03-03,rail_mrt_pjy,rail,26254
2023-03-04,rail_mrt_pjy,rail,18279
2023-03-05,rail_mrt_pjy,rail,16588
2023-03-06,rail_mrt_pjy,rail,25986
2023-03-07,rail_mrt_pjy,rail,27318
2023-03-08,rail_mrt_pjy,rail,28298
2023-03-09,rail_mrt_pjy,rail,27423
2023-03-10,rail_mrt_pjy,rail,26887
2023-03-11,rail_mrt_pjy,rail,17801
2023-03-12,rail_mrt_pjy,rail,16841
2023-03-13,rail_mrt_pjy,rail,27209
2023-03-14,rail_mrt_pjy,rail,28140
2023-03-15,rail_mrt_pjy,rail,29093
2023-03-16,rail_mrt_pjy,rail,68737
2023-03-17,rail_mrt_pjy,rail,112156
2023-03-18,rail_mrt_pjy,rail,127158
2023-03-19,rail_mrt_pjy,rail,126977
2023-03-20,rail_mrt_pjy,rail,99026
2023-03-21,rail_mrt_pjy,rail,107404
2023-03-22,rail_mrt_pjy,rail,109685
2023-03-23,rail_mrt_pjy,rail,95509
2023-03-24,rail_mrt_pjy,rail,99980
2023-03-25,rail_mrt_pjy,rail,85836
2023-03-26,rail_mrt_pjy,rail,98655
2023-03-27,rail_mrt_pjy,rail,96590
2023-03-28,rail_mrt_pjy,rail,104044
2023-03-29,rail_mrt_pjy,rail,106269
2023-03-30,rail_mrt_pjy,rail,108724
2023-03-31,rail_mrt_pjy,rail,120111
2023-04-01,rail_mrt_pjy,rail,49056
2023-04-02,rail_mrt_pjy,rail,42143
2023-04-03,rail_mrt_pjy,rail,84537
2023-04-04,rail_mrt_pjy,rail,89649
2023-04-05,rail_mrt_pjy,rail,89374
2023-04-06,rail_mrt_pjy,rail,90414
2023-04-07,rail_mrt_pjy,rail,88734
2023-04-08,rail_mrt_pjy,rail,53427
2023-04-09,rail_mrt_pjy,rail,47262
2023-04-10,rail_mrt_pjy,rail,88069
2023-04-11,rail_mrt_pjy,rail,92687
2023-04-12,rail_mrt_pjy,rail,93730
2023-04-13,rail_mrt_pjy,rail,91632
2023-04-14,rail_mrt_pjy,rail,91838
2023-04-15,rail_mrt_pjy,rail,55464
2023-04-16,rail_mrt_pjy,rail,46613
2023-04-17,rail_mrt_pjy,rail,88181
2023-04-18,rail_mrt_pjy,rail,93066
2023-04-19,rail_mrt_pjy,rail,86443
2023-04-20,rail_mrt_pjy,rail,69726
2023-04-21,rail_mrt_pjy,rail,76317
2023-04-22,rail_mrt_pjy,rail,52609
2023-04-23,rail_mrt_pjy,rail,54050
2023-04-24,rail_mrt_pjy,rail,42921
2023-04-25,rail_mrt_pjy,rail,63305
2023-04-26,rail_mrt_pjy,rail,69334
2023-04-27,rail_mrt_pjy,rail,72964
2023-04-28,rail_mrt_pjy,rail,73785
2023-04-29,rail_mrt_pjy,rail,51027
2023-04-30,rail_mrt_pjy,rail,49189
2023-05-01,rail_mrt_pjy,rail,49369
2023-05-02,rail_mrt_pjy,rail,89428
2023-05-03,rail_mrt_pjy,rail,91581
2023-05-04,rail_mrt_pjy,rail,49960
2023-05-05,rail_mrt_pjy,rail,84147
2023-05-06,rail_mrt_pjy,rail,55736
2023-05-07,rail_mrt_pjy,rail,47759
2023-05-08,rail_mrt_pjy,rail,91287
2023-05-09,rail_mrt_pjy,rail,96070
2023-05-10,rail_mrt_pjy,rail,97078
2023-05-11,rail_mrt_pjy,rail,96618
2023-05-12,rail_mrt_pjy,rail,93892
2023-05-13,rail_mrt_pjy,rail,58528
2023-05-14,rail_mrt_pjy,rail,49757
2023-05-15,rail_mrt_pjy,rail,92732
2023-05-16,rail_mrt_pjy,rail,96685
2023-05-17,rail_mrt_pjy,rail,98903
2023-05-18,rail_mrt_pjy,rail,95655
2023-05-19,rail_mrt_pjy,rail,93284
2023-05-20,rail_mrt_pjy,rail,61155
2023-05-21,rail_mrt_pjy,rail,50077
2023-05-22,rail_mrt_pjy,rail,91750
2023-05-23,rail_mrt_pjy,rail,96175
2023-05-24,rail_mrt_pjy,rail,96313
2023-05-25,rail_mrt_pjy,rail,95888
2023-05-26,rail_mrt_pjy,rail,96111
2023-05-27,rail_mrt_pjy,rail,66788
2023-05-28,rail_mrt_pjy,rail,56660
2023-05-29,rail_mrt_pjy,rail,97058
2023-05-30,rail_mrt_pjy,rail,101738
2023-05-31,rail_mrt_pjy,rail,104867
2023-06-01,rail_mrt_pjy,rail,103959
2023-06-02,rail_mrt_pjy,rail,96660
2023-06-03,rail_mrt_pjy,rail,69131
2023-06-04,rail_mrt_pjy,rail,64120
2023-06-05,rail_mrt_pjy,rail,51959
2023-06-06,rail_mrt_pjy,rail,99437
2023-06-07,rail_mrt_pjy,rail,101954
2023-06-08,rail_mrt_pjy,rail,102631
2023-06-09,rail_mrt_pjy,rail,98460
2023-06-10,rail_mrt_pjy,rail,63891
2023-06-11,rail_mrt_pjy,rail,54123
2023-06-12,rail_mrt_pjy,rail,96615
2023-06-13,rail_mrt_pjy,rail,101502
2023-06-14,rail_mrt_pjy,rail,103156
2023-06-15,rail_mrt_pjy,rail,102251
2023-06-16,rail_mrt_pjy,rail,98015
2023-06-17,rail_mrt_pjy,rail,59911
2023-06-18,rail_mrt_pjy,rail,50123
2023-06-19,rail_mrt_pjy,rail,95924
2023-06-20,rail_mrt_pjy,rail,101773
2023-06-21,rail_mrt_pjy,rail,102633
2023-06-22,rail_mrt_pjy,rail,101094
2023-06-23,rail_mrt_pjy,rail,97527
2023-06-24,rail_mrt_pjy,rail,61108
2023-06-25,rail_mrt_pjy,rail,49843
2023-06-26,rail_mrt_pjy,rail,83893
2023-06-27,rail_mrt_pjy,rail,105513
2023-06-28,rail_mrt_pjy,rail,96125
2023-06-29,rail_mrt_pjy,rail,53966
2023-06-30,rail_mrt_pjy,rail,75672
2023-07-01,rail_mrt_pjy,rail,53190
2023-07-02,rail_mrt_pjy,rail,47928
2023-07-03,rail_mrt_pjy,rail,99320
2023-07-04,rail_mrt_pjy,rail,106557
2023-07-05,rail_mrt_pjy,rail,108917
2023-07-06,rail_mrt_pjy,rail,106830
2023-07-07,rail_mrt_pjy,rail,102618
2023-07-08,rail_mrt_pjy,rail,64895
2023-07-09,rail_mrt_pjy,rail,53908
2023-07-10,rail_mrt_pjy,rail,104868
2023-07-11,rail_mrt_pjy,rail,110396
2023-07-12,rail_mrt_pjy,rail,111878
2023-07-13,rail_mrt_pjy,rail,110421
2023-07-14,rail_mrt_pjy,rail,106770
2023-07-15,rail_mrt_pjy,rail,66387
2023-07-16,rail_mrt_pjy,rail,53277
2023-07-17,rail_mrt_pjy,rail,105891
2023-07-18,rail_mrt_pjy,rail,112438
2023-07-19,rail_mrt_pjy,rail,55751
2023-07-20,rail_mrt_pjy,rail,108911
2023-07-21,rail_mrt_pjy,rail,104733
2023-07-22,rail_mrt_pjy,rail,58824
2023-07-23,rail_mrt_pjy,rail,49859
2023-07-24,rail_mrt_pjy,rail,105213
2023-07-25,rail_mrt_pjy,rail,111100
2023-07-26,rail_mrt_pjy,rail,113614
2023-07-27,rail_mrt_pjy,rail,110956
2023-07-28,rail_mrt_pjy,rail,108829
2023-07-29,rail_mrt_pjy,rail,68540
2023-07-30,rail_mrt_pjy,rail,52362
2023-07-31,rail_mrt_pjy,rail,106464
2023-08-01,rail_mrt_pjy,rail,113712
2023-08-02,rail_mrt_pjy,rail,115790
2023-08-03,rail_mrt_pjy,rail,112805
2023-08-04,rail_mrt_pjy,rail,109276
2023-08-05,rail_mrt_pjy,rail,67993
2023-08-06,rail_mrt_pjy,rail,56256
2023-08-07,rail_mrt_pjy,rail,110535
2023-08-08,rail_mrt_pjy,rail,115313
2023-08-09,rail_mrt_pjy,rail,118349
2023-08-10,rail_mrt_pjy,rail,116532
2023-08-11,rail_mrt_pjy,rail,109135
2023-08-12,rail_mrt_pjy,rail,57646
2023-08-13,rail_mrt_pjy,rail,54577
2023-08-14,rail_mrt_pjy,rail,101224
2023-08-15,rail_mrt_pjy,rail,117631
2023-08-16,rail_mrt_pjy,rail,117256
2023-08-17,rail_mrt_pjy,rail,115185
2023-08-18,rail_mrt_pjy,rail,111002
2023-08-19,rail_mrt_pjy,rail,67472
2023-08-20,rail_mrt_pjy,rail,55656
2023-08-21,rail_mrt_pjy,rail,110179
2023-08-22,rail_mrt_pjy,rail,116018
2023-08-23,rail_mrt_pjy,rail,117867
2023-08-24,rail_mrt_pjy,rail,115128
2023-08-25,rail_mrt_pjy,rail,114501
2023-08-26,rail_mrt_pjy,rail,70001
2023-08-27,rail_mrt_pjy,rail,57627
2023-08-28,rail_mrt_pjy,rail,104791
2023-08-29,rail_mrt_pjy,rail,116240
2023-08-30,rail_mrt_pjy,rail,127782
2023-08-31,rail_mrt_pjy,rail,106206
2023-09-01,rail_mrt_pjy,rail,96878
2023-09-02,rail_mrt_pjy,rail,65990
2023-09-03,rail_mrt_pjy,rail,53757
2023-09-04,rail_mrt_pjy,rail,111556
2023-09-05,rail_mrt_pjy,rail,119307
2023-09-06,rail_mrt_pjy,rail,121364
2023-09-07,rail_mrt_pjy,rail,119840
2023-09-08,rail_mrt_pjy,rail,113876
2023-09-09,rail_mrt_pjy,rail,73090
2023-09-10,rail_mrt_pjy,rail,60038
2023-09-11,rail_mrt_pjy,rail,114692
2023-09-12,rail_mrt_pjy,rail,121407
2023-09-13,rail_mrt_pjy,rail,122603
2023-09-14,rail_mrt_pjy,rail,119665
2023-09-15,rail_mrt_pjy,rail,115343
2023-09-16,rail_mrt_pjy,rail,70764
2023-09-17,rail_mrt_pjy,rail,57015
2023-09-18,rail_mrt_pjy,rail,115243
2023-09-19,rail_mrt_pjy,rail,123396
2023-09-20,rail_mrt_pjy,rail,122665
2023-09-21,rail_mrt_pjy,rail,121973
2023-09-22,rail_mrt_pjy,rail,116935
2023-09-23,rail_mrt_pjy,rail,68714
2023-09-24,rail_mrt_pjy,rail,56237
2023-09-25,rail_mrt_pjy,rail,117553
2023-09-26,rail_mrt_pjy,rail,122136
2023-09-27,rail_mrt_pjy,rail,125977
2023-09-28,rail_mrt_pjy,rail,63628
2023-09-29,rail_mrt_pjy,rail,105642
2023-09-30,rail_mrt_pjy,rail,70166
2023-10-01,rail_mrt_pjy,rail,58121
2023-10-02,rail_mrt_pjy,rail,116341
2023-10-03,rail_mrt_pjy,rail,123156
2023-10-04,rail_mrt_pjy,rail,124847
2023-10-05,rail_mrt_pjy,rail,122200
2023-10-06,rail_mrt_pjy,rail,119597
2023-10-07,rail_mrt_pjy,rail,72613
2023-10-08,rail_mrt_pjy,rail,62219
2023-10-09,rail_mrt_pjy,rail,118494
2023-10-10,rail_mrt_pjy,rail,122459
2023-10-11,rail_mrt_pjy,rail,123326
2023-10-12,rail_mrt_pjy,rail,122140
2023-10-13,rail_mrt_pjy,rail,125479
2023-10-14,rail_mrt_pjy,rail,72343
2023-10-15,rail_mrt_pjy,rail,60683
2023-10-16,rail_mrt_pjy,rail,119733
2023-10-17,rail_mrt_pjy,rail,126318
2023-10-18,rail_mrt_pjy,rail,126348
2023-10-19,rail_mrt_pjy,rail,124608
2023-10-20,rail_mrt_pjy,rail,121760
2023-10-21,rail_mrt_pjy,rail,72141
2023-10-22,rail_mrt_pjy,rail,61350
2023-10-23,rail_mrt_pjy,rail,119745
2023-10-24,rail_mrt_pjy,rail,125597
2023-10-25,rail_mrt_pjy,rail,126379
2023-10-26,rail_mrt_pjy,rail,124290
2023-10-27,rail_mrt_pjy,rail,122665
2023-10-28,rail_mrt_pjy,rail,79580
2023-10-29,rail_mrt_pjy,rail,60780
2023-10-30,rail_mrt_pjy,rail,118934
2023-10-31,rail_mrt_pjy,rail,125416
2023-11-01,rail_mrt_pjy,rail,128264
2023-11-02,rail_mrt_pjy,rail,126047
2023-11-03,rail_mrt_pjy,rail,123105
2023-11-04,rail_mrt_pjy,rail,75725
2023-11-05,rail_mrt_pjy,rail,62474
2023-11-06,rail_mrt_pjy,rail,121885
2023-11-07,rail_mrt_pjy,rail,128837
2023-11-08,rail_mrt_pjy,rail,130169
2023-11-09,rail_mrt_pjy,rail,129030
2023-11-10,rail_mrt_pjy,rail,125915
2023-11-11,rail_mrt_pjy,rail,77321
2023-11-12,rail_mrt_pjy,rail,73681
2023-11-13,rail_mrt_pjy,rail,65333
2023-11-14,rail_mrt_pjy,rail,112376
2023-11-15,rail_mrt_pjy,rail,123672
2023-11-16,rail_mrt_pjy,rail,124752
2023-11-17,rail_mrt_pjy,rail,120289
2023-11-18,rail_mrt_pjy,rail,74150
2023-11-19,rail_mrt_pjy,rail,59509
2023-11-20,rail_mrt_pjy,rail,125038
2023-11-21,rail_mrt_pjy,rail,131249
2023-11-22,rail_mrt_pjy,rail,139113
2023-11-23,rail_mrt_pjy,rail,130845
2023-11-24,rail_mrt_pjy,rail,130708
2023-11-25,rail_mrt_pjy,rail,79434
2023-11-26,rail_mrt_pjy,rail,64832
2023-11-27,rail_mrt_pjy,rail,125997
2023-11-28,rail_mrt_pjy,rail,132983
2023-11-29,rail_mrt_pjy,rail,140546
2023-11-30,rail_mrt_pjy,rail,137403
2023-12-01,rail_mrt_pjy,rail,140846
2023-12-02,rail_mrt_pjy,rail,102086
2023-12-03,rail_mrt_pjy,rail,86778
2023-12-04,rail_mrt_pjy,rail,129915
2023-12-05,rail_mrt_pjy,rail,135152
2023-12-06,rail_mrt_pjy,rail,136859
2023-12-07,rail_mrt_pjy,rail,136029
2023-12-08,rail_mrt_pjy,rail,141735
2023-12-09,rail_mrt_pjy,rail,94783
2023-12-10,rail_mrt_pjy,rail,92218
2023-12-11,rail_mrt_pjy,rail,129587
2023-12-12,rail_mrt_pjy,rail,134679
2023-12-13,rail_mrt_pjy,rail,134295
2023-12-14,rail_mrt_pjy,rail,130374
2023-12-15,rail_mrt_pjy,rail,131139
2023-12-16,rail_mrt_pjy,rail,88673
2023-12-17,rail_mrt_pjy,rail,81925
2023-12-18,rail_mrt_pjy,rail,125784
2023-12-19,rail_mrt_pjy,rail,130286
2023-12-20,rail_mrt_pjy,rail,130264
2023-12-21,rail_mrt_pjy,rail,127892
2023-12-22,rail_mrt_pjy,rail,123891
2023-12-23,rail_mrt_pjy,rail,97450
2023-12-24,rail_mrt_pjy,rail,105650
2023-12-25,rail_mrt_pjy,rail,93677
2023-12-26,rail_mrt_pjy,rail,110624
2023-12-27,rail_mrt_pjy,rail,117196
2023-12-28,rail_mrt_pjy,rail,115891
2023-12-29,rail_mrt_pjy,rail,113962
2023-12-30,rail_mrt_pjy,rail,84225
2023-12-31,rail_mrt_pjy,rail,120685
2024-01-01,rail_mrt_pjy,rail,79011
2024-01-02,rail_mrt_pjy,rail,129116
2024-01-03,rail_mrt_pjy,rail,133884
2024-01-04,rail_mrt_pjy,rail,131962
2024-01-05,rail_mrt_pjy,rail,130901
2024-01-06,rail_mrt_pjy,rail,80745
2024-01-07,rail_mrt_pjy,rail,64358
2024-01-08,rail_mrt_pjy,rail,132196
2024-01-09,rail_mrt_pjy,rail,140539
2024-01-10,rail_mrt_pjy,rail,139065
2024-01-11,rail_mrt_pjy,rail,137389
2024-01-12,rail_mrt_pjy,rail,137321
2024-01-13,rail_mrt_pjy,rail,88603
2024-01-14,rail_mrt_pjy,rail,74405
2024-01-15,rail_mrt_pjy,rail,131468
2024-01-16,rail_mrt_pjy,rail,138316
2024-01-17,rail_mrt_pjy,rail,140181
2024-01-18,rail_mrt_pjy,rail,137630
2024-01-19,rail_mrt_pjy,rail,136987
2024-01-20,rail_mrt_pjy,rail,86507
2024-01-21,rail_mrt_pjy,rail,73060
2024-01-22,rail_mrt_pjy,rail,134500
2024-01-23,rail_mrt_pjy,rail,141930
2024-01-24,rail_mrt_pjy,rail,150582
2024-01-25,rail_mrt_pjy,rail,81255
2024-01-26,rail_mrt_pjy,rail,127930
2024-01-27,rail_mrt_pjy,rail,82374
2024-01-28,rail_mrt_pjy,rail,69747
2024-01-29,rail_mrt_pjy,rail,134653
2024-01-30,rail_mrt_pjy,rail,140745
2024-01-31,rail_mrt_pjy,rail,144011
2024-02-01,rail_mrt_pjy,rail,81837
2024-02-02,rail_mrt_pjy,rail,130610
2024-02-03,rail_mrt_pjy,rail,90825
2024-02-04,rail_mrt_pjy,rail,74441
2024-02-05,rail_mrt_pjy,rail,136304
2024-02-06,rail_mrt_pjy,rail,142849
2024-02-07,rail_mrt_pjy,rail,144774
2024-02-08,rail_mrt_pjy,rail,132386
2024-02-09,rail_mrt_pjy,rail,106380
2024-02-10,rail_mrt_pjy,rail,93213
2024-02-11,rail_mrt_pjy,rail,90323
2024-02-12,rail_mrt_pjy,rail,81617
2024-02-13,rail_mrt_pjy,rail,114048
2024-02-14,rail_mrt_pjy,rail,122304
2024-02-15,rail_mrt_pjy,rail,123742
2024-02-16,rail_mrt_pjy,rail,120165
2024-02-17,rail_mrt_pjy,rail,78613
2024-02-18,rail_mrt_pjy,rail,69311
2024-02-19,rail_mrt_pjy,rail,134467
2024-02-20,rail_mrt_pjy,rail,140065
2024-02-21,rail_mrt_pjy,rail,138935
2024-02-22,rail_mrt_pjy,rail,140300
2024-02-23,rail_mrt_pjy,rail,138084
2024-02-24,rail_mrt_pjy,rail,92784
2024-02-25,rail_mrt_pjy,rail,79274
2024-02-26,rail_mrt_pjy,rail,135950
2024-02-27,rail_mrt_pjy,rail,142309
2024-02-28,rail_mrt_pjy,rail,144796
2024-02-29,rail_mrt_pjy,rail,143616
2024-03-01,rail_mrt_pjy,rail,141862
2024-03-02,rail_mrt_pjy,rail,96025
2024-03-03,rail_mrt_pjy,rail,85758
2024-03-04,rail_mrt_pjy,rail,139059
2024-03-05,rail_mrt_pjy,rail,146540
2024-03-06,rail_mrt_pjy,rail,150217
2024-03-07,rail_mrt_pjy,rail,146254
2024-03-08,rail_mrt_pjy,rail,143507
2024-03-09,rail_mrt_pjy,rail,93320
2024-03-10,rail_mrt_pjy,rail,80835
2024-03-11,rail_mrt_pjy,rail,143402
2024-03-12,rail_mrt_pjy,rail,141272
2024-03-13,rail_mrt_pjy,rail,144886
2024-03-14,rail_mrt_pjy,rail,143518
2024-03-15,rail_mrt_pjy,rail,139821
2024-03-16,rail_mrt_pjy,rail,77278
2024-03-17,rail_mrt_pjy,rail,65252
2024-03-18,rail_mrt_pjy,rail,142100
2024-03-19,rail_mrt_pjy,rail,144945
2024-03-20,rail_mrt_pjy,rail,147663
2024-03-21,rail_mrt_pjy,rail,143833
2024-03-22,rail_mrt_pjy,rail,145021
2024-03-23,rail_mrt_pjy,rail,81114
2024-03-24,rail_mrt_pjy,rail,66243
2024-03-25,rail_mrt_pjy,rail,141473
2024-03-26,rail_mrt_pjy,rail,146701
2024-03-27,rail_mrt_pjy,rail,149236
2024-03-28,rail_mrt_pjy,rail,79863
2024-03-29,rail_mrt_pjy,rail,132224
2024-03-30,rail_mrt_pjy,rail,80600
2024-03-31,rail_mrt_pjy,rail,66271
2024-04-01,rail_mrt_pjy,rail,141521
2024-04-02,rail_mrt_pjy,rail,146047
2024-04-03,rail_mrt_pjy,rail,149257
2024-04-04,rail_mrt_pjy,rail,144201
2024-04-05,rail_mrt_pjy,rail,146166
2024-04-06,rail_mrt_pjy,rail,81865
2024-04-07,rail_mrt_pjy,rail,68055
2024-04-08,rail_mrt_pjy,rail,110727
2024-04-09,rail_mrt_pjy,rail,101938
2024-04-10,rail_mrt_pjy,rail,97003
2024-04-11,rail_mrt_pjy,rail,88536
2024-04-12,rail_mrt_pjy,rail,94392
2024-04-13,rail_mrt_pjy,rail,72068
2024-04-14,rail_mrt_pjy,rail,67136
2024-04-15,rail_mrt_pjy,rail,128156
2024-04-16,rail_mrt_pjy,rail,140859
2024-04-17,rail_mrt_pjy,rail,145894
2024-04-18,rail_mrt_pjy,rail,144008
2024-04-19,rail_mrt_pjy,rail,143869
2024-04-20,rail_mrt_pjy,rail,89429
2024-04-21,rail_mrt_pjy,rail,74164
2024-04-22,rail_mrt_pjy,rail,142827
2024-04-23,rail_mrt_pjy,rail,148808
2024-04-24,rail_mrt_pjy,rail,148782
2024-04-25,rail_mrt_pjy,rail,146571
2024-04-26,rail_mrt_pjy,rail,146185
2024-04-27,rail_mrt_pjy,rail,94517
2024-04-28,rail_mrt_pjy,rail,77668
2024-04-29,rail_mrt_pjy,rail,143725
2024-04-30,rail_mrt_pjy,rail,151140
2024-05-01,rail_mrt_pjy,rail,87555
2024-05-02,rail_mrt_pjy,rail,149260
2024-05-03,rail_mrt_pjy,rail,147846
2024-05-04,rail_mrt_pjy,rail,97466
2024-05-05,rail_mrt_pjy,rail,84630
2024-05-06,rail_mrt_pjy,rail,146060
2024-05-07,rail_mrt_pjy,rail,151590
2024-05-08,rail_mrt_pjy,rail,155057
2024-05-09,rail_mrt_pjy,rail,150250
2024-05-10,rail_mrt_pjy,rail,150331
2024-05-11,rail_mrt_pjy,rail,91924
2024-05-12,rail_mrt_pjy,rail,84088
2024-05-13,rail_mrt_pjy,rail,147222
2024-05-14,rail_mrt_pjy,rail,153466
2024-05-15,rail_mrt_pjy,rail,152768
2024-05-16,rail_mrt_pjy,rail,151399
2024-05-17,rail_mrt_pjy,rail,149592
2024-05-18,rail_mrt_pjy,rail,93718
2024-05-19,rail_mrt_pjy,rail,78156
2024-05-20,rail_mrt_pjy,rail,145344
2024-05-21,rail_mrt_pjy,rail,152166
2024-05-22,rail_mrt_pjy,rail,84808
2024-05-23,rail_mrt_pjy,rail,145895
2024-05-24,rail_mrt_pjy,rail,148879
2024-05-25,rail_mrt_pjy,rail,100692
2024-05-26,rail_mrt_pjy,rail,88095
2024-05-27,rail_mrt_pjy,rail,147242
2024-05-28,rail_mrt_pjy,rail,153482
2024-05-29,rail_mrt_pjy,rail,157813
2024-05-30,rail_mrt_pjy,rail,154809
2024-05-31,rail_mrt_pjy,rail,143743
2024-06-01,rail_mrt_pjy,rail,104973
2024-06-02,rail_mrt_pjy,rail,94648
2024-06-03,rail_mrt_pjy,rail,79465
2024-06-04,rail_mrt_pjy,rail,148015
2024-06-05,rail_mrt_pjy,rail,150154
2024-06-06,rail_mrt_pjy,rail,148279
2024-06-07,rail_mrt_pjy,rail,145658
2024-06-08,rail_mrt_pjy,rail,96194
2024-06-09,rail_mrt_pjy,rail,82792
2024-06-10,rail_mrt_pjy,rail,147097
2024-06-11,rail_mrt_pjy,rail,153481
2024-06-12,rail_mrt_pjy,rail,154360
2024-06-13,rail_mrt_pjy,rail,151551
2024-06-14,rail_mrt_pjy,rail,150290
2024-06-15,rail_mrt_pjy,rail,90604
2024-06-16,rail_mrt_pjy,rail,80577
2024-06-17,rail_mrt_pjy,rail,81141
2024-06-18,rail_mrt_pjy,rail,135354
2024-06-19,rail_mrt_pjy,rail,147188
2024-06-20,rail_mrt_pjy,rail,146558
2024-06-21,rail_mrt_pjy,rail,139848
2024-06-22,rail_mrt_pjy,rail,95667
2024-06-23,rail_mrt_pjy,rail,80777
2024-06-24,rail_mrt_pjy,rail,145191
2024-06-25,rail_mrt_pjy,rail,150199
2024-06-26,rail_mrt_pjy,rail,151871
2024-06-27,rail_mrt_pjy,rail,149007
2024-06-28,rail_mrt_pjy,rail,147390
2024-06-29,rail_mrt_pjy,rail,99383
2024-06-30,rail_mrt_pjy,rail,81318
2024-07-01,rail_mrt_pjy,rail,150225
2024-07-02,rail_mrt_pjy,rail,155665
2024-07-03,rail_mrt_pjy,rail,159991
2024-07-04,rail_mrt_pjy,rail,155893
2024-07-05,rail_mrt_pjy,rail,155970
2024-07-06,rail_mrt_pjy,rail,101023
2024-07-07,rail_mrt_pjy,rail,92936
2024-07-08,rail_mrt_pjy,rail,82489
2024-07-09,rail_mrt_pjy,rail,156259
2024-07-10,rail_mrt_pjy,rail,159400
2024-07-11,rail_mrt_pjy,rail,159483
2024-07-12,rail_mrt_pjy,rail,155710
2024-07-13,rail_mrt_pjy,rail,99733
2024-07-14,rail_mrt_pjy,rail,78833
2024-07-15,rail_mrt_pjy,rail,152523
2024-07-16,rail_mrt_pjy,rail,158717
2024-07-17,rail_mrt_pjy,rail,160676
2024-07-18,rail_mrt_pjy,rail,157487
2024-07-19,rail_mrt_pjy,rail,156915
2024-07-20,rail_mrt_pjy,rail,105712
2024-07-21,rail_mrt_pjy,rail,81655
2024-07-22,rail_mrt_pjy,rail,153039
2024-07-23,rail_mrt_pjy,rail,159136
2024-07-24,rail_mrt_pjy,rail,159742
2024-07-25,rail_mrt_pjy,rail,158432
2024-07-26,rail_mrt_pjy,rail,155741
2024-07-27,rail_mrt_pjy,rail,99989
2024-07-28,rail_mrt_pjy,rail,81246
2024-07-29,rail_mrt_pjy,rail,151511
2024-07-30,rail_mrt_pjy,rail,159361
2024-07-31,rail_mrt_pjy,rail,161644
2024-08-01,rail_mrt_pjy,rail,159039
2024-08-02,rail_mrt_pjy,rail,155798
2024-08-03,rail_mrt_pjy,rail,98147
2024-08-04,rail_mrt_pjy,rail,80472
2024-08-05,rail_mrt_pjy,rail,155164
2024-08-06,rail_mrt_pjy,rail,162644
2024-08-07,rail_mrt_pjy,rail,164910
2024-08-08,rail_mrt_pjy,rail,161728
2024-08-09,rail_mrt_pjy,rail,157575
2024-08-10,rail_mrt_pjy,rail,101871
2024-08-11,rail_mrt_pjy,rail,79359
2024-08-12,rail_mrt_pjy,rail,157874
2024-08-13,rail_mrt_pjy,rail,162819
2024-08-14,rail_mrt_pjy,rail,163707
2024-08-15,rail_mrt_pjy,rail,160096
2024-08-16,rail_mrt_pjy,rail,155767
2024-08-17,rail_mrt_pjy,rail,97489
2024-08-18,rail_mrt_pjy,rail,84453
2024-08-19,rail_mrt_pjy,rail,154915
2024-08-20,rail_mrt_pjy,rail,159585
2024-08-21,rail_mrt_pjy,rail,160755
2024-08-22,rail_mrt_pjy,rail,157774
2024-08-23,rail_mrt_pjy,rail,157302
2024-08-24,rail_mrt_pjy,rail,107217
2024-08-25,rail_mrt_pjy,rail,85267
2024-08-26,rail_mrt_pjy,rail,153411
2024-08-27,rail_mrt_pjy,rail,160178
2024-08-28,rail_mrt_pjy,rail,162007
2024-08-29,rail_mrt_pjy,rail,159455
2024-08-30,rail_mrt_pjy,rail,164465
2024-08-31,rail_mrt_pjy,rail,148762
2024-09-01,rail_mrt_pjy,rail,81744
2024-09-02,rail_mrt_pjy,rail,150129
2024-09-03,rail_mrt_pjy,rail,160244
2024-09-04,rail_mrt_pjy,rail,162720
2024-09-05,rail_mrt_pjy,rail,159983
2024-09-06,rail_mrt_pjy,rail,155021
2024-09-07,rail_mrt_pjy,rail,101319
2024-09-08,rail_mrt_pjy,rail,85123
2024-09-09,rail_mrt_pjy,rail,156714
2024-09-10,rail_mrt_pjy,rail,162028
2024-09-11,rail_mrt_pjy,rail,164509
2024-09-12,rail_mrt_pjy,rail,158647
2024-09-13,rail_mrt_pjy,rail,154901
2024-09-14,rail_mrt_pjy,rail,101642
2024-09-15,rail_mrt_pjy,rail,98607
2024-09-16,rail_mrt_pjy,rail,96879
2024-09-17,rail_mrt_pjy,rail,102339
2024-09-18,rail_mrt_pjy,rail,157688
2024-09-19,rail_mrt_pjy,rail,158796
2024-09-20,rail_mrt_pjy,rail,163700
2024-09-21,rail_mrt_pjy,rail,99062
2024-09-22,rail_mrt_pjy,rail,82048
2024-09-23,rail_mrt_pjy,rail,152824
2024-09-24,rail_mrt_pjy,rail,161003
2024-09-25,rail_mrt_pjy,rail,161288
2024-09-26,rail_mrt_pjy,rail,160617
2024-09-27,rail_mrt_pjy,rail,159167
2024-09-28,rail_mrt_pjy,rail,100798
2024-09-29,rail_mrt_pjy,rail,82959
2024-09-30,rail_mrt_pjy,rail,154050
2024-10-01,rail_mrt_pjy,rail,163760
2024-10-02,rail_mrt_pjy,rail,165058
2024-10-03,rail_mrt_pjy,rail,164869
2024-10-04,rail_mrt_pjy,rail,164160
2024-10-05,rail_mrt_pjy,rail,105431
2024-10-06,rail_mrt_pjy,rail,91449
2024-10-07,rail_mrt_pjy,rail,157584
2024-10-08,rail_mrt_pjy,rail,165249
2024-10-09,rail_mrt_pjy,rail,165053
2024-10-10,rail_mrt_pjy,rail,163120
2024-10-11,rail_mrt_pjy,rail,163687
2024-10-12,rail_mrt_pjy,rail,104206
2024-10-13,rail_mrt_pjy,rail,89448
2024-10-14,rail_mrt_pjy,rail,158958
2024-10-15,rail_mrt_pjy,rail,165769
2024-10-16,rail_mrt_pjy,rail,168688
2024-10-17,rail_mrt_pjy,rail,164954
2024-10-18,rail_mrt_pjy,rail,163925
2024-10-19,rail_mrt_pjy,rail,101810
2024-10-20,rail_mrt_pjy,rail,87326
2024-10-21,rail_mrt_pjy,rail,158964
2024-10-22,rail_mrt_pjy,rail,165355
2024-10-23,rail_mrt_pjy,rail,165410
2024-10-24,rail_mrt_pjy,rail,163539
2024-10-25,rail_mrt_pjy,rail,162539
2024-10-26,rail_mrt_pjy,rail,110785
2024-10-27,rail_mrt_pjy,rail,87834
2024-10-28,rail_mrt_pjy,rail,155535
2024-10-29,rail_mrt_pjy,rail,160503
2024-10-30,rail_mrt_pjy,rail,159959
2024-10-31,rail_mrt_pjy,rail,103796
2024-11-01,rail_mrt_pjy,rail,133489
2024-11-02,rail_mrt_pjy,rail,95607
2024-11-03,rail_mrt_pjy,rail,83358
2024-11-04,rail_mrt_pjy,rail,156129
2024-11-05,rail_mrt_pjy,rail,163591
2024-11-06,rail_mrt_pjy,rail,165964
2024-11-07,rail_mrt_pjy,rail,164542
2024-11-08,rail_mrt_pjy,rail,165471
2024-11-09,rail_mrt_pjy,rail,111008
2024-11-10,rail_mrt_pjy,rail,90764
2024-11-11,rail_mrt_pjy,rail,162692
2024-11-12,rail_mrt_pjy,rail,167435
2024-11-13,rail_mrt_pjy,rail,167640
2024-11-14,rail_mrt_pjy,rail,166583
2024-11-15,rail_mrt_pjy,rail,165667
2024-11-16,rail_mrt_pjy,rail,102097
2024-11-17,rail_mrt_pjy,rail,87375
2024-11-18,rail_mrt_pjy,rail,165265
2024-11-19,rail_mrt_pjy,rail,171409
2024-11-20,rail_mrt_pjy,rail,173734
2024-11-21,rail_mrt_pjy,rail,171580
2024-11-22,rail_mrt_pjy,rail,170971
2024-11-23,rail_mrt_pjy,rail,111500
2024-11-24,rail_mrt_pjy,rail,89305
2024-11-25,rail_mrt_pjy,rail,163458
2024-11-26,rail_mrt_pjy,rail,169739
2024-11-27,rail_mrt_pjy,rail,169976
2024-11-28,rail_mrt_pjy,rail,169212
2024-11-29,rail_mrt_pjy,rail,170716
2024-11-30,rail_mrt_pjy,rail,114095
2024-12-01,rail_mrt_pjy,rail,95410
2024-12-02,rail_mrt_pjy,rail,162834
2024-12-03,rail_mrt_pjy,rail,169951
2024-12-04,rail_mrt_pjy,rail,173260
2024-12-05,rail_mrt_pjy,rail,169520
2024-12-06,rail_mrt_pjy,rail,168581
2024-12-07,rail_mrt_pjy,rail,113409
2024-12-08,rail_mrt_pjy,rail,95326
2024-12-09,rail_mrt_pjy,rail,160024
2024-12-10,rail_mrt_pjy,rail,171507
2024-12-11,rail_mrt_pjy,rail,168117
2024-12-12,rail_mrt_pjy,rail,166683
2024-12-13,rail_mrt_pjy,rail,160631
2024-12-14,rail_mrt_pjy,rail,108945
2024-12-15,rail_mrt_pjy,rail,92397
2024-12-16,rail_mrt_pjy,rail,157428
2024-12-17,rail_mrt_pjy,rail,164201
2024-12-18,rail_mrt_pjy,rail,168013
2024-12-19,rail_mrt_pjy,rail,160087
2024-12-20,rail_mrt_pjy,rail,170868
2024-12-21,rail_mrt_pjy,rail,119601
2024-12-22,rail_mrt_pjy,rail,109625
2024-12-23,rail_mrt_pjy,rail,153223
2024-12-24,rail_mrt_pjy,rail,158511
2024-12-25,rail_mrt_pjy,rail,115985
2024-12-26,rail_mrt_pjy,rail,142623
2024-12-27,rail_mrt_pjy,rail,137641
2024-12-28,rail_mrt_pjy,rail,96974
2024-12-29,rail_mrt_pjy,rail,80816
2024-12-30,rail_mrt_pjy,rail,138478
2024-12-31,rail_mrt_pjy,rail,220980
2025-01-01,rail_mrt_pjy,rail,99681
2025-01-02,rail_mrt_pjy,rail,156358
2025-01-03,rail_mrt_pjy,rail,151166
2025-01-04,rail_mrt_pjy,rail,93659
2025-01-05,rail_mrt_pjy,rail,80743
2025-01-06,rail_mrt_pjy,rail,165152
2025-01-07,rail_mrt_pjy,rail,171454
2025-01-08,rail_mrt_pjy,rail,173592
2025-01-09,rail_mrt_pjy,rail,171713
2025-01-10,rail_mrt_pjy,rail,169092
2025-01-11,rail_mrt_pjy,rail,108591
2025-01-12,rail_mrt_pjy,rail,92009
2025-01-13,rail_mrt_pjy,rail,167876
2025-01-14,rail_mrt_pjy,rail,170908
2025-01-15,rail_mrt_pjy,rail,174282
2025-01-16,rail_mrt_pjy,rail,172201
2025-01-17,rail_mrt_pjy,rail,168894
2025-01-18,rail_mrt_pjy,rail,106742
2025-01-19,rail_mrt_pjy,rail,91664
2025-01-20,rail_mrt_pjy,rail,168203
2025-01-21,rail_mrt_pjy,rail,174741
2025-01-22,rail_mrt_pjy,rail,176024
2025-01-23,rail_mrt_pjy,rail,173652
2025-01-24,rail_mrt_pjy,rail,167398
2025-01-25,rail_mrt_pjy,rail,106819
2025-01-26,rail_mrt_pjy,rail,89422
2025-01-27,rail_mrt_pjy,rail,144246
2025-01-28,rail_mrt_pjy,rail,131755
2025-01-29,rail_mrt_pjy,rail,106054
2025-01-30,rail_mrt_pjy,rail,91152
2025-01-31,rail_mrt_pjy,rail,109465
2025-02-01,rail_mrt_pjy,rail,86796
2025-02-02,rail_mrt_pjy,rail,81061
2025-02-03,rail_mrt_pjy,rail,153260
2025-02-04,rail_mrt_pjy,rail,163068
2025-02-05,rail_mrt_pjy,rail,165423
2025-02-06,rail_mrt_pjy,rail,164802
2025-02-07,rail_mrt_pjy,rail,168323
2025-02-08,rail_mrt_pjy,rail,111256
2025-02-09,rail_mrt_pjy,rail,96725
2025-02-10,rail_mrt_pjy,rail,167638
2025-02-11,rail_mrt_pjy,rail,96528
2025-02-12,rail_mrt_pjy,rail,180433
2025-02-13,rail_mrt_pjy,rail,176783
2025-02-14,rail_mrt_pjy,rail,176140
2025-02-15,rail_mrt_pjy,rail,107944
2025-02-16,rail_mrt_pjy,rail,86484
2025-02-17,rail_mrt_pjy,rail,169000
2025-02-18,rail_mrt_pjy,rail,178303
2025-02-19,rail_mrt_pjy,rail,181892
2025-02-20,rail_mrt_pjy,rail,178571
2025-02-21,rail_mrt_pjy,rail,174509
2025-02-22,rail_mrt_pjy,rail,108841
2025-02-23,rail_mrt_pjy,rail,91532
2025-02-24,rail_mrt_pjy,rail,170853
2025-02-25,rail_mrt_pjy,rail,178369
2025-02-26,rail_mrt_pjy,rail,180403
2025-02-27,rail_mrt_pjy,rail,174956
2025-02-28,rail_mrt_pjy,rail,177707
2025-03-01,rail_mrt_pjy,rail,103296
2025-03-02,rail_mrt_pjy,rail,70149
2025-03-03,rail_mrt_pjy,rail,164979
2025-03-04,rail_mrt_pjy,rail,172132
2025-03-05,rail_mrt_pjy,rail,174403
2025-03-06,rail_mrt_pjy,rail,170716
2025-03-07,rail_mrt_pjy,rail,170007
2025-03-08,rail_mrt_pjy,rail,91459
2025-03-09,rail_mrt_pjy,rail,78683
2025-03-10,rail_mrt_pjy,rail,170657
2025-03-11,rail_mrt_pjy,rail,175904
2025-03-12,rail_mrt_pjy,rail,177283
2025-03-13,rail_mrt_pjy,rail,175847
2025-03-14,rail_mrt_pjy,rail,175154
2025-03-15,rail_mrt_pjy,rail,99640
2025-03-16,rail_mrt_pjy,rail,80854
2025-03-17,rail_mrt_pjy,rail,160260
2025-03-18,rail_mrt_pjy,rail,89354
2025-03-19,rail_mrt_pjy,rail,176064
2025-03-20,rail_mrt_pjy,rail,174086
2025-03-21,rail_mrt_pjy,rail,172805
2025-03-22,rail_mrt_pjy,rail,98478
2025-03-23,rail_mrt_pjy,rail,78771
2025-03-24,rail_mrt_pjy,rail,169586
2025-03-25,rail_mrt_pjy,rail,173242
2025-03-26,rail_mrt_pjy,rail,176056
2025-03-27,rail_mrt_pjy,rail,165509
2025-03-28,rail_mrt_pjy,rail,155319
2025-03-29,rail_mrt_pjy,rail,86885
2025-03-30,rail_mrt_pjy,rail,79787
2025-03-31,rail_mrt_pjy,rail,98358
2025-04-01,rail_mrt_pjy,rail,90730
2025-04-02,rail_mrt_pjy,rail,120203
2025-04-03,rail_mrt_pjy,rail,126232
2025-04-04,rail_mrt_pjy,rail,124939
2025-04-05,rail_mrt_pjy,rail,89289
2025-04-06,rail_mrt_pjy,rail,84640
2025-04-07,rail_mrt_pjy,rail,169133
2025-04-08,rail_mrt_pjy,rail,177930
2025-04-09,rail_mrt_pjy,rail,178142
2025-04-10,rail_mrt_pjy,rail,177557
2025-04-11,rail_mrt_pjy,rail,176381
2025-04-12,rail_mrt_pjy,rail,110977
2025-04-13,rail_mrt_pjy,rail,93997
2025-04-14,rail_mrt_pjy,rail,174886
2025-04-15,rail_mrt_pjy,rail,182487
2025-04-16,rail_mrt_pjy,rail,190249
2025-04-17,rail_mrt_pjy,rail,183255
2025-04-18,rail_mrt_pjy,rail,178243
2025-04-19,rail_mrt_pjy,rail,114255
2025-04-20,rail_mrt_pjy,rail,96269
2025-04-21,rail_mrt_pjy,rail,174874
2025-04-22,rail_mrt_pjy,rail,181227
2025-04-23,rail_mrt_pjy,rail,181923
2025-04-24,rail_mrt_pjy,rail,181580
2025-04-25,rail_mrt_pjy,rail,177074
2025-04-26,rail_mrt_pjy,rail,116182
2025-04-27,rail_mrt_pjy,rail,92017
2025-04-28,rail_mrt_pjy,rail,174321
2025-04-29,rail_mrt_pjy,rail,179351
2025-04-30,rail_mrt_pjy,rail,186967
2025-05-01,rail_mrt_pjy,rail,103983
2025-05-02,rail_mrt_pjy,rail,163461
2025-05-03,rail_mrt_pjy,rail,109069
2025-05-04,rail_mrt_pjy,rail,88088
2025-05-05,rail_mrt_pjy,rail,176203
2025-05-06,rail_mrt_pjy,rail,181335
2025-05-07,rail_mrt_pjy,rail,182112
2025-05-08,rail_mrt_pjy,rail,179380
2025-05-09,rail_mrt_pjy,rail,179011
2025-05-10,rail_mrt_pjy,rail,114505
2025-05-11,rail_mrt_pjy,rail,102084
2025-05-12,rail_mrt_pjy,rail,91977
2025-05-13,rail_mrt_pjy,rail,178660
2025-05-14,rail_mrt_pjy,rail,182181
2025-05-15,rail_mrt_pjy,rail,179019
2025-05-16,rail_mrt_pjy,rail,174767
2025-05-17,rail_mrt_pjy,rail,105344
2025-05-18,rail_mrt_pjy,rail,89083
2025-05-19,rail_mrt_pjy,rail,170700
2025-05-20,rail_mrt_pjy,rail,180843
2025-05-21,rail_mrt_pjy,rail,185715
2025-05-22,rail_mrt_pjy,rail,183004
2025-05-23,rail_mrt_pjy,rail,186499
2025-05-24,rail_mrt_pjy,rail,126117
2025-05-25,rail_mrt_pjy,rail,98331
2025-05-26,rail_mrt_pjy,rail,165467
2025-05-27,rail_mrt_pjy,rail,168035
2025-05-28,rail_mrt_pjy,rail,181845
2025-05-29,rail_mrt_pjy,rail,186252
2025-05-30,rail_mrt_pjy,rail,181110
2025-05-31,rail_mrt_pjy,rail,122276
2025-06-01,rail_mrt_pjy,rail,117284
2025-06-02,rail_mrt_pjy,rail,96152
2025-06-03,rail_mrt_pjy,rail,179020
2025-06-04,rail_mrt_pjy,rail,180381
2025-06-05,rail_mrt_pjy,rail,175010
2025-06-06,rail_mrt_pjy,rail,154033
2025-06-07,rail_mrt_pjy,rail,102476
2025-06-08,rail_mrt_pjy,rail,99157
2025-06-09,rail_mrt_pjy,rail,158751
2025-06-10,rail_mrt_pjy,rail,182123
2025-06-11,rail_mrt_pjy,rail,184433
2025-06-12,rail_mrt_pjy,rail,180446
2025-06-13,rail_mrt_pjy,rail,176370
2025-06-14,rail_mrt_pjy,rail,107322
2025-06-15,rail_mrt_pjy,rail,91253
2025-06-16,rail_mrt_pjy,rail,175505
2025-06-17,rail_mrt_pjy,rail,183789
2025-06-18,rail_mrt_pjy,rail,183750
2025-06-19,rail_mrt_pjy,rail,179745
2025-06-20,rail_mrt_pjy,rail,176674
2025-06-21,rail_mrt_pjy,rail,110657
2025-06-22,rail_mrt_pjy,rail,94310
2025-06-23,rail_mrt_pjy,rail,177167
2025-06-24,rail_mrt_pjy,rail,183329
2025-06-25,rail_mrt_pjy,rail,183267
2025-06-26,rail_mrt_pjy,rail,181453
2025-06-27,rail_mrt_pjy,rail,100774
2025-06-28,rail_mrt_pjy,rail,103424
2025-06-29,rail_mrt_pjy,rail,88527
2025-06-30,rail_mrt_pjy,rail,172586
2025-07-01,rail_mrt_pjy,rail,184189
2025-07-02,rail_mrt_pjy,rail,183480
2025-07-03,rail_mrt_pjy,rail,182736
2025-07-04,rail_mrt_pjy,rail,178389
2025-07-05,rail_mrt_pjy,rail,110976
2025-07-06,rail_mrt_pjy,rail,93409
2025-07-07,rail_mrt_pjy,rail,183506
2025-07-08,rail_mrt_pjy,rail,189132
2025-07-09,rail_mrt_pjy,rail,191315
2025-07-10,rail_mrt_pjy,rail,187659
2025-07-11,rail_mrt_pjy,rail,183015
2025-07-12,rail_mrt_pjy,rail,115389
2025-07-13,rail_mrt_pjy,rail,97754
2025-07-14,rail_mrt_pjy,rail,185120
2025-07-15,rail_mrt_pjy,rail,192831
2025-07-16,rail_mrt_pjy,rail,193473
2025-07-17,rail_mrt_pjy,rail,188463
2025-07-18,rail_mrt_pjy,rail,186157
2025-07-19,rail_mrt_pjy,rail,115470
2025-07-20,rail_mrt_pjy,rail,92956
2025-07-21,rail_mrt_pjy,rail,181661
2025-07-22,rail_mrt_pjy,rail,187072
2025-07-23,rail_mrt_pjy,rail,191116
2025-07-24,rail_mrt_pjy,rail,189367
2025-07-25,rail_mrt_pjy,rail,187170
2025-07-26,rail_mrt_pjy,rail,115689
2025-07-27,rail_mrt_pjy,rail,90085
2025-07-28,rail_mrt_pjy,rail,180114
2025-07-29,rail_mrt_pjy,rail,183384
2025-07-30,rail_mrt_pjy,rail,186972
2025-07-31,rail_mrt_pjy,rail,182433
2025-08-01,rail_mrt_pjy,rail,178566
2025-08-02,rail_mrt_pjy,rail,111545
2025-08-03,rail_mrt_pjy,rail,93757
2025-08-04,rail_mrt_pjy,rail,180550
2025-08-05,rail_mrt_pjy,rail,188587
2025-08-06,rail_mrt_pjy,rail,192860
2025-08-07,rail_mrt_pjy,rail,187434
2025-08-08,rail_mrt_pjy,rail,182583
2025-08-09,rail_mrt_pjy,rail,115047
2025-08-10,rail_mrt_pjy,rail,97624
2025-08-11,rail_mrt_pjy,rail,187683
2025-08-12,rail_mrt_pjy,rail,194508
2025-08-13,rail_mrt_pjy,rail,195257
2025-08-14,rail_mrt_pjy,rail,189728
2025-08-15,rail_mrt_pjy,rail,188873
2025-08-16,rail_mrt_pjy,rail,118233
2025-08-17,rail_mrt_pjy,rail,95500
2025-08-18,rail_mrt_pjy,rail,180743
2025-08-19,rail_mrt_pjy,rail,189840
2025-08-20,rail_mrt_pjy,rail,191536
2025-08-21,rail_mrt_pjy,rail,185110
2025-08-22,rail_mrt_pjy,rail,184885
2025-08-23,rail_mrt_pjy,rail,118332
2025-08-24,rail_mrt_pjy,rail,96049
2025-08-25,rail_mrt_pjy,rail,183336
2025-08-26,rail_mrt_pjy,rail,188264
2025-08-27,rail_mrt_pjy,rail,189510
2025-08-28,rail_mrt_pjy,rail,186097
2025-08-29,rail_mrt_pjy,rail,185130
2025-08-30,rail_mrt_pjy,rail,134323
2025-08-31,rail_mrt_pjy,rail,141093
2025-09-01,rail_mrt_pjy,rail,91120
2025-09-02,rail_mrt_pjy,rail,184088
2025-09-03,rail_mrt_pjy,rail,186270
2025-09-04,rail_mrt_pjy,rail,187599
2025-09-05,rail_mrt_pjy,rail,102477
2025-09-06,rail_mrt_pjy,rail,103677
2025-09-07,rail_mrt_pjy,rail,89315
2025-09-08,rail_mrt_pjy,rail,182747
2025-09-09,rail_mrt_pjy,rail,190356
2025-09-10,rail_mrt_pjy,rail,191250
2025-09-11,rail_mrt_pjy,rail,186692
2025-09-12,rail_mrt_pjy,rail,183427
2025-09-13,rail_mrt_pjy,rail,118074
2025-09-14,rail_mrt_pjy,rail,109702
2025-09-15,rail_mrt_pjy,rail,115703
2025-09-16,rail_mrt_pjy,rail,103683
2025-09-17,rail_mrt_pjy,rail,181640
2025-09-18,rail_mrt_pjy,rail,183632
2025-09-19,rail_mrt_pjy,rail,176788
2025-09-20,rail_mrt_pjy,rail,110892
2025-09-21,rail_mrt_pjy,rail,88104
2025-09-22,rail_mrt_pjy,rail,180590
2025-09-23,rail_mrt_pjy,rail,180239
2025-09-24,rail_mrt_pjy,rail,186069
2025-09-25,rail_mrt_pjy,rail,186091
2025-09-26,rail_mrt_pjy,rail,179254
2025-09-27,rail_mrt_pjy,rail,111401
2025-09-28,rail_mrt_pjy,rail,91322
2025-09-29,rail_mrt_pjy,rail,177141
2025-09-30,rail_mrt_pjy,rail,184585
2025-10-01,rail_mrt_pjy,rail,187433
2025-10-02,rail_mrt_pjy,rail,189316
2025-10-03,rail_mrt_pjy,rail,187440
2025-10-04,rail_mrt_pjy,rail,119768
2025-10-05,rail_mrt_pjy,rail,98672
2025-10-06,rail_mrt_pjy,rail,180701
2025-10-07,rail_mrt_pjy,rail,191153
2025-10-08,rail_mrt_pjy,rail,194737
2025-10-09,rail_mrt_pjy,rail,190702
2025-10-10,rail_mrt_pjy,rail,189428
2025-10-11,rail_mrt_pjy,rail,117019
2025-10-12,rail_mrt_pjy,rail,96076
2025-10-13,rail_mrt_pjy,rail,183790
2025-10-14,rail_mrt_pjy,rail,189718
2025-10-15,rail_mrt_pjy,rail,191564
2025-10-16,rail_mrt_pjy,rail,188655
2025-10-17,rail_mrt_pjy,rail,184781
2025-10-18,rail_mrt_pjy,rail,116753
2025-10-19,rail_mrt_pjy,rail,110847
2025-10-20,rail_mrt_pjy,rail,103411
2025-10-21,rail_mrt_pjy,rail,171558
2025-10-22,rail_mrt_pjy,rail,175005
2025-10-23,rail_mrt_pjy,rail,171193
2025-10-24,rail_mrt_pjy,rail,173486
2025-10-25,rail_mrt_pjy,rail,32971
2025-10-26,rail_mrt_pjy,rail,30772
2025-10-27,rail_mrt_pjy,rail,102686
2025-10-28,rail_mrt_pjy,rail,145679
2025-10-29,rail_mrt_pjy,rail,177986
2025-10-30,rail_mrt_pjy,rail,180757
2025-10-31,rail_mrt_pjy,rail,179453
2025-11-01,rail_mrt_pjy,rail,111876
2025-11-02,rail_mrt_pjy,rail,93105
2025-11-03,rail_mrt_pjy,rail,179637
2025-11-04,rail_mrt_pjy,rail,186474
2025-11-05,rail_mrt_pjy,rail,187009
2025-11-06,rail_mrt_pjy,rail,188404
2025-11-07,rail_mrt_pjy,rail,187384
2025-11-08,rail_mrt_pjy,rail,115051
2025-11-09,rail_mrt_pjy,rail,97656
2025-11-10,rail_mrt_pjy,rail,184368
2025-11-11,rail_mrt_pjy,rail,192322
2025-11-12,rail_mrt_pjy,rail,191308
2025-11-13,rail_mrt_pjy,rail,188332
2025-11-14,rail_mrt_pjy,rail,180742
2025-11-15,rail_mrt_pjy,rail,108264
2025-11-16,rail_mrt_pjy,rail,92697
2025-11-17,rail_mrt_pjy,rail,179927
2025-11-18,rail_mrt_pjy,rail,191560
2025-11-19,rail_mrt_pjy,rail,192047
2025-11-20,rail_mrt_pjy,rail,190131
2025-11-21,rail_mrt_pjy,rail,183420
2025-11-22,rail_mrt_pjy,rail,114869
2025-11-23,rail_mrt_pjy,rail,91489
2025-11-24,rail_mrt_pjy,rail,174233
2025-11-25,rail_mrt_pjy,rail,185937
2025-11-26,rail_mrt_pjy,rail,189290
2025-11-27,rail_mrt_pjy,rail,186003
2025-11-28,rail_mrt_pjy,rail,179731
2025-11-29,rail_mrt_pjy,rail,117077
2025-11-30,rail_mrt_pjy,rail,98989
2025-12-01,rail_mrt_pjy,rail,181956
2025-12-02,rail_mrt_pjy,rail,189945
2025-12-03,rail_mrt_pjy,rail,189924
2025-12-04,rail_mrt_pjy,rail,189840
2025-12-05,rail_mrt_pjy,rail,188611
2025-12-06,rail_mrt_pjy,rail,123013
2025-12-07,rail_mrt_pjy,rail,107351
2025-12-08,rail_mrt_pjy,rail,183354
2025-12-09,rail_mrt_pjy,rail,187963
2025-12-10,rail_mrt_pjy,rail,190822
2025-12-11,rail_mrt_pjy,rail,178324
2025-12-12,rail_mrt_pjy,rail,174085
2025-12-13,rail_mrt_pjy,rail,109865
2025-12-14,rail_mrt_pjy,rail,102505
2025-12-15,rail_mrt_pjy,rail,177901
2025-12-16,rail_mrt_pjy,rail,182415
2025-12-17,rail_mrt_pjy,rail,186112
2025-12-18,rail_mrt_pjy,rail,184110
2025-12-19,rail_mrt_pjy,rail,180448
2025-12-20,rail_mrt_pjy,rail,123262
2025-12-21,rail_mrt_pjy,rail,109690
2025-12-22,rail_mrt_pjy,rail,174364
2025-12-23,rail_mrt_pjy,rail,179774
2025-12-24,rail_mrt_pjy,rail,178757
2025-12-25,rail_mrt_pjy,rail,120064
2025-12-26,rail_mrt_pjy,rail,142866
2025-12-27,rail_mrt_pjy,rail,106807
2025-12-28,rail_mrt_pjy,rail,93087
2025-12-29,rail_mrt_pjy,rail,156216
2025-12-30,rail_mrt_pjy,rail,161608
2025-12-31,rail_mrt_pjy,rail,236225
2026-01-01,rail_mrt_pjy,rail,107298
2026-01-02,rail_mrt_pjy,rail,146437
2026-01-03,rail_mrt_pjy,rail,104075
2026-01-04,rail_mrt_pjy,rail,89479
2026-01-05,rail_mrt_pjy,rail,181225
2026-01-06,rail_mrt_pjy,rail,188972
2026-01-07,rail_mrt_pjy,rail,191363
2026-01-08,rail_mrt_pjy,rail,188838
2026-01-09,rail_mrt_pjy,rail,182760
2026-01-10,rail_mrt_pjy,rail,118128
2026-01-11,rail_mrt_pjy,rail,94793
2026-01-12,rail_mrt_pjy,rail,186019
2026-01-13,rail_mrt_pjy,rail,193709
2026-01-14,rail_mrt_pjy,rail,194813
2026-01-15,rail_mrt_pjy,rail,189591
2026-01-16,rail_mrt_pjy,rail,188520
2026-01-17,rail_mrt_pjy,rail,111342
2026-01-18,rail_mrt_pjy,rail,94959
2026-01-19,rail_mrt_pjy,rail,189844
2026-01-20,rail_mrt_pjy,rail,196891
2026-01-21,rail_mrt_pjy,rail,196830
2026-01-22,rail_mrt_pjy,rail,192307
2026-01-23,rail_mrt_pjy,rail,189107
2026-01-24,rail_mrt_pjy,rail,112378
2026-01-25,rail_mrt_pjy,rail,95784
2026-01-26,rail_mrt_pjy,rail,190654
2026-01-27,rail_mrt_pjy,rail,196502
2026-01-28,rail_mrt_pjy,rail,196947
2026-01-29,rail_mrt_pjy,rail,194743
2026-01-30,rail_mrt_pjy,rail,196451
2026-01-31,rail_mrt_pjy,rail,129863
2026-02-01,rail_mrt_pjy,rail,113872
2026-02-02,rail_mrt_pjy,rail,95950
2026-02-03,rail_mrt_pjy,rail,127979
2026-02-04,rail_mrt_pjy,rail,196728
2026-02-05,rail_mrt_pjy,rail,196213
2026-02-06,rail_mrt_pjy,rail,195128
2026-02-07,rail_mrt_pjy,rail,130825
2026-02-08,rail_mrt_pjy,rail,106758
2026-02-09,rail_mrt_pjy,rail,199348
2026-02-10,rail_mrt_pjy,rail,204900
2026-02-11,rail_mrt_pjy,rail,204196
2026-02-12,rail_mrt_pjy,rail,202882
2026-02-13,rail_mrt_pjy,rail,200477
2026-02-14,rail_mrt_pjy,rail,124325
2026-02-15,rail_mrt_pjy,rail,100197
2026-02-16,rail_mrt_pjy,rail,134293
2026-02-17,rail_mrt_pjy,rail,95543
2026-02-18,rail_mrt_pjy,rail,87830
2026-02-19,rail_mrt_pjy,rail,119464
2026-02-20,rail_mrt_pjy,rail,124618
2026-02-21,rail_mrt_pjy,rail,78788
2026-02-22,rail_mrt_pjy,rail,72547
2026-02-23,rail_mrt_pjy,rail,180654
2026-02-24,rail_mrt_pjy,rail,185729
2026-02-25,rail_mrt_pjy,rail,183427
2026-02-26,rail_mrt_pjy,rail,188828
2026-02-27,rail_mrt_pjy,rail,186342
2026-02-28,rail_mrt_pjy,rail,95037
2026-03-01,rail_mrt_pjy,rail,125908
2026-03-02,rail_mrt_pjy,rail,190395
2026-03-03,rail_mrt_pjy,rail,190208
2026-03-04,rail_mrt_pjy,rail,192707
2026-03-05,rail_mrt_pjy,rail,190301
2026-03-06,rail_mrt_pjy,rail,186203
2026-03-07,rail_mrt_pjy,rail,105336
2026-03-08,rail_mrt_pjy,rail,92290
2026-03-09,rail_mrt_pjy,rail,190429
2026-03-10,rail_mrt_pjy,rail,196514
2026-03-11,rail_mrt_pjy,rail,186771
2026-03-12,rail_mrt_pjy,rail,194858
2026-03-13,rail_mrt_pjy,rail,191164
2026-03-14,rail_mrt_pjy,rail,108347
2026-03-15,rail_mrt_pjy,rail,92295
2026-03-16,rail_mrt_pjy,rail,189516
2026-03-17,rail_mrt_pjy,rail,194894
2026-03-18,rail_mrt_pjy,rail,179751
2026-03-19,rail_mrt_pjy,rail,147346
2026-03-20,rail_mrt_pjy,rail,91820
2026-03-21,rail_mrt_pjy,rail,109153
2026-03-22,rail_mrt_pjy,rail,104961
2026-03-23,rail_mrt_pjy,rail,89277
2026-03-24,rail_mrt_pjy,rail,138336
2026-03-25,rail_mrt_pjy,rail,152884
2026-03-26,rail_mrt_pjy,rail,162339
2026-03-27,rail_mrt_pjy,rail,159563
2026-03-28,rail_mrt_pjy,rail,100387
2026-03-29,rail_mrt_pjy,rail,87490
2026-03-30,rail_mrt_pjy,rail,185789
2026-03-31,rail_mrt_pjy,rail,196943
2026-04-01,rail_mrt_pjy,rail,200539
2026-04-02,rail_mrt_pjy,rail,195095
2026-04-03,rail_mrt_pjy,rail,189278
2026-04-04,rail_mrt_pjy,rail,115868
2026-04-05,rail_mrt_pjy,rail,97663
2026-04-06,rail_mrt_pjy,rail,192234
2026-04-07,rail_mrt_pjy,rail,200776
2026-04-08,rail_mrt_pjy,rail,200998
2026-04-09,rail_mrt_pjy,rail,196583
2026-04-10,rail_mrt_pjy,rail,189647
2026-04-11,rail_mrt_pjy,rail,119448
2026-04-12,rail_mrt_pjy,rail,102262
2026-04-13,rail_mrt_pjy,rail,189975
2026-04-14,rail_mrt_pjy,rail,194178
2026-04-15,rail_mrt_pjy,rail,198392
2026-04-16,rail_mrt_pjy,rail,194096
2026-04-17,rail_mrt_pjy,rail,191530
2026-04-18,rail_mrt_pjy,rail,121430
2026-04-19,rail_mrt_pjy,rail,98986
2026-04-20,rail_mrt_pjy,rail,192724
2026-04-21,rail_mrt_pjy,rail,195161
2026-04-22,rail_mrt_pjy,rail,197476
2026-04-23,rail_mrt_pjy,rail,191902
2026-04-24,rail_mrt_pjy,rail,188190
2026-04-25,rail_mrt_pjy,rail,114635
2026-04-26,rail_mrt_pjy,rail,101072
2026-04-27,rail_mrt_pjy,rail,188497
2026-04-28,rail_mrt_pjy,rail,192140
2026-04-29,rail_mrt_pjy,rail,195700
2026-04-30,rail_mrt_pjy,rail,200463
2026-05-01,rail_mrt_pjy,rail,123724
2026-05-02,rail_mrt_pjy,rail,121696
2026-05-03,rail_mrt_pjy,rail,94299
2026-05-04,rail_mrt_pjy,rail,189399
2026-05-05,rail_mrt_pjy,rail,193800
2026-05-06,rail_mrt_pjy,rail,196654
2026-05-07,rail_mrt_pjy,rail,194341
2026-05-08,rail_mrt_pjy,rail,188958
2026-05-09,rail_mrt_pjy,rail,115563
2026-05-10,rail_mrt_pjy,rail,98173
2026-05-11,rail_mrt_pjy,rail,192671
2026-05-12,rail_mrt_pjy,rail,196991
2026-05-13,rail_mrt_pjy,rail,195186
2026-05-14,rail_mrt_pjy,rail,192673
2026-05-15,rail_mrt_pjy,rail,185877
2026-05-16,rail_mrt_pjy,rail,115160
2026-05-17,rail_mrt_pjy,rail,97004
2026-05-18,rail_mrt_pjy,rail,191126
2026-05-19,rail_mrt_pjy,rail,196580
2026-05-20,rail_mrt_pjy,rail,197436
2026-05-21,rail_mrt_pjy,rail,194875
2026-05-22,rail_mrt_pjy,rail,193124
2026-05-23,rail_mrt_pjy,rail,114449
2026-05-24,rail_mrt_pjy,rail,100221
2026-05-25,rail_mrt_pjy,rail,182515
2026-05-26,rail_mrt_pjy,rail,177110
2026-05-27,rail_mrt_pjy,rail,106140
2026-05-28,rail_mrt_pjy,rail,152943
2026-05-29,rail_mrt_pjy,rail,151617
2026-05-30,rail_mrt_pjy,rail,107892
2026-05-31,rail_mrt_pjy,rail,106759
2026-06-01,rail_mrt_pjy,rail,109098
2026-06-02,rail_mrt_pjy,rail,105928
2026-06-03,rail_mrt_pjy,rail,190629
2026-06-04,rail_mrt_pjy,rail,189483
2026-06-05,rail_mrt_pjy,rail,184692
2026-06-06,rail_mrt_pjy,rail,124886
2026-06-07,rail_mrt_pjy,rail,101842
2026-06-08,rail_mrt_pjy,rail,191588
2026-06-09,rail_mrt_pjy,rail,195809
2026-06-10,rail_mrt_pjy,rail,197617
2026-06-11,rail_mrt_pjy,rail,191926
2026-06-12,rail_mrt_pjy,rail,184542
2026-06-13,rail_mrt_pjy,rail,109340
2026-06-14,rail_mrt_pjy,rail,89027
2026-06-15,rail_mrt_pjy,rail,191073
2026-06-16,rail_mrt_pjy,rail,195346
2026-06-17,rail_mrt_pjy,rail,94557
2026-06-18,rail_mrt_pjy,rail,191001
2026-06-19,rail_mrt_pjy,rail,182975
2026-06-20,rail_mrt_pjy,rail,107669
2026-06-21,rail_mrt_pjy,rail,89674
2026-06-22,rail_mrt_pjy,rail,187965
2026-06-23,rail_mrt_pjy,rail,192316
2026-06-24,rail_mrt_pjy,rail,189520
2026-06-25,rail_mrt_pjy,rail,188104
2026-06-26,rail_mrt_pjy,rail,182700
2026-06-27,rail_mrt_pjy,rail,111743
2026-06-28,rail_mrt_pjy,rail,93971
2026-06-29,rail_mrt_pjy,rail,188609
2026-06-30,rail_mrt_pjy,rail,193807
2026-07-01,rail_mrt_pjy,rail,193306
2026-07-02,rail_mrt_pjy,rail,191299
2026-07-03,rail_mrt_pjy,rail,188655
2026-07-04,rail_mrt_pjy,rail,113580
2026-07-05,rail_mrt_pjy,rail,94925
2026-07-06,rail_mrt_pjy,rail,186754
2026-07-07,rail_mrt_pjy,rail,191579
2026-07-08,rail_mrt_pjy,rail,193950
2026-07-09,rail_mrt_pjy,rail,191021
2026-07-10,rail_mrt_pjy,rail,186138
2026-07-11,rail_mrt_pjy,rail,112951
2026-07-12,rail_mrt_pjy,rail,99493
2026-07-13,rail_mrt_pjy,rail,190080
2026-07-14,rail_mrt_pjy,rail,194227
2026-07-15,rail_mrt_pjy,rail,196266
2026-07-16,rail_mrt_pjy,rail,193526
2026-07-17,rail_mrt_pjy,rail,189213
2026-07-18,rail_mrt_pjy,rail,110583
2026-07-19,rail_mrt_pjy,rail,94428
2026-07-20,rail_mrt_pjy,rail,184103
2026-07-21,rail_mrt_pjy,rail,196072
2026-07-22,rail_mrt_pjy,rail,196094
2026-07-23,rail_mrt_pjy,rail,194682
2026-07-24,rail_mrt_pjy,rail,193318
2026-07-25,rail_mrt_pjy,rail,122005
2026-07-26,rail_mrt_pjy,rail,99579
2026-07-27,rail_mrt_pjy,rail,188910
2026-07-28,rail_mrt_pjy,rail,193178
2026-07-29,rail_mrt_pjy,rail,194310
2026-07-30,rail_mrt_pjy,rail,195667
2026-07-31,rail_mrt_pjy,rail,191033
2022-06-19,rail_tebrau,rail,4348
2022-06-20,rail_tebrau,rail,5553
2022-06-21,rail_tebrau,rail,4986
2022-06-22,rail_tebrau,rail,5046
2022-06-23,rail_tebrau,rail,5357
2022-06-24,rail_tebrau,rail,6528
2022-06-25,rail_tebrau,rail,5747
2022-06-26,rail_tebrau,rail,5704
2022-06-27,rail_tebrau,rail,6581
2022-06-28,rail_tebrau,rail,4766
2022-06-29,rail_tebrau,rail,4884
2022-06-30,rail_tebrau,rail,5278
2022-07-01,rail_tebrau,rail,7113
2022-07-02,rail_tebrau,rail,6560
2022-07-03,rail_tebrau,rail,5689
2022-07-04,rail_tebrau,rail,6322
2022-07-05,rail_tebrau,rail,5105
2022-07-06,rail_tebrau,rail,5064
2022-07-07,rail_tebrau,rail,5972
2022-07-08,rail_tebrau,rail,7463
2022-07-09,rail_tebrau,rail,6954
2022-07-10,rail_tebrau,rail,6604
2022-07-11,rail_tebrau,rail,6684
2022-07-12,rail_tebrau,rail,6173
2022-07-13,rail_tebrau,rail,5324
2022-07-14,rail_tebrau,rail,5731
2022-07-15,rail_tebrau,rail,7211
2022-07-16,rail_tebrau,rail,6528
2022-07-17,rail_tebrau,rail,5664
2022-07-18,rail_tebrau,rail,6363
2022-07-19,rail_tebrau,rail,5136
2022-07-20,rail_tebrau,rail,5084
2022-07-21,rail_tebrau,rail,5633
2022-07-22,rail_tebrau,rail,6771
2022-07-23,rail_tebrau,rail,5969
2022-07-24,rail_tebrau,rail,4966
2022-07-25,rail_tebrau,rail,5986
2022-07-26,rail_tebrau,rail,5428
2022-07-27,rail_tebrau,rail,5412
2022-07-28,rail_tebrau,rail,5838
2022-07-29,rail_tebrau,rail,6742
2022-07-30,rail_tebrau,rail,6200
2022-07-31,rail_tebrau,rail,5057
2022-08-01,rail_tebrau,rail,6787
2022-08-02,rail_tebrau,rail,5725
2022-08-03,rail_tebrau,rail,5721
2022-08-04,rail_tebrau,rail,6618
2022-08-05,rail_tebrau,rail,8325
2022-08-06,rail_tebrau,rail,7361
2022-08-07,rail_tebrau,rail,6753
2022-08-08,rail_tebrau,rail,8932
2022-08-09,rail_tebrau,rail,6180
2022-08-10,rail_tebrau,rail,7879
2022-08-11,rail_tebrau,rail,6595
2022-08-12,rail_tebrau,rail,8393
2022-08-13,rail_tebrau,rail,7096
2022-08-14,rail_tebrau,rail,6272
2022-08-15,rail_tebrau,rail,7378
2022-08-16,rail_tebrau,rail,6578
2022-08-17,rail_tebrau,rail,6301
2022-08-18,rail_tebrau,rail,6681
2022-08-19,rail_tebrau,rail,8619
2022-08-20,rail_tebrau,rail,7163
2022-08-21,rail_tebrau,rail,6088
2022-08-22,rail_tebrau,rail,7128
2022-08-23,rail_tebrau,rail,6109
2022-08-24,rail_tebrau,rail,6558
2022-08-25,rail_tebrau,rail,7060
2022-08-26,rail_tebrau,rail,8588
2022-08-27,rail_tebrau,rail,7430
2022-08-28,rail_tebrau,rail,6314
2022-08-29,rail_tebrau,rail,7706
2022-08-30,rail_tebrau,rail,6876
2022-08-31,rail_tebrau,rail,7202
2022-09-01,rail_tebrau,rail,8690
2022-09-02,rail_tebrau,rail,9072
2022-09-03,rail_tebrau,rail,8628
2022-09-04,rail_tebrau,rail,7613
2022-09-05,rail_tebrau,rail,8905
2022-09-06,rail_tebrau,rail,8672
2022-09-07,rail_tebrau,rail,8599
2022-09-08,rail_tebrau,rail,9163
2022-09-09,rail_tebrau,rail,9337
2022-09-10,rail_tebrau,rail,8074
2022-09-11,rail_tebrau,rail,6694
2022-09-12,rail_tebrau,rail,7870
2022-09-13,rail_tebrau,rail,7031
2022-09-14,rail_tebrau,rail,7117
2022-09-15,rail_tebrau,rail,7813
2022-09-16,rail_tebrau,rail,9442
2022-09-17,rail_tebrau,rail,8090
2022-09-18,rail_tebrau,rail,6937
2022-09-19,rail_tebrau,rail,7913
2022-09-20,rail_tebrau,rail,7064
2022-09-21,rail_tebrau,rail,7044
2022-09-22,rail_tebrau,rail,7623
2022-09-23,rail_tebrau,rail,8829
2022-09-24,rail_tebrau,rail,7698
2022-09-25,rail_tebrau,rail,6670
2022-09-26,rail_tebrau,rail,8120
2022-09-27,rail_tebrau,rail,7203
2022-09-28,rail_tebrau,rail,7427
2022-09-29,rail_tebrau,rail,7910
2022-09-30,rail_tebrau,rail,9170
2022-10-01,rail_tebrau,rail,7966
2022-10-02,rail_tebrau,rail,6615
2022-10-03,rail_tebrau,rail,7950
2022-10-04,rail_tebrau,rail,7295
2022-10-05,rail_tebrau,rail,7292
2022-10-06,rail_tebrau,rail,8659
2022-10-07,rail_tebrau,rail,9202
2022-10-08,rail_tebrau,rail,8532
2022-10-09,rail_tebrau,rail,7324
2022-10-10,rail_tebrau,rail,8344
2022-10-11,rail_tebrau,rail,7533
2022-10-12,rail_tebrau,rail,7642
2022-10-13,rail_tebrau,rail,8472
2022-10-14,rail_tebrau,rail,9194
2022-10-15,rail_tebrau,rail,8048
2022-10-16,rail_tebrau,rail,7013
2022-10-17,rail_tebrau,rail,8411
2022-10-18,rail_tebrau,rail,8100
2022-10-19,rail_tebrau,rail,8229
2022-10-20,rail_tebrau,rail,9103
2022-10-21,rail_tebrau,rail,9267
2022-10-22,rail_tebrau,rail,8570
2022-10-23,rail_tebrau,rail,8011
2022-10-24,rail_tebrau,rail,7862
2022-10-25,rail_tebrau,rail,8178
2022-10-26,rail_tebrau,rail,7726
2022-10-27,rail_tebrau,rail,8044
2022-10-28,rail_tebrau,rail,9000
2022-10-29,rail_tebrau,rail,7926
2022-10-30,rail_tebrau,rail,6690
2022-10-31,rail_tebrau,rail,8141
2022-11-01,rail_tebrau,rail,7442
2022-11-02,rail_tebrau,rail,7479
2022-11-03,rail_tebrau,rail,8176
2022-11-04,rail_tebrau,rail,9101
2022-11-05,rail_tebrau,rail,7936
2022-11-06,rail_tebrau,rail,6807
2022-11-07,rail_tebrau,rail,8192
2022-11-08,rail_tebrau,rail,7639
2022-11-09,rail_tebrau,rail,7854
2022-11-10,rail_tebrau,rail,8300
2022-11-11,rail_tebrau,rail,9052
2022-11-12,rail_tebrau,rail,8093
2022-11-13,rail_tebrau,rail,6982
2022-11-14,rail_tebrau,rail,8363
2022-11-15,rail_tebrau,rail,7878
2022-11-16,rail_tebrau,rail,8013
2022-11-17,rail_tebrau,rail,9072
2022-11-18,rail_tebrau,rail,8974
2022-11-19,rail_tebrau,rail,7729
2022-11-20,rail_tebrau,rail,7281
2022-11-21,rail_tebrau,rail,8476
2022-11-22,rail_tebrau,rail,7865
2022-11-23,rail_tebrau,rail,8109
2022-11-24,rail_tebrau,rail,8604
2022-11-25,rail_tebrau,rail,9247
2022-11-26,rail_tebrau,rail,8237
2022-11-27,rail_tebrau,rail,7412
2022-11-28,rail_tebrau,rail,8789
2022-11-29,rail_tebrau,rail,8272
2022-11-30,rail_tebrau,rail,8306
2022-12-01,rail_tebrau,rail,8974
2022-12-02,rail_tebrau,rail,9394
2022-12-03,rail_tebrau,rail,8434
2022-12-04,rail_tebrau,rail,7509
2022-12-05,rail_tebrau,rail,8878
2022-12-06,rail_tebrau,rail,8437
2022-12-07,rail_tebrau,rail,8521
2022-12-08,rail_tebrau,rail,9114
2022-12-09,rail_tebrau,rail,9684
2022-12-10,rail_tebrau,rail,8781
2022-12-11,rail_tebrau,rail,8032
2022-12-12,rail_tebrau,rail,9116
2022-12-13,rail_tebrau,rail,9087
2022-12-14,rail_tebrau,rail,9372
2022-12-15,rail_tebrau,rail,9720
2022-12-16,rail_tebrau,rail,9879
2022-12-17,rail_tebrau,rail,9054
2022-12-18,rail_tebrau,rail,8627
2022-12-19,rail_tebrau,rail,9458
2022-12-20,rail_tebrau,rail,9471
2022-12-21,rail_tebrau,rail,9745
2022-12-22,rail_tebrau,rail,9931
2022-12-23,rail_tebrau,rail,10036
2022-12-24,rail_tebrau,rail,9431
2022-12-25,rail_tebrau,rail,9214
2022-12-26,rail_tebrau,rail,9318
2022-12-27,rail_tebrau,rail,9592
2022-12-28,rail_tebrau,rail,9825
2022-12-29,rail_tebrau,rail,9924
2022-12-30,rail_tebrau,rail,9994
2022-12-31,rail_tebrau,rail,9213
2023-01-01,rail_tebrau,rail,7864
2023-01-02,rail_tebrau,rail,7547
2023-01-03,rail_tebrau,rail,8430
2023-01-04,rail_tebrau,rail,7963
2023-01-05,rail_tebrau,rail,8405
2023-01-06,rail_tebrau,rail,9356
2023-01-07,rail_tebrau,rail,8126
2023-01-08,rail_tebrau,rail,6794
2023-01-09,rail_tebrau,rail,8226
2023-01-10,rail_tebrau,rail,8016
2023-01-11,rail_tebrau,rail,7877
2023-01-12,rail_tebrau,rail,8500
2023-01-13,rail_tebrau,rail,9285
2023-01-14,rail_tebrau,rail,8182
2023-01-15,rail_tebrau,rail,7106
2023-01-16,rail_tebrau,rail,8334
2023-01-17,rail_tebrau,rail,8792
2023-01-18,rail_tebrau,rail,9105
2023-01-19,rail_tebrau,rail,8371
2023-01-20,rail_tebrau,rail,7728
2023-01-21,rail_tebrau,rail,6462
2023-01-22,rail_tebrau,rail,8075
2023-01-23,rail_tebrau,rail,7758
2023-01-24,rail_tebrau,rail,7702
2023-01-25,rail_tebrau,rail,7779
2023-01-26,rail_tebrau,rail,8535
2023-01-27,rail_tebrau,rail,9772
2023-01-28,rail_tebrau,rail,8173
2023-01-29,rail_tebrau,rail,6678
2023-01-30,rail_tebrau,rail,7724
2023-01-31,rail_tebrau,rail,7080
2023-02-01,rail_tebrau,rail,6923
2023-02-02,rail_tebrau,rail,7580
2023-02-03,rail_tebrau,rail,9035
2023-02-04,rail_tebrau,rail,8004
2023-02-05,rail_tebrau,rail,6754
2023-02-06,rail_tebrau,rail,7887
2023-02-07,rail_tebrau,rail,7000
2023-02-08,rail_tebrau,rail,6868
2023-02-09,rail_tebrau,rail,7550
2023-02-10,rail_tebrau,rail,8920
2023-02-11,rail_tebrau,rail,7837
2023-02-12,rail_tebrau,rail,6716
2023-02-13,rail_tebrau,rail,7964
2023-02-14,rail_tebrau,rail,7369
2023-02-15,rail_tebrau,rail,7250
2023-02-16,rail_tebrau,rail,7953
2023-02-17,rail_tebrau,rail,9171
2023-02-18,rail_tebrau,rail,8128
2023-02-19,rail_tebrau,rail,6883
2023-02-20,rail_tebrau,rail,8143
2023-02-21,rail_tebrau,rail,7745
2023-02-22,rail_tebrau,rail,7585
2023-02-23,rail_tebrau,rail,8390
2023-02-24,rail_tebrau,rail,9253
2023-02-25,rail_tebrau,rail,8365
2023-02-26,rail_tebrau,rail,7093
2023-02-27,rail_tebrau,rail,8637
2023-02-28,rail_tebrau,rail,8421
2023-03-01,rail_tebrau,rail,8331
2023-03-02,rail_tebrau,rail,8693
2023-03-03,rail_tebrau,rail,9516
2023-03-04,rail_tebrau,rail,8630
2023-03-05,rail_tebrau,rail,7086
2023-03-06,rail_tebrau,rail,8374
2023-03-07,rail_tebrau,rail,8078
2023-03-08,rail_tebrau,rail,8189
2023-03-09,rail_tebrau,rail,8888
2023-03-10,rail_tebrau,rail,9534
2023-03-11,rail_tebrau,rail,9079
2023-03-12,rail_tebrau,rail,8288
2023-03-13,rail_tebrau,rail,9346
2023-03-14,rail_tebrau,rail,9455
2023-03-15,rail_tebrau,rail,9665
2023-03-16,rail_tebrau,rail,9805
2023-03-17,rail_tebrau,rail,10020
2023-03-18,rail_tebrau,rail,8888
2023-03-19,rail_tebrau,rail,7478
2023-03-20,rail_tebrau,rail,8489
2023-03-21,rail_tebrau,rail,8295
2023-03-22,rail_tebrau,rail,8229
2023-03-23,rail_tebrau,rail,9048
2023-03-24,rail_tebrau,rail,9286
2023-03-25,rail_tebrau,rail,8238
2023-03-26,rail_tebrau,rail,7047
2023-03-27,rail_tebrau,rail,8323
2023-03-28,rail_tebrau,rail,8009
2023-03-29,rail_tebrau,rail,8161
2023-03-30,rail_tebrau,rail,8769
2023-03-31,rail_tebrau,rail,9342
2023-04-01,rail_tebrau,rail,8349
2023-04-02,rail_tebrau,rail,6880
2023-04-03,rail_tebrau,rail,8356
2023-04-04,rail_tebrau,rail,8338
2023-04-05,rail_tebrau,rail,9204
2023-04-06,rail_tebrau,rail,9255
2023-04-07,rail_tebrau,rail,8409
2023-04-08,rail_tebrau,rail,8624
2023-04-09,rail_tebrau,rail,7636
2023-04-10,rail_tebrau,rail,8626
2023-04-11,rail_tebrau,rail,8421
2023-04-12,rail_tebrau,rail,8561
2023-04-13,rail_tebrau,rail,9075
2023-04-14,rail_tebrau,rail,9479
2023-04-15,rail_tebrau,rail,8542
2023-04-16,rail_tebrau,rail,7237
2023-04-17,rail_tebrau,rail,8624
2023-04-18,rail_tebrau,rail,8423
2023-04-19,rail_tebrau,rail,8931
2023-04-20,rail_tebrau,rail,9714
2023-04-21,rail_tebrau,rail,9649
2023-04-22,rail_tebrau,rail,8769
2023-04-23,rail_tebrau,rail,8031
2023-04-24,rail_tebrau,rail,8808
2023-04-25,rail_tebrau,rail,8730
2023-04-26,rail_tebrau,rail,8815
2023-04-27,rail_tebrau,rail,9591
2023-04-28,rail_tebrau,rail,9577
2023-04-29,rail_tebrau,rail,9068
2023-04-30,rail_tebrau,rail,8375
2023-05-01,rail_tebrau,rail,7965
2023-05-02,rail_tebrau,rail,8567
2023-05-03,rail_tebrau,rail,8542
2023-05-04,rail_tebrau,rail,8938
2023-05-05,rail_tebrau,rail,9516
2023-05-06,rail_tebrau,rail,8303
2023-05-07,rail_tebrau,rail,6785
2023-05-08,rail_tebrau,rail,8461
2023-05-09,rail_tebrau,rail,8123
2023-05-10,rail_tebrau,rail,8173
2023-05-11,rail_tebrau,rail,8588
2023-05-12,rail_tebrau,rail,9490
2023-05-13,rail_tebrau,rail,8852
2023-05-14,rail_tebrau,rail,7144
2023-05-15,rail_tebrau,rail,8482
2023-05-16,rail_tebrau,rail,8147
2023-05-17,rail_tebrau,rail,8181
2023-05-18,rail_tebrau,rail,8810
2023-05-19,rail_tebrau,rail,9451
2023-05-20,rail_tebrau,rail,8601
2023-05-21,rail_tebrau,rail,7125
2023-05-22,rail_tebrau,rail,8489
2023-05-23,rail_tebrau,rail,8215
2023-05-24,rail_tebrau,rail,8276
2023-05-25,rail_tebrau,rail,9047
2023-05-26,rail_tebrau,rail,9692
2023-05-27,rail_tebrau,rail,8824
2023-05-28,rail_tebrau,rail,7698
2023-05-29,rail_tebrau,rail,9078
2023-05-30,rail_tebrau,rail,9205
2023-05-31,rail_tebrau,rail,9501
2023-06-01,rail_tebrau,rail,9582
2023-06-02,rail_tebrau,rail,8779
2023-06-03,rail_tebrau,rail,9028
2023-06-04,rail_tebrau,rail,8535
2023-06-05,rail_tebrau,rail,9032
2023-06-06,rail_tebrau,rail,9073
2023-06-07,rail_tebrau,rail,9041
2023-06-08,rail_tebrau,rail,9614
2023-06-09,rail_tebrau,rail,9723
2023-06-10,rail_tebrau,rail,8952
2023-06-11,rail_tebrau,rail,7710
2023-06-12,rail_tebrau,rail,8973
2023-06-13,rail_tebrau,rail,9177
2023-06-14,rail_tebrau,rail,9436
2023-06-15,rail_tebrau,rail,9665
2023-06-16,rail_tebrau,rail,9923
2023-06-17,rail_tebrau,rail,8983
2023-06-18,rail_tebrau,rail,8086
2023-06-19,rail_tebrau,rail,9073
2023-06-20,rail_tebrau,rail,9144
2023-06-21,rail_tebrau,rail,9148
2023-06-22,rail_tebrau,rail,9645
2023-06-23,rail_tebrau,rail,9832
2023-06-24,rail_tebrau,rail,8785
2023-06-25,rail_tebrau,rail,7454
2023-06-26,rail_tebrau,rail,8898
2023-06-27,rail_tebrau,rail,9418
2023-06-28,rail_tebrau,rail,9762
2023-06-29,rail_tebrau,rail,8855
2023-06-30,rail_tebrau,rail,9836
2023-07-01,rail_tebrau,rail,9026
2023-07-02,rail_tebrau,rail,7636
2023-07-03,rail_tebrau,rail,8639
2023-07-04,rail_tebrau,rail,8490
2023-07-05,rail_tebrau,rail,8580
2023-07-06,rail_tebrau,rail,9015
2023-07-07,rail_tebrau,rail,9510
2023-07-08,rail_tebrau,rail,8778
2023-07-09,rail_tebrau,rail,7350
2023-07-10,rail_tebrau,rail,8699
2023-07-11,rail_tebrau,rail,8349
2023-07-12,rail_tebrau,rail,8516
2023-07-13,rail_tebrau,rail,8854
2023-07-14,rail_tebrau,rail,9659
2023-07-15,rail_tebrau,rail,8531
2023-07-16,rail_tebrau,rail,7350
2023-07-17,rail_tebrau,rail,8764
2023-07-18,rail_tebrau,rail,8616
2023-07-19,rail_tebrau,rail,9027
2023-07-20,rail_tebrau,rail,9175
2023-07-21,rail_tebrau,rail,9547
2023-07-22,rail_tebrau,rail,8738
2023-07-23,rail_tebrau,rail,7314
2023-07-24,rail_tebrau,rail,8755
2023-07-25,rail_tebrau,rail,8720
2023-07-26,rail_tebrau,rail,9001
2023-07-27,rail_tebrau,rail,9214
2023-07-28,rail_tebrau,rail,9653
2023-07-29,rail_tebrau,rail,8860
2023-07-30,rail_tebrau,rail,7418
2023-07-31,rail_tebrau,rail,8717
2023-08-01,rail_tebrau,rail,8627
2023-08-02,rail_tebrau,rail,8763
2023-08-03,rail_tebrau,rail,9214
2023-08-04,rail_tebrau,rail,9575
2023-08-05,rail_tebrau,rail,8760
2023-08-06,rail_tebrau,rail,7481
2023-08-07,rail_tebrau,rail,9074
2023-08-08,rail_tebrau,rail,9582
2023-08-09,rail_tebrau,rail,7782
2023-08-10,rail_tebrau,rail,9420
2023-08-11,rail_tebrau,rail,9632
2023-08-12,rail_tebrau,rail,8580
2023-08-13,rail_tebrau,rail,7217
2023-08-14,rail_tebrau,rail,8773
2023-08-15,rail_tebrau,rail,8518
2023-08-16,rail_tebrau,rail,8627
2023-08-17,rail_tebrau,rail,9055
2023-08-18,rail_tebrau,rail,9443
2023-08-19,rail_tebrau,rail,8602
2023-08-20,rail_tebrau,rail,7132
2023-08-21,rail_tebrau,rail,8592
2023-08-22,rail_tebrau,rail,8158
2023-08-23,rail_tebrau,rail,8546
2023-08-24,rail_tebrau,rail,8886
2023-08-25,rail_tebrau,rail,9523
2023-08-26,rail_tebrau,rail,8620
2023-08-27,rail_tebrau,rail,7264
2023-08-28,rail_tebrau,rail,8764
2023-08-29,rail_tebrau,rail,8706
2023-08-30,rail_tebrau,rail,9233
2023-08-31,rail_tebrau,rail,9726
2023-09-01,rail_tebrau,rail,9170
2023-09-02,rail_tebrau,rail,9132
2023-09-03,rail_tebrau,rail,8168
2023-09-04,rail_tebrau,rail,9195
2023-09-05,rail_tebrau,rail,9295
2023-09-06,rail_tebrau,rail,9522
2023-09-07,rail_tebrau,rail,9690
2023-09-08,rail_tebrau,rail,9836
2023-09-09,rail_tebrau,rail,8904
2023-09-10,rail_tebrau,rail,7607
2023-09-11,rail_tebrau,rail,8598
2023-09-12,rail_tebrau,rail,8479
2023-09-13,rail_tebrau,rail,8463
2023-09-14,rail_tebrau,rail,9011
2023-09-15,rail_tebrau,rail,9575
2023-09-16,rail_tebrau,rail,8912
2023-09-17,rail_tebrau,rail,7321
2023-09-18,rail_tebrau,rail,8705
2023-09-19,rail_tebrau,rail,8342
2023-09-20,rail_tebrau,rail,8490
2023-09-21,rail_tebrau,rail,8785
2023-09-22,rail_tebrau,rail,9405
2023-09-23,rail_tebrau,rail,8267
2023-09-24,rail_tebrau,rail,7088
2023-09-25,rail_tebrau,rail,8686
2023-09-26,rail_tebrau,rail,8264
2023-09-27,rail_tebrau,rail,8581
2023-09-28,rail_tebrau,rail,9621
2023-09-29,rail_tebrau,rail,9543
2023-09-30,rail_tebrau,rail,8718
2023-10-01,rail_tebrau,rail,7266
2023-10-02,rail_tebrau,rail,8580
2023-10-03,rail_tebrau,rail,8281
2023-10-04,rail_tebrau,rail,8316
2023-10-05,rail_tebrau,rail,9213
2023-10-06,rail_tebrau,rail,9492
2023-10-07,rail_tebrau,rail,8436
2023-10-08,rail_tebrau,rail,7016
2023-10-09,rail_tebrau,rail,8513
2023-10-10,rail_tebrau,rail,8241
2023-10-11,rail_tebrau,rail,8188
2023-10-12,rail_tebrau,rail,8788
2023-10-13,rail_tebrau,rail,9320
2023-10-14,rail_tebrau,rail,8215
2023-10-15,rail_tebrau,rail,7225
2023-10-16,rail_tebrau,rail,8665
2023-10-17,rail_tebrau,rail,8301
2023-10-18,rail_tebrau,rail,8357
2023-10-19,rail_tebrau,rail,8712
2023-10-20,rail_tebrau,rail,9332
2023-10-21,rail_tebrau,rail,8275
2023-10-22,rail_tebrau,rail,6880
2023-10-23,rail_tebrau,rail,8388
2023-10-24,rail_tebrau,rail,7900
2023-10-25,rail_tebrau,rail,8075
2023-10-26,rail_tebrau,rail,8565
2023-10-27,rail_tebrau,rail,9343
2023-10-28,rail_tebrau,rail,8263
2023-10-29,rail_tebrau,rail,7165
2023-10-30,rail_tebrau,rail,8472
2023-10-31,rail_tebrau,rail,8113
2023-11-01,rail_tebrau,rail,8250
2023-11-02,rail_tebrau,rail,8519
2023-11-03,rail_tebrau,rail,9371
2023-11-04,rail_tebrau,rail,8379
2023-11-05,rail_tebrau,rail,7178
2023-11-06,rail_tebrau,rail,8553
2023-11-07,rail_tebrau,rail,8375
2023-11-08,rail_tebrau,rail,8472
2023-11-09,rail_tebrau,rail,9505
2023-11-10,rail_tebrau,rail,9469
2023-11-11,rail_tebrau,rail,8907
2023-11-12,rail_tebrau,rail,8431
2023-11-13,rail_tebrau,rail,8072
2023-11-14,rail_tebrau,rail,8473
2023-11-15,rail_tebrau,rail,8518
2023-11-16,rail_tebrau,rail,9117
2023-11-17,rail_tebrau,rail,9278
2023-11-18,rail_tebrau,rail,8495
2023-11-19,rail_tebrau,rail,7212
2023-11-20,rail_tebrau,rail,8895
2023-11-21,rail_tebrau,rail,8479
2023-11-22,rail_tebrau,rail,8733
2023-11-23,rail_tebrau,rail,9199
2023-11-24,rail_tebrau,rail,9638
2023-11-25,rail_tebrau,rail,8656
2023-11-26,rail_tebrau,rail,7456
2023-11-27,rail_tebrau,rail,8813
2023-11-28,rail_tebrau,rail,8656
2023-11-29,rail_tebrau,rail,8859
2023-11-30,rail_tebrau,rail,9546
2023-12-01,rail_tebrau,rail,9695
2023-12-02,rail_tebrau,rail,8704
2023-12-03,rail_tebrau,rail,7653
2023-12-04,rail_tebrau,rail,8980
2023-12-05,rail_tebrau,rail,8980
2023-12-06,rail_tebrau,rail,9515
2023-12-07,rail_tebrau,rail,9597
2023-12-08,rail_tebrau,rail,9810
2023-12-09,rail_tebrau,rail,9010
2023-12-10,rail_tebrau,rail,7991
2023-12-11,rail_tebrau,rail,9253
2023-12-12,rail_tebrau,rail,9299
2023-12-13,rail_tebrau,rail,9417
2023-12-14,rail_tebrau,rail,9857
2023-12-15,rail_tebrau,rail,9975
2023-12-16,rail_tebrau,rail,9151
2023-12-17,rail_tebrau,rail,8603
2023-12-18,rail_tebrau,rail,9569
2023-12-19,rail_tebrau,rail,9663
2023-12-20,rail_tebrau,rail,9850
2023-12-21,rail_tebrau,rail,9994
2023-12-22,rail_tebrau,rail,9991
2023-12-23,rail_tebrau,rail,9564
2023-12-24,rail_tebrau,rail,9405
2023-12-25,rail_tebrau,rail,9530
2023-12-26,rail_tebrau,rail,9658
2023-12-27,rail_tebrau,rail,9806
2023-12-28,rail_tebrau,rail,9998
2023-12-29,rail_tebrau,rail,9974
2023-12-30,rail_tebrau,rail,9384
2023-12-31,rail_tebrau,rail,8475
2024-01-01,rail_tebrau,rail,7848
2024-01-02,rail_tebrau,rail,8753
2024-01-03,rail_tebrau,rail,8792
2024-01-04,rail_tebrau,rail,8935
2024-01-05,rail_tebrau,rail,9436
2024-01-06,rail_tebrau,rail,8505
2024-01-07,rail_tebrau,rail,7178
2024-01-08,rail_tebrau,rail,8560
2024-01-09,rail_tebrau,rail,8451
2024-01-10,rail_tebrau,rail,8472
2024-01-11,rail_tebrau,rail,8875
2024-01-12,rail_tebrau,rail,9401
2024-01-13,rail_tebrau,rail,8772
2024-01-14,rail_tebrau,rail,7174
2024-01-15,rail_tebrau,rail,8578
2024-01-16,rail_tebrau,rail,8399
2024-01-17,rail_tebrau,rail,8367
2024-01-18,rail_tebrau,rail,8941
2024-01-19,rail_tebrau,rail,9496
2024-01-20,rail_tebrau,rail,9061
2024-01-21,rail_tebrau,rail,7340
2024-01-22,rail_tebrau,rail,8792
2024-01-23,rail_tebrau,rail,8893
2024-01-24,rail_tebrau,rail,9262
2024-01-25,rail_tebrau,rail,9811
2024-01-26,rail_tebrau,rail,9975
2024-01-27,rail_tebrau,rail,9172
2024-01-28,rail_tebrau,rail,7777
2024-01-29,rail_tebrau,rail,8852
2024-01-30,rail_tebrau,rail,8860
2024-01-31,rail_tebrau,rail,9257
2024-02-01,rail_tebrau,rail,9630
2024-02-02,rail_tebrau,rail,9621
2024-02-03,rail_tebrau,rail,8785
2024-02-04,rail_tebrau,rail,7467
2024-02-05,rail_tebrau,rail,8568
2024-02-06,rail_tebrau,rail,9704
2024-02-07,rail_tebrau,rail,9454
2024-02-08,rail_tebrau,rail,8002
2024-02-09,rail_tebrau,rail,7576
2024-02-10,rail_tebrau,rail,8108
2024-02-11,rail_tebrau,rail,7776
2024-02-12,rail_tebrau,rail,8435
2024-02-13,rail_tebrau,rail,8343
2024-02-14,rail_tebrau,rail,7750
2024-02-15,rail_tebrau,rail,9113
2024-02-16,rail_tebrau,rail,9924
2024-02-17,rail_tebrau,rail,8645
2024-02-18,rail_tebrau,rail,7234
2024-02-19,rail_tebrau,rail,8037
2024-02-20,rail_tebrau,rail,8468
2024-02-21,rail_tebrau,rail,8410
2024-02-22,rail_tebrau,rail,8448
2024-02-23,rail_tebrau,rail,9720
2024-02-24,rail_tebrau,rail,8868
2024-02-25,rail_tebrau,rail,7629
2024-02-26,rail_tebrau,rail,8382
2024-02-27,rail_tebrau,rail,8806
2024-02-28,rail_tebrau,rail,8986
2024-02-29,rail_tebrau,rail,8899
2024-03-01,rail_tebrau,rail,9868
2024-03-02,rail_tebrau,rail,9515
2024-03-03,rail_tebrau,rail,8295
2024-03-04,rail_tebrau,rail,8595
2024-03-05,rail_tebrau,rail,9323
2024-03-06,rail_tebrau,rail,9104
2024-03-07,rail_tebrau,rail,9318
2024-03-08,rail_tebrau,rail,9988
2024-03-09,rail_tebrau,rail,9395
2024-03-10,rail_tebrau,rail,8432
2024-03-11,rail_tebrau,rail,8715
2024-03-12,rail_tebrau,rail,9503
2024-03-13,rail_tebrau,rail,9622
2024-03-14,rail_tebrau,rail,9187
2024-03-15,rail_tebrau,rail,9352
2024-03-16,rail_tebrau,rail,8170
2024-03-17,rail_tebrau,rail,7349
2024-03-18,rail_tebrau,rail,8271
2024-03-19,rail_tebrau,rail,8607
2024-03-20,rail_tebrau,rail,8755
2024-03-21,rail_tebrau,rail,8624
2024-03-22,rail_tebrau,rail,9472
2024-03-23,rail_tebrau,rail,8587
2024-03-24,rail_tebrau,rail,7253
2024-03-25,rail_tebrau,rail,8421
2024-03-26,rail_tebrau,rail,8960
2024-03-27,rail_tebrau,rail,9630
2024-03-28,rail_tebrau,rail,9120
2024-03-29,rail_tebrau,rail,8334
2024-03-30,rail_tebrau,rail,8654
2024-03-31,rail_tebrau,rail,7900
2024-04-01,rail_tebrau,rail,8296
2024-04-02,rail_tebrau,rail,8830
2024-04-03,rail_tebrau,rail,9080
2024-04-04,rail_tebrau,rail,8791
2024-04-05,rail_tebrau,rail,9860
2024-04-06,rail_tebrau,rail,8794
2024-04-07,rail_tebrau,rail,7583
2024-04-08,rail_tebrau,rail,8763
2024-04-09,rail_tebrau,rail,9945
2024-04-10,rail_tebrau,rail,8327
2024-04-11,rail_tebrau,rail,9065
2024-04-12,rail_tebrau,rail,9784
2024-04-13,rail_tebrau,rail,8899
2024-04-14,rail_tebrau,rail,7191
2024-04-15,rail_tebrau,rail,8122
2024-04-16,rail_tebrau,rail,8130
2024-04-17,rail_tebrau,rail,8345
2024-04-18,rail_tebrau,rail,8328
2024-04-19,rail_tebrau,rail,9434
2024-04-20,rail_tebrau,rail,8495
2024-04-21,rail_tebrau,rail,7091
2024-04-22,rail_tebrau,rail,8111
2024-04-23,rail_tebrau,rail,8151
2024-04-24,rail_tebrau,rail,8331
2024-04-25,rail_tebrau,rail,8434
2024-04-26,rail_tebrau,rail,9461
2024-04-27,rail_tebrau,rail,8494
2024-04-28,rail_tebrau,rail,7062
2024-04-29,rail_tebrau,rail,8322
2024-04-30,rail_tebrau,rail,9759
2024-05-01,rail_tebrau,rail,7467
2024-05-02,rail_tebrau,rail,8455
2024-05-03,rail_tebrau,rail,9541
2024-05-04,rail_tebrau,rail,8310
2024-05-05,rail_tebrau,rail,7018
2024-05-06,rail_tebrau,rail,8111
2024-05-07,rail_tebrau,rail,8269
2024-05-08,rail_tebrau,rail,8288
2024-05-09,rail_tebrau,rail,8746
2024-05-10,rail_tebrau,rail,9354
2024-05-11,rail_tebrau,rail,8468
2024-05-12,rail_tebrau,rail,6936
2024-05-13,rail_tebrau,rail,8193
2024-05-14,rail_tebrau,rail,8342
2024-05-15,rail_tebrau,rail,8242
2024-05-16,rail_tebrau,rail,8180
2024-05-17,rail_tebrau,rail,9341
2024-05-18,rail_tebrau,rail,8328
2024-05-19,rail_tebrau,rail,7108
2024-05-20,rail_tebrau,rail,8800
2024-05-21,rail_tebrau,rail,9860
2024-05-22,rail_tebrau,rail,7748
2024-05-23,rail_tebrau,rail,9536
2024-05-24,rail_tebrau,rail,9789
2024-05-25,rail_tebrau,rail,8908
2024-05-26,rail_tebrau,rail,7567
2024-05-27,rail_tebrau,rail,8927
2024-05-28,rail_tebrau,rail,8931
2024-05-29,rail_tebrau,rail,8955
2024-05-30,rail_tebrau,rail,9645
2024-05-31,rail_tebrau,rail,9669
2024-06-01,rail_tebrau,rail,9067
2024-06-02,rail_tebrau,rail,7741
2024-06-03,rail_tebrau,rail,9305
2024-06-04,rail_tebrau,rail,8881
2024-06-05,rail_tebrau,rail,8928
2024-06-06,rail_tebrau,rail,9558
2024-06-07,rail_tebrau,rail,9672
2024-06-08,rail_tebrau,rail,8832
2024-06-09,rail_tebrau,rail,7618
2024-06-10,rail_tebrau,rail,9017
2024-06-11,rail_tebrau,rail,9108
2024-06-12,rail_tebrau,rail,9403
2024-06-13,rail_tebrau,rail,9863
2024-06-14,rail_tebrau,rail,9818
2024-06-15,rail_tebrau,rail,9246
2024-06-16,rail_tebrau,rail,8138
2024-06-17,rail_tebrau,rail,8060
2024-06-18,rail_tebrau,rail,8967
2024-06-19,rail_tebrau,rail,9117
2024-06-20,rail_tebrau,rail,9584
2024-06-21,rail_tebrau,rail,9833
2024-06-22,rail_tebrau,rail,8595
2024-06-23,rail_tebrau,rail,7054
2024-06-24,rail_tebrau,rail,8683
2024-06-25,rail_tebrau,rail,8402
2024-06-26,rail_tebrau,rail,8571
2024-06-27,rail_tebrau,rail,8883
2024-06-28,rail_tebrau,rail,9568
2024-06-29,rail_tebrau,rail,8921
2024-06-30,rail_tebrau,rail,7486
2024-07-01,rail_tebrau,rail,8580
2024-07-02,rail_tebrau,rail,8337
2024-07-03,rail_tebrau,rail,8399
2024-07-04,rail_tebrau,rail,8861
2024-07-05,rail_tebrau,rail,9544
2024-07-06,rail_tebrau,rail,8930
2024-07-07,rail_tebrau,rail,7629
2024-07-08,rail_tebrau,rail,8735
2024-07-09,rail_tebrau,rail,8106
2024-07-10,rail_tebrau,rail,8469
2024-07-11,rail_tebrau,rail,8837
2024-07-12,rail_tebrau,rail,9565
2024-07-13,rail_tebrau,rail,8567
2024-07-14,rail_tebrau,rail,7051
2024-07-15,rail_tebrau,rail,8471
2024-07-16,rail_tebrau,rail,7978
2024-07-17,rail_tebrau,rail,8369
2024-07-18,rail_tebrau,rail,8849
2024-07-19,rail_tebrau,rail,9097
2024-07-20,rail_tebrau,rail,8760
2024-07-21,rail_tebrau,rail,6949
2024-07-22,rail_tebrau,rail,8115
2024-07-23,rail_tebrau,rail,8128
2024-07-24,rail_tebrau,rail,8302
2024-07-25,rail_tebrau,rail,8434
2024-07-26,rail_tebrau,rail,9440
2024-07-27,rail_tebrau,rail,8834
2024-07-28,rail_tebrau,rail,7180
2024-07-29,rail_tebrau,rail,8202
2024-07-30,rail_tebrau,rail,8421
2024-07-31,rail_tebrau,rail,8425
2024-08-01,rail_tebrau,rail,8219
2024-08-02,rail_tebrau,rail,9482
2024-08-03,rail_tebrau,rail,8480
2024-08-04,rail_tebrau,rail,6836
2024-08-05,rail_tebrau,rail,8077
2024-08-06,rail_tebrau,rail,8265
2024-08-07,rail_tebrau,rail,9196
2024-08-08,rail_tebrau,rail,8722
2024-08-09,rail_tebrau,rail,8146
2024-08-10,rail_tebrau,rail,8238
2024-08-11,rail_tebrau,rail,7362
2024-08-12,rail_tebrau,rail,8273
2024-08-13,rail_tebrau,rail,8383
2024-08-14,rail_tebrau,rail,8336
2024-08-15,rail_tebrau,rail,8096
2024-08-16,rail_tebrau,rail,9429
2024-08-17,rail_tebrau,rail,8187
2024-08-18,rail_tebrau,rail,6745
2024-08-19,rail_tebrau,rail,8267
2024-08-20,rail_tebrau,rail,8043
2024-08-21,rail_tebrau,rail,7915
2024-08-22,rail_tebrau,rail,8605
2024-08-23,rail_tebrau,rail,9393
2024-08-24,rail_tebrau,rail,8130
2024-08-25,rail_tebrau,rail,6797
2024-08-26,rail_tebrau,rail,8379
2024-08-27,rail_tebrau,rail,7915
2024-08-28,rail_tebrau,rail,8330
2024-08-29,rail_tebrau,rail,9358
2024-08-30,rail_tebrau,rail,9453
2024-08-31,rail_tebrau,rail,8794
2024-09-01,rail_tebrau,rail,7641
2024-09-02,rail_tebrau,rail,8537
2024-09-03,rail_tebrau,rail,9025
2024-09-04,rail_tebrau,rail,9165
2024-09-05,rail_tebrau,rail,8929
2024-09-06,rail_tebrau,rail,9702
2024-09-07,rail_tebrau,rail,8303
2024-09-08,rail_tebrau,rail,7000
2024-09-09,rail_tebrau,rail,8127
2024-09-10,rail_tebrau,rail,8042
2024-09-11,rail_tebrau,rail,8154
2024-09-12,rail_tebrau,rail,8384
2024-09-13,rail_tebrau,rail,9517
2024-09-14,rail_tebrau,rail,8556
2024-09-15,rail_tebrau,rail,7579
2024-09-16,rail_tebrau,rail,8546
2024-09-17,rail_tebrau,rail,8896
2024-09-18,rail_tebrau,rail,8402
2024-09-19,rail_tebrau,rail,8458
2024-09-20,rail_tebrau,rail,9358
2024-09-21,rail_tebrau,rail,8132
2024-09-22,rail_tebrau,rail,6702
2024-09-23,rail_tebrau,rail,8057
2024-09-24,rail_tebrau,rail,7918
2024-09-25,rail_tebrau,rail,8078
2024-09-26,rail_tebrau,rail,8076
2024-09-27,rail_tebrau,rail,9363
2024-09-28,rail_tebrau,rail,8409
2024-09-29,rail_tebrau,rail,6825
2024-09-30,rail_tebrau,rail,8103
2024-10-01,rail_tebrau,rail,7952
2024-10-02,rail_tebrau,rail,8145
2024-10-03,rail_tebrau,rail,8672
2024-10-04,rail_tebrau,rail,9423
2024-10-05,rail_tebrau,rail,8256
2024-10-06,rail_tebrau,rail,6798
2024-10-07,rail_tebrau,rail,7954
2024-10-08,rail_tebrau,rail,7891
2024-10-09,rail_tebrau,rail,7759
2024-10-10,rail_tebrau,rail,7888
2024-10-11,rail_tebrau,rail,9401
2024-10-12,rail_tebrau,rail,8040
2024-10-13,rail_tebrau,rail,6964
2024-10-14,rail_tebrau,rail,8095
2024-10-15,rail_tebrau,rail,8057
2024-10-16,rail_tebrau,rail,7959
2024-10-17,rail_tebrau,rail,7703
2024-10-18,rail_tebrau,rail,9184
2024-10-19,rail_tebrau,rail,7739
2024-10-20,rail_tebrau,rail,6481
2024-10-21,rail_tebrau,rail,7830
2024-10-22,rail_tebrau,rail,7516
2024-10-23,rail_tebrau,rail,7583
2024-10-24,rail_tebrau,rail,8204
2024-10-25,rail_tebrau,rail,8813
2024-10-26,rail_tebrau,rail,7828
2024-10-27,rail_tebrau,rail,6624
2024-10-28,rail_tebrau,rail,8115
2024-10-29,rail_tebrau,rail,8520
2024-10-30,rail_tebrau,rail,9319
2024-10-31,rail_tebrau,rail,7700
2024-11-01,rail_tebrau,rail,9600
2024-11-02,rail_tebrau,rail,8127
2024-11-03,rail_tebrau,rail,6784
2024-11-04,rail_tebrau,rail,8016
2024-11-05,rail_tebrau,rail,7664
2024-11-06,rail_tebrau,rail,7751
2024-11-07,rail_tebrau,rail,7814
2024-11-08,rail_tebrau,rail,9199
2024-11-09,rail_tebrau,rail,7917
2024-11-10,rail_tebrau,rail,6624
2024-11-11,rail_tebrau,rail,7627
2024-11-12,rail_tebrau,rail,7835
2024-11-13,rail_tebrau,rail,7782
2024-11-14,rail_tebrau,rail,8048
2024-11-15,rail_tebrau,rail,9257
2024-11-16,rail_tebrau,rail,7911
2024-11-17,rail_tebrau,rail,6966
2024-11-18,rail_tebrau,rail,8139
2024-11-19,rail_tebrau,rail,8233
2024-11-20,rail_tebrau,rail,8094
2024-11-21,rail_tebrau,rail,8211
2024-11-22,rail_tebrau,rail,8815
2024-11-23,rail_tebrau,rail,7789
2024-11-24,rail_tebrau,rail,6813
2024-11-25,rail_tebrau,rail,8259
2024-11-26,rail_tebrau,rail,8380
2024-11-27,rail_tebrau,rail,8508
2024-11-28,rail_tebrau,rail,8442
2024-11-29,rail_tebrau,rail,9351
2024-11-30,rail_tebrau,rail,8296
2024-12-01,rail_tebrau,rail,7102
2024-12-02,rail_tebrau,rail,8255
2024-12-03,rail_tebrau,rail,8401
2024-12-04,rail_tebrau,rail,8434
2024-12-05,rail_tebrau,rail,8579
2024-12-06,rail_tebrau,rail,9455
2024-12-07,rail_tebrau,rail,8320
2024-12-08,rail_tebrau,rail,7395
2024-12-09,rail_tebrau,rail,8500
2024-12-10,rail_tebrau,rail,8715
2024-12-11,rail_tebrau,rail,8814
2024-12-12,rail_tebrau,rail,8866
2024-12-13,rail_tebrau,rail,9514
2024-12-14,rail_tebrau,rail,8445
2024-12-15,rail_tebrau,rail,7287
2024-12-16,rail_tebrau,rail,9070
2024-12-17,rail_tebrau,rail,9046
2024-12-18,rail_tebrau,rail,9412
2024-12-19,rail_tebrau,rail,9689
2024-12-20,rail_tebrau,rail,9761
2024-12-21,rail_tebrau,rail,8863
2024-12-22,rail_tebrau,rail,8189
2024-12-23,rail_tebrau,rail,9172
2024-12-24,rail_tebrau,rail,9975
2024-12-25,rail_tebrau,rail,8769
2024-12-26,rail_tebrau,rail,9182
2024-12-27,rail_tebrau,rail,9865
2024-12-28,rail_tebrau,rail,8910
2024-12-29,rail_tebrau,rail,7616
2024-12-30,rail_tebrau,rail,9543
2024-12-31,rail_tebrau,rail,9670
2025-01-01,rail_tebrau,rail,6419
2025-01-02,rail_tebrau,rail,9024
2025-01-03,rail_tebrau,rail,9374
2025-01-04,rail_tebrau,rail,7922
2025-01-05,rail_tebrau,rail,6651
2025-01-06,rail_tebrau,rail,8067
2025-01-07,rail_tebrau,rail,7915
2025-01-08,rail_tebrau,rail,8099
2025-01-09,rail_tebrau,rail,7966
2025-01-10,rail_tebrau,rail,9164
2025-01-11,rail_tebrau,rail,8259
2025-01-12,rail_tebrau,rail,6865
2025-01-13,rail_tebrau,rail,8210
2025-01-14,rail_tebrau,rail,7956
2025-01-15,rail_tebrau,rail,8090
2025-01-16,rail_tebrau,rail,8112
2025-01-17,rail_tebrau,rail,9238
2025-01-18,rail_tebrau,rail,8142
2025-01-19,rail_tebrau,rail,7057
2025-01-20,rail_tebrau,rail,8157
2025-01-21,rail_tebrau,rail,8400
2025-01-22,rail_tebrau,rail,8585
2025-01-23,rail_tebrau,rail,8887
2025-01-24,rail_tebrau,rail,9250
2025-01-25,rail_tebrau,rail,8974
2025-01-26,rail_tebrau,rail,8721
2025-01-27,rail_tebrau,rail,8732
2025-01-28,rail_tebrau,rail,7094
2025-01-29,rail_tebrau,rail,8073
2025-01-30,rail_tebrau,rail,7513
2025-01-31,rail_tebrau,rail,9565
2025-02-01,rail_tebrau,rail,8071
2025-02-02,rail_tebrau,rail,6770
2025-02-03,rail_tebrau,rail,7494
2025-02-04,rail_tebrau,rail,7892
2025-02-05,rail_tebrau,rail,7625
2025-02-06,rail_tebrau,rail,7556
2025-02-07,rail_tebrau,rail,9255
2025-02-08,rail_tebrau,rail,8377
2025-02-09,rail_tebrau,rail,6803
2025-02-10,rail_tebrau,rail,7954
2025-02-11,rail_tebrau,rail,7676
2025-02-12,rail_tebrau,rail,7430
2025-02-13,rail_tebrau,rail,7681
2025-02-14,rail_tebrau,rail,9145
2025-02-15,rail_tebrau,rail,8164
2025-02-16,rail_tebrau,rail,6724
2025-02-17,rail_tebrau,rail,7754
2025-02-18,rail_tebrau,rail,7667
2025-02-19,rail_tebrau,rail,7834
2025-02-20,rail_tebrau,rail,7622
2025-02-21,rail_tebrau,rail,9250
2025-02-22,rail_tebrau,rail,7936
2025-02-23,rail_tebrau,rail,6853
2025-02-24,rail_tebrau,rail,8004
2025-02-25,rail_tebrau,rail,7823
2025-02-26,rail_tebrau,rail,7864
2025-02-27,rail_tebrau,rail,7874
2025-02-28,rail_tebrau,rail,9311
2025-03-01,rail_tebrau,rail,7529
2025-03-02,rail_tebrau,rail,6004
2025-03-03,rail_tebrau,rail,7334
2025-03-04,rail_tebrau,rail,7066
2025-03-05,rail_tebrau,rail,7122
2025-03-06,rail_tebrau,rail,7377
2025-03-07,rail_tebrau,rail,9053
2025-03-08,rail_tebrau,rail,7350
2025-03-09,rail_tebrau,rail,6468
2025-03-10,rail_tebrau,rail,7658
2025-03-11,rail_tebrau,rail,7445
2025-03-12,rail_tebrau,rail,7520
2025-03-13,rail_tebrau,rail,7876
2025-03-14,rail_tebrau,rail,9063
2025-03-15,rail_tebrau,rail,7796
2025-03-16,rail_tebrau,rail,7362
2025-03-17,rail_tebrau,rail,8520
2025-03-18,rail_tebrau,rail,9022
2025-03-19,rail_tebrau,rail,9552
2025-03-20,rail_tebrau,rail,9146
2025-03-21,rail_tebrau,rail,9699
2025-03-22,rail_tebrau,rail,8058
2025-03-23,rail_tebrau,rail,6879
2025-03-24,rail_tebrau,rail,8239
2025-03-25,rail_tebrau,rail,8179
2025-03-26,rail_tebrau,rail,8339
2025-03-27,rail_tebrau,rail,8512
2025-03-28,rail_tebrau,rail,9243
2025-03-29,rail_tebrau,rail,8184
2025-03-30,rail_tebrau,rail,7387
2025-03-31,rail_tebrau,rail,6637
2025-04-01,rail_tebrau,rail,8389
2025-04-02,rail_tebrau,rail,8246
2025-04-03,rail_tebrau,rail,7901
2025-04-04,rail_tebrau,rail,9165
2025-04-05,rail_tebrau,rail,7700
2025-04-06,rail_tebrau,rail,6382
2025-04-07,rail_tebrau,rail,7452
2025-04-08,rail_tebrau,rail,7212
2025-04-09,rail_tebrau,rail,7606
2025-04-10,rail_tebrau,rail,7564
2025-04-11,rail_tebrau,rail,9236
2025-04-12,rail_tebrau,rail,7757
2025-04-13,rail_tebrau,rail,6565
2025-04-14,rail_tebrau,rail,7566
2025-04-15,rail_tebrau,rail,7730
2025-04-16,rail_tebrau,rail,8069
2025-04-17,rail_tebrau,rail,8522
2025-04-18,rail_tebrau,rail,7852
2025-04-19,rail_tebrau,rail,7934
2025-04-20,rail_tebrau,rail,6483
2025-04-21,rail_tebrau,rail,7802
2025-04-22,rail_tebrau,rail,7452
2025-04-23,rail_tebrau,rail,7464
2025-04-24,rail_tebrau,rail,7508
2025-04-25,rail_tebrau,rail,9247
2025-04-26,rail_tebrau,rail,7867
2025-04-27,rail_tebrau,rail,6583
2025-04-28,rail_tebrau,rail,7796
2025-04-29,rail_tebrau,rail,7873
2025-04-30,rail_tebrau,rail,9209
2025-05-01,rail_tebrau,rail,6980
2025-05-02,rail_tebrau,rail,9727
2025-05-03,rail_tebrau,rail,8485
2025-05-04,rail_tebrau,rail,7150
2025-05-05,rail_tebrau,rail,8131
2025-05-06,rail_tebrau,rail,7816
2025-05-07,rail_tebrau,rail,7895
2025-05-08,rail_tebrau,rail,8093
2025-05-09,rail_tebrau,rail,9223
2025-05-10,rail_tebrau,rail,8426
2025-05-11,rail_tebrau,rail,7967
2025-05-12,rail_tebrau,rail,6864
2025-05-13,rail_tebrau,rail,8069
2025-05-14,rail_tebrau,rail,7689
2025-05-15,rail_tebrau,rail,7882
2025-05-16,rail_tebrau,rail,9192
2025-05-17,rail_tebrau,rail,7881
2025-05-18,rail_tebrau,rail,6468
2025-05-19,rail_tebrau,rail,7904
2025-05-20,rail_tebrau,rail,7642
2025-05-21,rail_tebrau,rail,7693
2025-05-22,rail_tebrau,rail,7773
2025-05-23,rail_tebrau,rail,9300
2025-05-24,rail_tebrau,rail,7913
2025-05-25,rail_tebrau,rail,6624
2025-05-26,rail_tebrau,rail,7982
2025-05-27,rail_tebrau,rail,7765
2025-05-28,rail_tebrau,rail,7868
2025-05-29,rail_tebrau,rail,8734
2025-05-30,rail_tebrau,rail,9555
2025-05-31,rail_tebrau,rail,8643
2025-06-01,rail_tebrau,rail,7532
2025-06-02,rail_tebrau,rail,9278
2025-06-03,rail_tebrau,rail,8691
2025-06-04,rail_tebrau,rail,8879
2025-06-05,rail_tebrau,rail,9342
2025-06-06,rail_tebrau,rail,9368
2025-06-07,rail_tebrau,rail,7994
2025-06-08,rail_tebrau,rail,7315
2025-06-09,rail_tebrau,rail,8919
2025-06-10,rail_tebrau,rail,8744
2025-06-11,rail_tebrau,rail,8870
2025-06-12,rail_tebrau,rail,9204
2025-06-13,rail_tebrau,rail,9550
2025-06-14,rail_tebrau,rail,8285
2025-06-15,rail_tebrau,rail,7202
2025-06-16,rail_tebrau,rail,8989
2025-06-17,rail_tebrau,rail,8974
2025-06-18,rail_tebrau,rail,8840
2025-06-19,rail_tebrau,rail,9326
2025-06-20,rail_tebrau,rail,9622
2025-06-21,rail_tebrau,rail,8310
2025-06-22,rail_tebrau,rail,7239
2025-06-23,rail_tebrau,rail,8844
2025-06-24,rail_tebrau,rail,8677
2025-06-25,rail_tebrau,rail,8879
2025-06-26,rail_tebrau,rail,9360
2025-06-27,rail_tebrau,rail,9965
2025-06-28,rail_tebrau,rail,8771
2025-06-29,rail_tebrau,rail,6902
2025-06-30,rail_tebrau,rail,8374
2025-07-01,rail_tebrau,rail,8047
2025-07-02,rail_tebrau,rail,8098
2025-07-03,rail_tebrau,rail,8417
2025-07-04,rail_tebrau,rail,9343
2025-07-05,rail_tebrau,rail,8206
2025-07-06,rail_tebrau,rail,7133
2025-07-07,rail_tebrau,rail,8674
2025-07-08,rail_tebrau,rail,8163
2025-07-09,rail_tebrau,rail,7981
2025-07-10,rail_tebrau,rail,8652
2025-07-11,rail_tebrau,rail,9484
2025-07-12,rail_tebrau,rail,8234
2025-07-13,rail_tebrau,rail,6736
2025-07-14,rail_tebrau,rail,8354
2025-07-15,rail_tebrau,rail,7956
2025-07-16,rail_tebrau,rail,8237
2025-07-17,rail_tebrau,rail,8760
2025-07-18,rail_tebrau,rail,9516
2025-07-19,rail_tebrau,rail,8460
2025-07-20,rail_tebrau,rail,6989
2025-07-21,rail_tebrau,rail,8271
2025-07-22,rail_tebrau,rail,8142
2025-07-23,rail_tebrau,rail,8226
2025-07-24,rail_tebrau,rail,8272
2025-07-25,rail_tebrau,rail,9640
2025-07-26,rail_tebrau,rail,8559
2025-07-27,rail_tebrau,rail,7152
2025-07-28,rail_tebrau,rail,8275
2025-07-29,rail_tebrau,rail,8138
2025-07-30,rail_tebrau,rail,8356
2025-07-31,rail_tebrau,rail,8268
2025-08-01,rail_tebrau,rail,9492
2025-08-02,rail_tebrau,rail,8471
2025-08-03,rail_tebrau,rail,6975
2025-08-04,rail_tebrau,rail,8215
2025-08-05,rail_tebrau,rail,8259
2025-08-06,rail_tebrau,rail,8393
2025-08-07,rail_tebrau,rail,8857
2025-08-08,rail_tebrau,rail,9264
2025-08-09,rail_tebrau,rail,8153
2025-08-10,rail_tebrau,rail,7367
2025-08-11,rail_tebrau,rail,8244
2025-08-12,rail_tebrau,rail,8871
2025-08-13,rail_tebrau,rail,8823
2025-08-14,rail_tebrau,rail,8717
2025-08-15,rail_tebrau,rail,9506
2025-08-16,rail_tebrau,rail,8570
2025-08-17,rail_tebrau,rail,7239
2025-08-18,rail_tebrau,rail,8586
2025-08-19,rail_tebrau,rail,8313
2025-08-20,rail_tebrau,rail,8263
2025-08-21,rail_tebrau,rail,8754
2025-08-22,rail_tebrau,rail,9354
2025-08-23,rail_tebrau,rail,8404
2025-08-24,rail_tebrau,rail,6859
2025-08-25,rail_tebrau,rail,8422
2025-08-26,rail_tebrau,rail,8065
2025-08-27,rail_tebrau,rail,8144
2025-08-28,rail_tebrau,rail,8937
2025-08-29,rail_tebrau,rail,9490
2025-08-30,rail_tebrau,rail,8615
2025-08-31,rail_tebrau,rail,7224
2025-09-01,rail_tebrau,rail,8537
2025-09-02,rail_tebrau,rail,8047
2025-09-03,rail_tebrau,rail,8322
2025-09-04,rail_tebrau,rail,8896
2025-09-05,rail_tebrau,rail,9707
2025-09-06,rail_tebrau,rail,8698
2025-09-07,rail_tebrau,rail,7638
2025-09-08,rail_tebrau,rail,8711
2025-09-09,rail_tebrau,rail,9235
2025-09-10,rail_tebrau,rail,9334
2025-09-11,rail_tebrau,rail,9018
2025-09-12,rail_tebrau,rail,9817
2025-09-13,rail_tebrau,rail,8561
2025-09-14,rail_tebrau,rail,7704
2025-09-15,rail_tebrau,rail,8996
2025-09-16,rail_tebrau,rail,9108
2025-09-17,rail_tebrau,rail,8620
2025-09-18,rail_tebrau,rail,8411
2025-09-19,rail_tebrau,rail,9381
2025-09-20,rail_tebrau,rail,8007
2025-09-21,rail_tebrau,rail,6832
2025-09-22,rail_tebrau,rail,8225
2025-09-23,rail_tebrau,rail,8311
2025-09-24,rail_tebrau,rail,7907
2025-09-25,rail_tebrau,rail,8680
2025-09-26,rail_tebrau,rail,9443
2025-09-27,rail_tebrau,rail,8324
2025-09-28,rail_tebrau,rail,7080
2025-09-29,rail_tebrau,rail,8263
2025-09-30,rail_tebrau,rail,8471
2025-10-01,rail_tebrau,rail,8523
2025-10-02,rail_tebrau,rail,8934
2025-10-03,rail_tebrau,rail,9959
2025-10-04,rail_tebrau,rail,8815
2025-10-05,rail_tebrau,rail,7246
2025-10-06,rail_tebrau,rail,8280
2025-10-07,rail_tebrau,rail,8258
2025-10-08,rail_tebrau,rail,8278
2025-10-09,rail_tebrau,rail,8216
2025-10-10,rail_tebrau,rail,9323
2025-10-11,rail_tebrau,rail,8495
2025-10-12,rail_tebrau,rail,7269
2025-10-13,rail_tebrau,rail,8420
2025-10-14,rail_tebrau,rail,8521
2025-10-15,rail_tebrau,rail,8586
2025-10-16,rail_tebrau,rail,8689
2025-10-17,rail_tebrau,rail,9452
2025-10-18,rail_tebrau,rail,8975
2025-10-19,rail_tebrau,rail,8191
2025-10-20,rail_tebrau,rail,7146
2025-10-21,rail_tebrau,rail,8537
2025-10-22,rail_tebrau,rail,8189
2025-10-23,rail_tebrau,rail,8049
2025-10-24,rail_tebrau,rail,9356
2025-10-25,rail_tebrau,rail,8103
2025-10-26,rail_tebrau,rail,6693
2025-10-27,rail_tebrau,rail,8072
2025-10-28,rail_tebrau,rail,8102
2025-10-29,rail_tebrau,rail,8025
2025-10-30,rail_tebrau,rail,8051
2025-10-31,rail_tebrau,rail,9485
2025-11-01,rail_tebrau,rail,8171
2025-11-02,rail_tebrau,rail,6964
2025-11-03,rail_tebrau,rail,8039
2025-11-04,rail_tebrau,rail,7848
2025-11-05,rail_tebrau,rail,7991
2025-11-06,rail_tebrau,rail,8109
2025-11-07,rail_tebrau,rail,9468
2025-11-08,rail_tebrau,rail,8275
2025-11-09,rail_tebrau,rail,6901
2025-11-10,rail_tebrau,rail,8214
2025-11-11,rail_tebrau,rail,8239
2025-11-12,rail_tebrau,rail,8194
2025-11-13,rail_tebrau,rail,8275
2025-11-14,rail_tebrau,rail,9484
2025-11-15,rail_tebrau,rail,8266
2025-11-16,rail_tebrau,rail,6899
2025-11-17,rail_tebrau,rail,8272
2025-11-18,rail_tebrau,rail,8396
2025-11-19,rail_tebrau,rail,8333
2025-11-20,rail_tebrau,rail,8537
2025-11-21,rail_tebrau,rail,9554
2025-11-22,rail_tebrau,rail,8659
2025-11-23,rail_tebrau,rail,7206
2025-11-24,rail_tebrau,rail,8422
2025-11-25,rail_tebrau,rail,8707
2025-11-26,rail_tebrau,rail,8808
2025-11-27,rail_tebrau,rail,8889
2025-11-28,rail_tebrau,rail,9968
2025-11-29,rail_tebrau,rail,8991
2025-11-30,rail_tebrau,rail,7722
2025-12-01,rail_tebrau,rail,8650
2025-12-02,rail_tebrau,rail,8784
2025-12-03,rail_tebrau,rail,8948
2025-12-04,rail_tebrau,rail,8725
2025-12-05,rail_tebrau,rail,9801
2025-12-06,rail_tebrau,rail,8643
2025-12-07,rail_tebrau,rail,7542
2025-12-08,rail_tebrau,rail,9076
2025-12-09,rail_tebrau,rail,9172
2025-12-10,rail_tebrau,rail,9239
2025-12-11,rail_tebrau,rail,9735
2025-12-12,rail_tebrau,rail,9848
2025-12-13,rail_tebrau,rail,8855
2025-12-14,rail_tebrau,rail,7830
2025-12-15,rail_tebrau,rail,8676
2025-12-16,rail_tebrau,rail,9338
2025-12-17,rail_tebrau,rail,9647
2025-12-18,rail_tebrau,rail,9223
2025-12-19,rail_tebrau,rail,9987
2025-12-20,rail_tebrau,rail,8936
2025-12-21,rail_tebrau,rail,8099
2025-12-22,rail_tebrau,rail,9773
2025-12-23,rail_tebrau,rail,9337
2025-12-24,rail_tebrau,rail,9975
2025-12-25,rail_tebrau,rail,9191
2025-12-26,rail_tebrau,rail,9329
2025-12-27,rail_tebrau,rail,9399
2025-12-28,rail_tebrau,rail,8585
2025-12-29,rail_tebrau,rail,9060
2025-12-30,rail_tebrau,rail,9941
2025-12-31,rail_tebrau,rail,9970
2026-01-01,rail_tebrau,rail,7675
2026-01-02,rail_tebrau,rail,9939
2026-01-03,rail_tebrau,rail,8682
2026-01-04,rail_tebrau,rail,7157
2026-01-05,rail_tebrau,rail,8381
2026-01-06,rail_tebrau,rail,8621
2026-01-07,rail_tebrau,rail,8712
2026-01-08,rail_tebrau,rail,8331
2026-01-09,rail_tebrau,rail,9596
2026-01-10,rail_tebrau,rail,8468
2026-01-11,rail_tebrau,rail,6733
2026-01-12,rail_tebrau,rail,8140
2026-01-13,rail_tebrau,rail,8092
2026-01-14,rail_tebrau,rail,8123
2026-01-15,rail_tebrau,rail,8159
2026-01-16,rail_tebrau,rail,9465
2026-01-17,rail_tebrau,rail,8476
2026-01-18,rail_tebrau,rail,6780
2026-01-19,rail_tebrau,rail,8086
2026-01-20,rail_tebrau,rail,8048
2026-01-21,rail_tebrau,rail,8235
2026-01-22,rail_tebrau,rail,8280
2026-01-23,rail_tebrau,rail,9446
2026-01-24,rail_tebrau,rail,8549
2026-01-25,rail_tebrau,rail,7000
2026-01-26,rail_tebrau,rail,8252
2026-01-27,rail_tebrau,rail,8341
2026-01-28,rail_tebrau,rail,8528
2026-01-29,rail_tebrau,rail,8490
2026-01-30,rail_tebrau,rail,9559
2026-01-31,rail_tebrau,rail,8644
2026-02-01,rail_tebrau,rail,7369
2026-02-02,rail_tebrau,rail,8519
2026-02-03,rail_tebrau,rail,8579
2026-02-04,rail_tebrau,rail,8516
2026-02-05,rail_tebrau,rail,8533
2026-02-06,rail_tebrau,rail,9562
2026-02-07,rail_tebrau,rail,8712
2026-02-08,rail_tebrau,rail,7432
2026-02-09,rail_tebrau,rail,8429
2026-02-10,rail_tebrau,rail,8853
2026-02-11,rail_tebrau,rail,9253
2026-02-12,rail_tebrau,rail,9042
2026-02-13,rail_tebrau,rail,9450
2026-02-14,rail_tebrau,rail,8657
2026-02-15,rail_tebrau,rail,8597
2026-02-16,rail_tebrau,rail,8423
2026-02-17,rail_tebrau,rail,8306
2026-02-18,rail_tebrau,rail,7891
2026-02-19,rail_tebrau,rail,8190
2026-02-20,rail_tebrau,rail,9745
2026-02-21,rail_tebrau,rail,8054
2026-02-22,rail_tebrau,rail,6750
2026-02-23,rail_tebrau,rail,7885
2026-02-24,rail_tebrau,rail,8282
2026-02-25,rail_tebrau,rail,8182
2026-02-26,rail_tebrau,rail,7761
2026-02-27,rail_tebrau,rail,9565
2026-02-28,rail_tebrau,rail,8171
2026-03-01,rail_tebrau,rail,6737
2026-03-02,rail_tebrau,rail,8088
2026-03-03,rail_tebrau,rail,8148
2026-03-04,rail_tebrau,rail,8588
2026-03-05,rail_tebrau,rail,8632
2026-03-06,rail_tebrau,rail,9767
2026-03-07,rail_tebrau,rail,8789
2026-03-08,rail_tebrau,rail,7449
2026-03-09,rail_tebrau,rail,8401
2026-03-10,rail_tebrau,rail,8621
2026-03-11,rail_tebrau,rail,8838
2026-03-12,rail_tebrau,rail,8822
2026-03-13,rail_tebrau,rail,9593
2026-03-14,rail_tebrau,rail,8786
2026-03-15,rail_tebrau,rail,7905
2026-03-16,rail_tebrau,rail,8818
2026-03-17,rail_tebrau,rail,9589
2026-03-18,rail_tebrau,rail,9760
2026-03-19,rail_tebrau,rail,9317
2026-03-20,rail_tebrau,rail,9985
2026-03-21,rail_tebrau,rail,8663
2026-03-22,rail_tebrau,rail,7981
2026-03-23,rail_tebrau,rail,8720
2026-03-24,rail_tebrau,rail,9089
2026-03-25,rail_tebrau,rail,9172
2026-03-26,rail_tebrau,rail,8706
2026-03-27,rail_tebrau,rail,9741
2026-03-28,rail_tebrau,rail,8883
2026-03-29,rail_tebrau,rail,7234
2026-03-30,rail_tebrau,rail,8336
2026-03-31,rail_tebrau,rail,8426
2026-04-01,rail_tebrau,rail,8840
2026-04-02,rail_tebrau,rail,8794
2026-04-03,rail_tebrau,rail,8298
2026-04-04,rail_tebrau,rail,8375
2026-04-05,rail_tebrau,rail,6926
2026-04-06,rail_tebrau,rail,8223
2026-04-07,rail_tebrau,rail,8335
2026-04-08,rail_tebrau,rail,8279
2026-04-09,rail_tebrau,rail,8374
2026-04-10,rail_tebrau,rail,9640
2026-04-11,rail_tebrau,rail,8708
2026-04-12,rail_tebrau,rail,6982
2026-04-13,rail_tebrau,rail,8218
2026-04-14,rail_tebrau,rail,8392
2026-04-15,rail_tebrau,rail,8513
2026-04-16,rail_tebrau,rail,8443
2026-04-17,rail_tebrau,rail,9554
2026-04-18,rail_tebrau,rail,8582
2026-04-19,rail_tebrau,rail,6940
2026-04-20,rail_tebrau,rail,8305
2026-04-21,rail_tebrau,rail,8214
2026-04-22,rail_tebrau,rail,8330
2026-04-23,rail_tebrau,rail,8290
2026-04-24,rail_tebrau,rail,9591
2026-04-25,rail_tebrau,rail,8385
2026-04-26,rail_tebrau,rail,7115
2026-04-27,rail_tebrau,rail,8435
2026-04-28,rail_tebrau,rail,8439
2026-04-29,rail_tebrau,rail,9185
2026-04-30,rail_tebrau,rail,9108
2026-05-01,rail_tebrau,rail,8735
2026-05-02,rail_tebrau,rail,8747
2026-05-03,rail_tebrau,rail,7412
2026-05-04,rail_tebrau,rail,8324
2026-05-05,rail_tebrau,rail,8404
2026-05-06,rail_tebrau,rail,8375
2026-05-07,rail_tebrau,rail,8368
2026-05-08,rail_tebrau,rail,9518
2026-05-09,rail_tebrau,rail,8551
2026-05-10,rail_tebrau,rail,6806
2026-05-11,rail_tebrau,rail,8327
2026-05-12,rail_tebrau,rail,8359
2026-05-13,rail_tebrau,rail,8414
2026-05-14,rail_tebrau,rail,8717
2026-05-15,rail_tebrau,rail,9590
2026-05-16,rail_tebrau,rail,8508
2026-05-17,rail_tebrau,rail,6967
2026-05-18,rail_tebrau,rail,8322
2026-05-19,rail_tebrau,rail,8284
2026-05-20,rail_tebrau,rail,8433
2026-05-21,rail_tebrau,rail,8384
2026-05-22,rail_tebrau,rail,9604
2026-05-23,rail_tebrau,rail,8508
2026-05-24,rail_tebrau,rail,7272
2026-05-25,rail_tebrau,rail,9232
2026-05-26,rail_tebrau,rail,9677
2026-05-27,rail_tebrau,rail,8013
2026-05-28,rail_tebrau,rail,9910
2026-05-29,rail_tebrau,rail,9962
2026-05-30,rail_tebrau,rail,9207
2026-05-31,rail_tebrau,rail,8854
2026-06-01,rail_tebrau,rail,8778
2026-06-02,rail_tebrau,rail,9386
2026-06-03,rail_tebrau,rail,9340
2026-06-04,rail_tebrau,rail,9679
2026-06-05,rail_tebrau,rail,9709
2026-06-06,rail_tebrau,rail,8787
2026-06-07,rail_tebrau,rail,7541
2026-06-08,rail_tebrau,rail,9308
2026-06-09,rail_tebrau,rail,9129
2026-06-10,rail_tebrau,rail,9216
2026-06-11,rail_tebrau,rail,9540
2026-06-12,rail_tebrau,rail,9795
2026-06-13,rail_tebrau,rail,8707
2026-06-14,rail_tebrau,rail,7556
2026-06-15,rail_tebrau,rail,9219
2026-06-16,rail_tebrau,rail,9274
2026-06-17,rail_tebrau,rail,9607
2026-06-18,rail_tebrau,rail,9711
2026-06-19,rail_tebrau,rail,9880
2026-06-20,rail_tebrau,rail,8639
2026-06-21,rail_tebrau,rail,7512
2026-06-22,rail_tebrau,rail,9152
2026-06-23,rail_tebrau,rail,9164
2026-06-24,rail_tebrau,rail,9358
2026-06-25,rail_tebrau,rail,9518
2026-06-26,rail_tebrau,rail,9865
2026-06-27,rail_tebrau,rail,8543
2026-06-28,rail_tebrau,rail,7225
2026-06-29,rail_tebrau,rail,8877
2026-06-30,rail_tebrau,rail,8610
2026-07-01,rail_tebrau,rail,8593
2026-07-02,rail_tebrau,rail,9030
2026-07-03,rail_tebrau,rail,9571
2026-07-04,rail_tebrau,rail,8711
2026-07-05,rail_tebrau,rail,7141
2026-07-06,rail_tebrau,rail,8851
2026-07-07,rail_tebrau,rail,8607
2026-07-08,rail_tebrau,rail,8543
2026-07-09,rail_tebrau,rail,9021
2026-07-10,rail_tebrau,rail,9570
2026-07-11,rail_tebrau,rail,8403
2026-07-12,rail_tebrau,rail,7079
2026-07-13,rail_tebrau,rail,8870
2026-07-14,rail_tebrau,rail,8667
2026-07-15,rail_tebrau,rail,8669
2026-07-16,rail_tebrau,rail,9028
2026-07-17,rail_tebrau,rail,9658
2026-07-18,rail_tebrau,rail,8577
2026-07-19,rail_tebrau,rail,7066
2026-07-20,rail_tebrau,rail,8398
2026-07-21,rail_tebrau,rail,8552
2026-07-22,rail_tebrau,rail,8413
2026-07-23,rail_tebrau,rail,8414
2026-07-24,rail_tebrau,rail,9698
2026-07-25,rail_tebrau,rail,8548
2026-07-26,rail_tebrau,rail,7335
2026-07-27,rail_tebrau,rail,8471
2026-07-28,rail_tebrau,rail,8539
2026-07-29,rail_tebrau,rail,8695
2026-07-30,rail_tebrau,rail,8520
2026-07-31,rail_tebrau,rail,9750
